0	2	289
1	2	1070
2	0	2907
2	1	1797
3	0	2907
3	1	2420
4	2	2585
5	2	1314
6	2	2563
7	2	1701
8	2	1106
9	0	1545
9	1	1797
10	2	890
11	2	2525
12	2	3175
13	2	1793
14	2	2304
15	2	457
16	0	2907
16	1	2865
17	0	2907
17	1	1305
18	2	1402
19	0	2773
19	1	1305
20	2	605
21	0	493
21	1	1879
22	2	228
23	2	833
24	2	550
25	2	3361
26	2	2554
27	2	429
28	2	1583
29	2	3451
30	2	1817
31	0	2907
31	1	1402
32	0	2773
32	1	2865
33	2	374
34	2	3263
35	2	1572
36	0	1545
36	1	2865
37	2	1349
38	0	677
38	1	2904
39	0	677
39	1	1879
40	2	1510
41	2	684
42	2	646
43	2	2300
44	0	3320
44	1	2420
45	0	2773
45	1	605
46	2	3108
47	0	624
47	1	2420
48	0	2094
48	1	1797
49	2	1642
50	2	1472
51	2	1949
52	0	624
52	1	1797
53	2	1908
54	2	201
55	0	2907
55	1	2860
56	0	267
56	1	2420
57	2	3174
58	2	2891
59	2	1278
60	0	2907
60	1	1701
61	0	1545
61	1	969
62	2	2120
63	2	2308
64	0	2773
64	1	2138
65	0	461
65	1	1402
66	2	790
67	2	1441
68	0	2773
68	1	2711
69	2	2493
70	2	2526
71	2	2849
72	2	1653
73	2	78
74	0	2773
74	1	3451
75	2	1061
76	0	3228
76	1	1797
77	2	3436
78	0	2907
78	1	3403
79	0	624
79	1	2711
80	2	3280
81	0	1975
81	1	3451
82	0	461
82	1	153
83	0	1124
83	1	457
84	2	1351
85	0	996
85	1	2711
86	0	461
86	1	605
87	0	329
87	1	1106
88	2	2672
89	0	1545
89	1	3181
90	0	1819
90	1	1797
91	0	996
91	1	1725
92	0	2907
92	1	3019
93	0	2773
93	1	3019
94	2	3484
95	2	3062
96	2	773
97	2	939
98	2	1506
99	0	2907
99	1	3121
100	0	996
100	1	1402
101	0	2773
101	1	1725
102	0	3471
102	1	2420
103	0	624
103	1	2138
104	2	385
105	0	1243
105	1	2588
106	0	3320
106	1	1797
107	0	2907
107	1	1349
108	0	2422
108	1	605
109	0	624
109	1	289
110	0	1726
110	1	2865
111	2	2949
112	0	1545
112	1	1879
113	2	1713
114	2	804
115	2	1011
116	2	3467
117	0	342
117	1	3181
118	2	527
119	0	2053
119	1	1305
120	2	164
121	0	2907
121	1	1817
122	0	624
122	1	969
123	2	1364
124	0	1319
124	1	2420
125	0	2907
125	1	164
126	2	2934
127	0	996
127	1	2138
128	2	1963
129	0	461
129	1	2904
130	2	2380
131	2	154
132	0	1319
132	1	457
133	2	1762
134	0	2773
134	1	2143
135	2	3067
136	0	3215
136	1	1797
137	0	1545
137	1	699
138	2	1490
139	2	3205
140	0	2907
140	1	699
141	2	259
142	2	944
143	0	240
143	1	605
144	0	2094
144	1	1070
145	2	2191
146	0	2907
146	1	109
147	2	1497
148	2	3294
149	0	1159
149	1	605
150	2	3015
151	0	1216
151	1	1305
152	2	17
153	2	3478
154	0	1611
154	1	2420
155	0	2907
155	1	530
156	0	2907
156	1	1640
157	0	3228
157	1	289
158	0	677
158	1	2711
159	2	1773
160	0	1726
160	1	2420
161	0	624
161	1	457
162	0	2773
162	1	1701
163	2	476
164	0	1243
164	1	2420
165	0	2053
165	1	2865
166	0	2773
166	1	1817
167	0	1680
167	1	457
168	0	995
168	1	828
169	2	2943
170	0	2773
170	1	1879
171	2	1221
172	0	2907
172	1	1317
173	0	1545
173	1	1349
174	0	329
174	1	749
175	2	2126
176	2	3076
177	0	1975
177	1	2420
178	2	1733
179	2	1371
180	0	2907
180	1	1229
181	2	1085
182	2	1318
183	2	1436
184	0	2422
184	1	1305
185	0	677
185	1	1701
186	0	342
186	1	3403
187	0	1020
187	1	302
188	0	2861
188	1	2420
189	0	2907
189	1	3266
190	0	1545
190	1	620
191	2	2450
192	2	2915
193	0	2053
193	1	1701
194	0	44
194	1	1797
195	0	2773
195	1	3403
196	2	1015
197	2	880
198	2	2078
199	2	1495
200	0	2966
200	1	1106
201	2	891
202	2	502
203	2	2393
204	0	329
204	1	3403
205	2	1971
206	0	3471
206	1	1070
207	2	2896
208	2	2399
209	0	1159
209	1	1402
210	2	2632
211	2	2440
212	2	1907
213	0	806
213	1	2420
214	0	3471
214	1	1305
215	0	2773
215	1	164
216	0	3098
216	1	1879
217	2	236
218	2	3335
219	2	2754
220	0	461
220	1	890
221	0	2773
221	1	3263
222	2	991
223	0	1545
223	1	3451
224	2	3102
225	0	1124
225	1	2420
226	2	2306
227	2	307
228	0	2083
228	1	1797
229	0	461
229	1	289
230	0	2094
230	1	790
231	2	3332
232	2	2273
233	0	3228
233	1	2138
234	2	577
235	0	2907
235	1	1348
236	2	714
237	0	2773
237	1	1640
238	0	329
238	1	3181
239	2	3333
240	2	3166
241	0	2861
241	1	1797
242	0	2422
242	1	1642
243	0	461
243	1	1642
244	0	2094
244	1	2138
245	2	702
246	0	2773
246	1	530
247	0	461
247	1	3174
248	2	3104
249	2	1014
250	0	2053
250	1	1879
251	0	1159
251	1	1797
252	0	2662
252	1	1797
253	0	3228
253	1	1642
254	0	1786
254	1	457
255	0	3320
255	1	2865
256	0	303
256	1	1879
257	0	677
257	1	454
258	2	1623
259	0	2094
259	1	2904
260	0	2094
260	1	3451
261	2	1567
262	0	1545
262	1	890
263	0	3477
263	1	2420
264	2	2227
265	0	2487
265	1	2420
266	0	1877
266	1	457
267	0	3177
267	1	2063
268	2	1607
269	0	3228
269	1	1879
270	2	204
271	2	1427
272	2	2851
273	0	3320
273	1	2860
274	2	954
275	2	1505
276	2	83
277	2	3315
278	2	1634
279	0	1975
279	1	605
280	2	2981
281	2	2779
282	0	2907
282	1	828
283	0	2773
283	1	1314
284	0	2907
284	1	3108
285	2	2737
286	2	323
287	0	1545
287	1	302
288	2	2836
289	2	786
290	2	1732
291	0	1927
291	1	1106
292	2	1712
293	0	677
293	1	2143
294	2	763
295	2	3305
296	2	2000
297	0	1415
297	1	1797
298	0	2608
298	1	2904
299	0	1308
299	1	1879
300	0	1726
300	1	790
301	0	624
301	1	1701
302	2	2190
303	2	23
304	0	2094
304	1	890
305	0	1927
305	1	457
306	0	624
306	1	530
307	0	329
307	1	1583
308	0	1159
308	1	2865
309	0	995
309	1	1797
310	2	1028
311	0	2608
311	1	3263
312	0	2907
312	1	2525
313	2	3300
314	2	1626
315	2	2290
316	0	2608
316	1	1070
317	0	677
317	1	2420
318	2	321
319	0	1330
319	1	1797
320	0	2083
320	1	2420
321	2	1674
322	2	1688
323	2	3290
324	0	1308
324	1	1797
325	0	44
325	1	2420
326	0	1124
326	1	1797
327	2	2522
328	0	677
328	1	3181
329	0	3391
329	1	1879
330	0	329
330	1	1797
331	2	1566
332	0	2773
332	1	1349
333	2	3032
334	0	303
334	1	2904
335	0	1545
335	1	790
336	0	3228
336	1	2904
337	0	572
337	1	1725
338	2	1290
339	2	371
340	0	1975
340	1	2865
341	0	2524
341	1	1797
342	2	74
343	0	1545
343	1	1317
344	0	1207
344	1	457
345	0	461
345	1	2860
346	2	2838
347	0	624
347	1	302
348	0	1689
348	1	1879
349	0	996
349	1	969
350	2	3080
351	2	609
352	2	3109
353	2	2505
354	0	1689
354	1	1070
355	2	819
356	2	445
357	0	1680
357	1	2138
358	2	845
359	2	1475
360	0	2094
360	1	1402
361	2	2197
362	0	245
362	1	969
363	0	2907
363	1	277
364	0	2907
364	1	271
365	0	1975
365	1	1314
366	2	2659
367	2	2257
368	0	1159
368	1	2420
369	2	352
370	0	3228
370	1	699
371	2	772
372	0	2907
372	1	2623
373	0	2053
373	1	2860
374	0	1689
374	1	1305
375	2	3088
376	2	2287
377	0	3296
377	1	2063
378	2	1570
379	0	1689
379	1	1402
380	0	2773
380	1	828
381	2	2429
382	0	2907
382	1	2160
383	0	2422
383	1	620
384	0	3228
384	1	605
385	0	2773
385	1	271
386	2	2573
387	2	1110
388	2	2480
389	0	2053
389	1	3121
390	0	2094
390	1	1817
391	0	3228
391	1	3121
392	0	327
392	1	1070
393	2	3465
394	0	461
394	1	3121
395	2	8
396	0	1680
396	1	153
397	0	1308
397	1	620
398	0	1726
398	1	1402
399	0	1975
399	1	2860
400	0	1532
400	1	1106
401	0	1545
401	1	2224
402	2	260
403	2	3018
404	2	1651
405	2	777
406	2	1003
407	0	1680
407	1	1026
408	0	3296
408	1	749
409	0	1246
409	1	1642
410	0	677
410	1	3341
411	2	1410
412	2	122
413	2	1027
414	0	677
414	1	3062
415	0	1545
415	1	1642
416	0	2076
416	1	1070
417	2	2377
418	2	2742
419	2	75
420	0	3177
420	1	1583
421	2	1053
422	2	1479
423	2	1338
424	0	2907
424	1	1881
425	0	2422
425	1	109
426	2	2752
427	2	1374
428	0	624
428	1	2865
429	2	3370
430	0	2053
430	1	605
431	2	545
432	2	384
433	0	2422
433	1	2143
434	2	1339
435	0	3302
435	1	1314
436	0	1159
436	1	457
437	2	3206
438	0	2907
438	1	2196
439	0	303
439	1	1106
440	2	2426
441	0	267
441	1	605
442	0	677
442	1	699
443	0	2053
443	1	620
444	0	1689
444	1	969
445	0	1159
445	1	3135
446	0	1159
446	1	3403
447	2	1331
448	2	3
449	2	1736
450	0	2907
450	1	1303
451	2	3027
452	0	1330
452	1	1402
453	0	1819
453	1	3451
454	2	3173
455	2	1787
456	0	1680
456	1	1402
457	0	2932
457	1	221
458	2	2586
459	0	461
459	1	1881
460	0	2094
460	1	2224
461	2	2070
462	2	818
463	0	2608
463	1	1701
464	0	303
464	1	2711
465	0	624
465	1	1317
466	2	2066
467	0	806
467	1	1797
468	0	2773
468	1	3205
469	2	936
470	0	1020
470	1	2143
471	0	2907
471	1	2818
472	0	3302
472	1	1701
473	0	1243
473	1	1797
474	0	1159
474	1	1879
475	2	1471
476	2	2805
477	2	2179
478	0	1763
478	1	457
479	0	1680
479	1	2420
480	0	493
480	1	1402
481	0	2907
481	1	2899
482	0	2422
482	1	2138
483	0	624
483	1	2300
484	2	654
485	2	2012
486	0	2094
486	1	164
487	2	780
488	2	707
489	2	2689
490	0	1368
490	1	3181
491	2	627
492	0	2907
492	1	2224
493	0	3320
493	1	1640
494	2	2473
495	0	624
495	1	109
496	2	1582
497	0	1159
497	1	1701
498	2	238
499	0	677
499	1	2300
500	2	3371
501	0	1243
501	1	969
502	2	2124
503	2	434
504	2	1323
505	2	3278
506	2	1675
507	2	2889
508	2	242
509	0	3302
509	1	1879
510	0	3471
510	1	1106
511	0	1975
511	1	3019
512	0	1124
512	1	2865
513	0	2773
513	1	2899
514	0	1877
514	1	620
515	2	1690
516	2	578
517	2	1306
518	2	1870
519	0	624
519	1	2672
520	0	624
520	1	2891
521	2	918
522	2	3070
523	2	2960
524	2	1394
525	0	3485
525	1	2711
526	2	1558
527	2	2130
528	0	624
528	1	3341
529	0	869
529	1	3121
530	2	22
531	2	1962
532	2	560
533	2	1848
534	0	342
534	1	2711
535	0	3296
535	1	3403
536	0	477
536	1	1402
537	0	1243
537	1	289
538	0	1689
538	1	289
539	0	1385
539	1	620
540	0	572
540	1	699
541	2	834
542	0	1368
542	1	1402
543	0	677
543	1	1417
544	0	1545
544	1	277
545	0	1689
545	1	620
546	0	1975
546	1	1879
547	2	142
548	2	2516
549	0	2422
549	1	1229
550	2	3106
551	2	2502
552	0	2773
552	1	3280
553	2	3164
554	2	368
555	0	572
555	1	1642
556	2	2661
557	2	1164
558	0	240
558	1	620
559	0	2422
559	1	164
560	0	303
560	1	289
561	0	2966
561	1	1026
562	2	1080
563	0	1159
563	1	1026
564	2	1212
565	2	1082
566	0	996
566	1	3403
567	2	185
568	2	1812
569	2	3001
570	2	216
571	2	3408
572	2	1367
573	2	3079
574	2	1551
575	2	3128
576	0	2053
576	1	2138
577	2	1431
578	0	1927
578	1	1402
579	0	996
579	1	3121
580	0	995
580	1	68
581	0	2369
581	1	2865
582	2	328
583	2	1576
584	2	2730
585	2	3039
586	0	2966
586	1	969
587	2	1259
588	0	3215
588	1	969
589	0	267
589	1	457
590	2	2266
591	0	340
591	1	1797
592	2	694
593	0	3302
593	1	620
594	0	2094
594	1	3379
595	2	1125
596	2	1396
597	2	1063
598	2	1668
599	0	2907
599	1	991
600	0	677
600	1	2644
601	2	3204
602	0	2966
602	1	1441
603	0	1689
603	1	1348
604	0	2094
604	1	109
605	0	2773
605	1	1303
606	2	95
607	0	2369
607	1	605
608	2	2693
609	2	860
610	2	636
611	2	1970
612	2	952
613	0	2966
613	1	153
614	2	1257
615	0	905
615	1	2904
616	0	1594
616	1	2420
617	0	2907
617	1	2668
618	2	2618
619	0	677
619	1	277
620	0	677
620	1	1817
621	2	2567
622	2	468
623	0	1545
623	1	454
624	0	624
624	1	3224
625	2	440
626	0	3302
626	1	2860
627	0	1689
627	1	3135
628	0	1975
628	1	1642
629	0	3228
629	1	1026
630	0	1927
630	1	1314
631	2	1684
632	2	1876
633	0	2907
633	1	2116
634	2	232
635	2	20
636	2	1253
637	0	1243
637	1	2904
638	0	672
638	1	2222
639	0	2094
639	1	457
640	0	2094
640	1	1349
641	0	2094
641	1	3121
642	0	1216
642	1	289
643	2	395
644	0	2907
644	1	1015
645	0	303
645	1	2138
646	2	2544
647	2	1902
648	0	677
648	1	1026
649	0	677
649	1	1441
650	0	677
650	1	2327
651	0	1545
651	1	3108
652	0	1726
652	1	3403
653	0	624
653	1	2493
654	0	1207
654	1	1402
655	0	3302
655	1	1106
656	0	1124
656	1	605
657	2	2947
658	0	2496
658	1	1838
659	0	1734
659	1	605
660	2	3222
661	2	2498
662	2	559
663	0	2369
663	1	2860
664	0	493
664	1	790
665	0	2907
665	1	1676
666	0	3210
666	1	2420
667	0	677
667	1	2623
668	0	2053
668	1	3019
669	0	1243
669	1	1402
670	0	1927
670	1	2860
671	0	995
671	1	3379
672	2	1749
673	2	2897
674	0	1216
674	1	2865
675	2	989
676	2	2941
677	2	3055
678	0	3320
678	1	2138
679	0	677
679	1	3451
680	2	650
681	0	624
681	1	2196
682	2	428
683	2	2735
684	2	2421
685	2	660
686	2	1039
687	2	1676
688	0	2907
688	1	3291
689	0	2027
689	1	3403
690	0	267
690	1	2865
691	0	3026
691	1	605
692	2	1418
693	2	426
694	2	2358
695	2	2509
696	0	1975
696	1	1817
697	0	2094
697	1	1701
698	0	2094
698	1	833
699	0	1992
699	1	2420
700	0	3228
700	1	1725
701	0	572
701	1	1070
702	2	2987
703	2	292
704	2	2101
705	0	493
705	1	1305
706	2	2780
707	2	594
708	0	2288
708	1	1797
709	2	977
710	2	2609
711	0	941
711	1	2672
712	0	3302
712	1	2711
713	0	1975
713	1	890
714	2	92
715	2	1083
716	0	572
716	1	1106
717	0	572
717	1	2865
718	2	2010
719	0	1680
719	1	1642
720	0	240
720	1	2711
721	0	303
721	1	2282
722	2	975
723	0	677
723	1	455
724	0	3391
724	1	457
725	0	3391
725	1	1314
726	0	3302
726	1	2904
727	0	2966
727	1	620
728	2	2550
729	2	1156
730	0	1689
730	1	890
731	0	2094
731	1	2327
732	2	3343
733	0	2773
733	1	1026
734	2	415
735	2	2776
736	0	1680
736	1	3181
737	0	342
737	1	1881
738	2	555
739	2	889
740	0	329
740	1	2711
741	0	461
741	1	833
742	2	1175
743	0	3435
743	1	1106
744	0	1454
744	1	1402
745	2	3071
746	0	3456
746	1	1797
747	2	771
748	2	865
749	2	1554
750	2	1530
751	0	2907
751	1	2327
752	2	1206
753	0	677
753	1	25
754	2	3160
755	0	1545
755	1	1640
756	2	1324
757	0	624
757	1	2005
758	0	1502
758	1	1797
759	0	340
759	1	3108
760	2	2314
761	2	1420
762	2	3152
763	0	1819
763	1	2860
764	0	461
764	1	1472
765	0	3485
765	1	620
766	0	2773
766	1	3123
767	0	905
767	1	1106
768	2	2812
769	0	572
769	1	1349
770	0	572
770	1	1402
771	2	2395
772	2	1244
773	2	2911
774	2	1568
775	2	2642
776	0	2608
776	1	2672
777	0	2422
777	1	969
778	0	303
778	1	3403
779	2	611
780	0	1726
780	1	1314
781	0	624
781	1	78
782	2	1269
783	2	80
784	0	2966
784	1	2904
785	0	672
785	1	2222
786	0	672
786	1	2222
787	0	3471
787	1	2711
788	0	1819
788	1	1879
789	0	3184
789	1	1797
790	0	1927
790	1	3266
791	0	2773
791	1	2196
792	0	882
792	1	2224
793	2	1750
794	2	2799
795	2	93
796	0	3296
796	1	470
797	0	303
797	1	1797
798	0	1545
798	1	3205
799	0	2783
799	1	1797
800	2	313
801	2	2610
802	0	329
802	1	3135
803	0	2094
803	1	1441
804	0	1927
804	1	3121
805	2	1128
806	2	2998
807	0	1368
807	1	1797
808	0	768
808	1	1106
809	2	2822
810	0	2907
810	1	2979
811	0	2422
811	1	1701
812	0	2422
812	1	699
813	2	1622
814	0	624
814	1	236
815	2	2556
816	0	2966
816	1	530
817	0	2966
817	1	3121
818	0	869
818	1	530
819	0	672
819	1	2222
820	0	1819
820	1	109
821	0	1975
821	1	620
822	0	2773
822	1	2475
823	0	2773
823	1	3379
824	0	2773
824	1	3181
825	0	1871
825	1	969
826	2	2651
827	0	905
827	1	1879
828	2	1313
829	2	1777
830	2	1030
831	2	2988
832	2	898
833	0	2288
833	1	1106
834	0	2422
834	1	3135
835	2	1983
836	2	2920
837	0	677
837	1	2116
838	0	1726
838	1	3135
839	0	624
839	1	2781
840	2	1972
841	2	1986
842	0	3023
842	1	2420
843	2	3350
844	2	1173
845	2	2804
846	2	420
847	2	2145
848	2	3469
849	2	3424
850	0	3296
850	1	47
851	0	303
851	1	1817
852	2	2707
853	0	624
853	1	2934
854	0	624
854	1	1642
855	2	2821
856	0	44
856	1	2865
857	2	785
858	2	2050
859	2	2087
860	2	3037
861	0	715
861	1	1797
862	2	261
863	2	725
864	0	825
864	1	457
865	0	1917
865	1	2420
866	2	2594
867	0	3150
867	1	969
868	2	366
869	2	1610
870	2	1413
871	2	503
872	0	1763
872	1	2420
873	0	1680
873	1	470
874	0	3392
874	1	2138
875	0	2682
875	1	1797
876	0	1308
876	1	605
877	2	2871
878	0	1545
878	1	2818
879	0	1545
879	1	2455
880	2	2653
881	2	188
882	0	3023
882	1	605
883	2	1754
884	0	2053
884	1	1317
885	0	2053
885	1	3266
886	2	1485
887	0	806
887	1	1305
888	0	329
888	1	605
889	0	461
889	1	620
890	2	2142
891	2	1989
892	0	2496
892	1	1879
893	0	3228
893	1	1881
894	0	2334
894	1	1701
895	2	907
896	2	3268
897	2	1340
898	0	2773
898	1	1080
899	0	2773
899	1	455
900	0	327
900	1	2711
901	0	1385
901	1	109
902	2	2213
903	0	3150
903	1	3181
904	2	1437
905	2	3486
906	2	2797
907	2	1710
908	2	2503
909	2	3110
910	0	1720
910	1	2420
911	0	677
911	1	2899
912	0	1545
912	1	3341
913	0	624
913	1	2224
914	0	624
914	1	3123
915	0	1207
915	1	2063
916	2	1273
917	2	1307
918	0	1975
918	1	2904
919	0	1975
919	1	3181
920	0	2094
920	1	78
921	0	2094
921	1	304
922	0	3228
922	1	109
923	0	3228
923	1	1441
924	0	3228
924	1	3135
925	2	2893
926	0	2773
926	1	2224
927	0	905
927	1	1797
928	0	905
928	1	1441
929	2	2446
930	2	1178
931	0	3362
931	1	289
932	0	3150
932	1	2063
933	2	2622
934	2	723
935	2	1118
936	2	521
937	0	2608
937	1	2196
938	0	2369
938	1	890
939	0	493
939	1	2143
940	2	508
941	2	927
942	0	2422
942	1	3108
943	2	3089
944	0	677
944	1	620
945	0	1545
945	1	2714
946	0	3391
946	1	1402
947	0	829
947	1	2637
948	0	44
948	1	3451
949	2	214
950	2	2878
951	2	103
952	2	2419
953	0	3302
953	1	1725
954	0	3471
954	1	1402
955	0	1975
955	1	1640
956	2	1892
957	2	1078
958	2	848
959	2	854
960	0	3228
960	1	2672
961	2	1976
962	0	2773
962	1	2005
963	2	1188
964	0	3368
964	1	1797
965	0	1385
965	1	1441
966	0	572
966	1	2005
967	2	2906
968	2	471
969	2	2201
970	2	3065
971	2	447
972	2	280
973	2	752
974	2	3412
975	0	2608
975	1	2781
976	2	2875
977	2	1404
978	0	2907
978	1	25
979	0	240
979	1	3451
980	0	240
980	1	699
981	0	3320
981	1	3266
982	0	1911
982	1	3174
983	2	1835
984	0	677
984	1	1203
985	0	1545
985	1	2327
986	0	829
986	1	2934
987	2	784
988	2	1691
989	0	624
989	1	1229
990	0	624
990	1	2853
991	0	340
991	1	2420
992	0	340
992	1	969
993	2	1888
994	2	2905
995	2	851
996	0	3302
996	1	153
997	0	2053
997	1	1441
998	2	116
999	0	1689
999	1	1314
1000	0	1975
1000	1	153
1001	0	1975
1001	1	3205
1002	0	1159
1002	1	153
1003	0	3228
1003	1	530
1004	0	3228
1004	1	153
1005	2	3440
1006	0	3156
1006	1	1797
1007	2	3473
1008	2	1659
1009	2	692
1010	2	353
1011	2	3221
1012	2	3012
1013	0	1763
1013	1	605
1014	0	1763
1014	1	3181
1015	2	3148
1016	0	2608
1016	1	2224
1017	0	2369
1017	1	3451
1018	0	881
1018	1	1402
1019	2	807
1020	2	170
1021	0	624
1021	1	1838
1022	0	44
1022	1	969
1023	0	2053
1023	1	2934
1024	2	283
1025	2	1805
1026	0	1243
1026	1	605
1027	0	1243
1027	1	3451
1028	0	2094
1028	1	2899
1029	0	3228
1029	1	833
1030	0	1927
1030	1	3263
1031	0	2773
1031	1	856
1032	0	2773
1032	1	602
1033	0	996
1033	1	3019
1034	2	652
1035	0	1569
1035	1	289
1036	0	327
1036	1	1701
1037	2	1255
1038	0	3399
1038	1	1797
1039	2	3438
1040	0	1216
1040	1	457
1041	2	2894
1042	0	1786
1042	1	1026
1043	2	2192
1044	0	2608
1044	1	3019
1045	0	2369
1045	1	1305
1046	2	2795
1047	0	2907
1047	1	3294
1048	0	240
1048	1	289
1049	0	240
1049	1	1879
1050	2	2118
1051	0	267
1051	1	1106
1052	0	2244
1052	1	1070
1053	0	2914
1053	1	1583
1054	2	1449
1055	2	2650
1056	2	1804
1057	2	2630
1058	2	1438
1059	2	733
1060	0	2966
1060	1	289
1061	2	1223
1062	0	329
1062	1	581
1063	0	1124
1063	1	1642
1064	0	1124
1064	1	1402
1065	0	1124
1065	1	1879
1066	0	2094
1066	1	1841
1067	0	2094
1067	1	2294
1068	2	98
1069	0	1699
1069	1	3181
1070	0	3485
1070	1	1305
1071	2	2686
1072	2	2759
1073	0	2773
1073	1	2818
1074	0	996
1074	1	2475
1075	2	1746
1076	0	194
1076	1	289
1077	2	1279
1078	2	524
1079	2	579
1080	2	3417
1081	2	1942
1082	2	2827
1083	0	1216
1083	1	3263
1084	2	1131
1085	2	906
1086	0	493
1086	1	1314
1087	0	1020
1087	1	605
1088	0	2907
1088	1	602
1089	0	2288
1089	1	969
1090	0	3320
1090	1	1402
1091	0	2422
1091	1	856
1092	0	3223
1092	1	2525
1093	2	2802
1094	2	1923
1095	0	1545
1095	1	2899
1096	2	1538
1097	0	624
1097	1	1870
1098	0	659
1098	1	3379
1099	2	734
1100	0	751
1100	1	2420
1101	2	3103
1102	2	1148
1103	2	24
1104	2	3029
1105	2	3034
1106	0	1243
1106	1	2865
1107	0	1159
1107	1	790
1108	0	2094
1108	1	699
1109	0	3487
1109	1	289
1110	0	2607
1110	1	1402
1111	0	2496
1111	1	289
1112	2	666
1113	2	601
1114	0	2773
1114	1	1268
1115	0	951
1115	1	109
1116	0	120
1116	1	1287
1117	0	905
1117	1	457
1118	2	2600
1119	2	1578
1120	2	2577
1121	2	3304
1122	0	2888
1122	1	289
1123	0	915
1123	1	1879
1124	2	783
1125	0	1216
1125	1	620
1126	0	1680
1126	1	2904
1127	0	1680
1127	1	3135
1128	0	2332
1128	1	699
1129	2	1600
1130	0	2369
1130	1	289
1131	0	2369
1131	1	1879
1132	2	1439
1133	2	561
1134	2	128
1135	0	1545
1135	1	991
1136	0	624
1136	1	2873
1137	0	44
1137	1	3135
1138	0	44
1138	1	3121
1139	2	2697
1140	2	2679
1141	2	1548
1142	2	641
1143	2	1142
1144	2	2589
1145	2	857
1146	2	1038
1147	0	2053
1147	1	3379
1148	0	2966
1148	1	1317
1149	2	3083
1150	2	3136
1151	0	461
1151	1	2525
1152	0	6
1152	1	1879
1153	0	1532
1153	1	2865
1154	0	2094
1154	1	2526
1155	0	764
1155	1	2865
1156	0	1415
1156	1	2860
1157	0	3031
1157	1	1441
1158	2	1513
1159	2	1160
1160	0	3228
1160	1	3451
1161	2	1235
1162	0	351
1162	1	2420
1163	2	2489
1164	0	1073
1164	1	1879
1165	2	3385
1166	2	2210
1167	2	3111
1168	2	362
1169	0	768
1169	1	3181
1170	0	1680
1170	1	828
1171	2	356
1172	2	1455
1173	0	240
1173	1	2224
1174	0	3196
1174	1	457
1175	0	3296
1175	1	385
1176	0	2422
1176	1	1349
1177	2	412
1178	0	303
1178	1	2420
1179	2	1829
1180	0	677
1180	1	1100
1181	0	677
1181	1	3403
1182	2	1447
1183	2	223
1184	0	1545
1184	1	3294
1185	2	3211
1186	0	624
1186	1	1766
1187	0	624
1187	1	991
1188	0	2968
1188	1	1797
1189	0	3419
1189	1	2420
1190	2	171
1191	2	1630
1192	2	2034
1193	2	875
1194	0	1689
1194	1	828
1195	2	1592
1196	0	1819
1196	1	1229
1197	0	461
1197	1	3379
1198	0	461
1198	1	2005
1199	0	2094
1199	1	3062
1200	2	585
1201	2	2819
1202	0	3228
1202	1	991
1203	0	3485
1203	1	991
1204	0	3485
1204	1	3121
1205	2	54
1206	0	163
1206	1	1797
1207	0	905
1207	1	890
1208	0	1594
1208	1	3266
1209	0	1385
1209	1	454
1210	0	183
1210	1	2143
1211	2	1067
1212	2	3393
1213	0	3399
1213	1	530
1214	0	1216
1214	1	2138
1215	2	1816
1216	2	2751
1217	2	3066
1218	2	3197
1219	0	1763
1219	1	2249
1220	0	1763
1220	1	153
1221	0	1813
1221	1	1797
1222	2	172
1223	2	805
1224	0	493
1224	1	3135
1225	0	1020
1225	1	1402
1226	2	63
1227	0	2422
1227	1	1414
1228	2	1833
1229	0	3215
1229	1	1879
1230	0	3098
1230	1	2860
1231	0	677
1231	1	1841
1232	0	3391
1232	1	2904
1233	0	624
1233	1	181
1234	0	624
1234	1	1263
1235	2	357
1236	2	177
1237	0	44
1237	1	3181
1238	0	44
1238	1	2860
1239	2	3002
1240	2	397
1241	2	483
1242	0	2083
1242	1	3263
1243	0	2083
1243	1	2224
1244	0	3302
1244	1	530
1245	0	2053
1245	1	3123
1246	0	2053
1246	1	2904
1247	0	2966
1247	1	454
1248	2	3064
1249	2	441
1250	2	389
1251	0	1124
1251	1	2294
1252	0	2094
1252	1	2623
1253	0	2094
1253	1	1838
1254	2	976
1255	0	3306
1255	1	969
1256	0	3306
1256	1	699
1257	0	1927
1257	1	3341
1258	2	2746
1259	0	2773
1259	1	2644
1260	0	2773
1260	1	1414
1261	0	2773
1261	1	729
1262	0	1756
1262	1	1797
1263	2	118
1264	2	1179
1265	2	2432
1266	0	1611
1266	1	605
1267	0	1073
1267	1	2860
1268	2	1522
1269	0	1216
1269	1	2143
1270	2	1687
1271	0	1368
1271	1	1879
1272	2	1767
1273	2	1129
1274	2	541
1275	2	1897
1276	2	2807
1277	0	493
1277	1	1026
1278	2	708
1279	0	1020
1279	1	3263
1280	0	1020
1280	1	1106
1281	0	2907
1281	1	1223
1282	2	2370
1283	0	3296
1283	1	1305
1284	0	3296
1284	1	302
1285	2	1218
1286	0	1911
1286	1	457
1287	0	3215
1287	1	3451
1288	0	2914
1288	1	3181
1289	0	677
1289	1	1280
1290	2	2019
1291	2	612
1292	0	1545
1292	1	2644
1293	0	1545
1293	1	1676
1294	0	1856
1294	1	1305
1295	0	624
1295	1	661
1296	0	2274
1296	1	2860
1297	2	3053
1298	2	2961
1299	0	44
1299	1	1879
1300	2	3429
1301	2	14
1302	2	1094
1303	2	2231
1304	2	1262
1305	2	348
1306	0	2053
1306	1	2623
1307	0	2966
1307	1	3451
1308	2	2912
1309	0	2193
1309	1	3263
1310	2	1343
1311	2	2490
1312	2	251
1313	2	693
1314	0	1243
1314	1	302
1315	0	1689
1315	1	304
1316	0	1819
1316	1	1070
1317	0	1819
1317	1	1701
1318	2	847
1319	0	764
1319	1	969
1320	2	2242
1321	2	1546
1322	0	2743
1322	1	2711
1323	0	1927
1323	1	2623
1324	0	1927
1324	1	1070
1325	0	1927
1325	1	2781
1326	0	2975
1326	1	184
1327	0	2773
1327	1	1371
1328	0	2773
1328	1	2668
1329	0	1871
1329	1	3019
1330	0	3182
1330	1	790
1331	2	565
1332	2	1383
1333	0	1569
1333	1	2143
1334	2	2348
1335	2	902
1336	2	229
1337	2	1615
1338	2	662
1339	2	626
1340	0	3150
1340	1	1583
1341	2	2950
1342	0	1216
1342	1	890
1343	2	36
1344	2	2371
1345	2	2796
1346	2	2535
1347	2	1718
1348	0	1763
1348	1	3451
1349	0	2608
1349	1	3379
1350	0	2369
1350	1	3019
1351	0	2369
1351	1	3135
1352	0	240
1352	1	530
1353	0	2861
1353	1	109
1354	0	2861
1354	1	1402
1355	0	3320
1355	1	1817
1356	0	3320
1356	1	1642
1357	0	2027
1357	1	2865
1358	2	1526
1359	2	2923
1360	2	2051
1361	0	370
1361	1	790
1362	0	370
1362	1	3451
1363	2	536
1364	0	3098
1364	1	2891
1365	0	677
1365	1	2668
1366	0	1545
1366	1	78
1367	0	2749
1367	1	2711
1368	2	2909
1369	0	659
1369	1	1314
1370	2	105
1371	2	1995
1372	2	2927
1373	2	2571
1374	2	1714
1375	2	1001
1376	2	16
1377	2	110
1378	2	305
1379	0	1243
1379	1	828
1380	0	1689
1380	1	271
1381	2	539
1382	0	672
1382	1	2222
1383	0	1819
1383	1	1838
1384	0	1975
1384	1	3379
1385	0	1975
1385	1	3403
1386	0	329
1386	1	1026
1387	0	461
1387	1	2249
1388	0	461
1388	1	747
1389	0	2021
1389	1	2420
1390	2	3409
1391	2	3049
1392	2	2665
1393	2	573
1394	2	2185
1395	0	1927
1395	1	2668
1396	0	3329
1396	1	2588
1397	2	253
1398	2	1222
1399	2	1462
1400	0	1569
1400	1	2420
1401	2	1114
1402	2	56
1403	2	745
1404	0	572
1404	1	1701
1405	2	1499
1406	2	1861
1407	2	2139
1408	2	1925
1409	2	1006
1410	0	1216
1410	1	1725
1411	2	628
1412	2	3397
1413	2	160
1414	0	1680
1414	1	302
1415	0	704
1415	1	289
1416	0	2608
1416	1	1106
1417	0	493
1417	1	3403
1418	2	2416
1419	0	1020
1419	1	289
1420	0	240
1420	1	3019
1421	0	3113
1421	1	2420
1422	0	3320
1422	1	699
1423	0	303
1423	1	3467
1424	2	757
1425	0	3215
1425	1	1106
1426	2	1894
1427	0	267
1427	1	1472
1428	0	2161
1428	1	2420
1429	2	3172
1430	2	1900
1431	0	2487
1431	1	1838
1432	0	677
1432	1	1371
1433	0	677
1433	1	2005
1434	2	205
1435	0	2394
1435	1	2525
1436	2	3051
1437	0	624
1437	1	1100
1438	0	1502
1438	1	3379
1439	2	1382
1440	2	919
1441	2	2404
1442	2	2539
1443	2	136
1444	2	2147
1445	2	1450
1446	0	2083
1446	1	2196
1447	2	1903
1448	2	876
1449	2	2727
1450	0	2488
1450	1	457
1451	2	2533
1452	2	1401
1453	0	1819
1453	1	1640
1454	2	822
1455	0	329
1455	1	1348
1456	0	1159
1456	1	2672
1457	0	2555
1457	1	1797
1458	2	3365
1459	0	2496
1459	1	1229
1460	0	2496
1460	1	1402
1461	2	3059
1462	0	3228
1462	1	1708
1463	0	1552
1463	1	2420
1464	2	3133
1465	2	3346
1466	0	905
1466	1	3291
1467	2	2866
1468	2	983
1469	2	2917
1470	2	953
1471	2	2808
1472	0	3477
1472	1	605
1473	0	3477
1473	1	1402
1474	0	1216
1474	1	3019
1475	0	1216
1475	1	1817
1476	2	3458
1477	2	2202
1478	2	3316
1479	2	1579
1480	0	2028
1480	1	1305
1481	2	2238
1482	2	308
1483	0	2608
1483	1	2644
1484	0	2608
1484	1	2899
1485	0	2369
1485	1	1317
1486	0	2369
1486	1	3121
1487	2	2445
1488	0	346
1488	1	969
1489	0	2907
1489	1	1417
1490	2	2963
1491	0	3296
1491	1	1881
1492	0	2422
1492	1	1688
1493	2	2391
1494	2	3000
1495	0	1911
1495	1	153
1496	0	2027
1496	1	890
1497	0	2027
1497	1	153
1498	2	2431
1499	0	677
1499	1	1766
1500	0	677
1500	1	153
1501	0	677
1501	1	1571
1502	2	813
1503	2	2225
1504	0	1545
1504	1	2668
1505	0	3391
1505	1	530
1506	2	498
1507	2	3374
1508	0	1502
1508	1	1106
1509	2	2400
1510	2	3273
1511	0	659
1511	1	2672
1512	2	1606
1513	0	718
1513	1	3181
1514	2	998
1515	0	2966
1515	1	1701
1516	0	1243
1516	1	1314
1517	0	3471
1517	1	1229
1518	0	1819
1518	1	699
1519	0	1975
1519	1	3280
1520	0	1975
1520	1	969
1521	0	461
1521	1	109
1522	0	461
1522	1	2853
1523	0	1159
1523	1	3263
1524	0	1532
1524	1	3181
1525	0	2094
1525	1	991
1526	2	3243
1527	2	3355
1528	2	525
1529	0	2496
1529	1	2711
1530	0	3306
1530	1	2420
1531	2	301
1532	0	1927
1532	1	164
1533	2	700
1534	0	2773
1534	1	2979
1535	0	2773
1535	1	2300
1536	0	2773
1536	1	1870
1537	0	2773
1537	1	747
1538	0	3035
1538	1	457
1539	0	996
1539	1	2899
1540	2	2977
1541	2	462
1542	0	1784
1542	1	2711
1543	2	2528
1544	2	1936
1545	2	1823
1546	2	3040
1547	2	1834
1548	2	1740
1549	2	2789
1550	2	3063
1551	0	1680
1551	1	2565
1552	0	342
1552	1	457
1553	0	2365
1553	1	620
1554	2	2096
1555	2	1430
1556	0	493
1556	1	3379
1557	2	1309
1558	0	1020
1558	1	271
1559	2	1852
1560	0	2907
1560	1	353
1561	0	3196
1561	1	2865
1562	0	2861
1562	1	1070
1563	0	2422
1563	1	1583
1564	2	1336
1565	0	303
1565	1	2668
1566	0	2264
1566	1	289
1567	0	3215
1567	1	164
1568	0	1319
1568	1	1640
1569	0	267
1569	1	3263
1570	0	267
1570	1	164
1571	2	2350
1572	2	241
1573	0	2025
1573	1	620
1574	2	189
1575	0	624
1575	1	1530
1576	2	2666
1577	2	2237
1578	0	2825
1578	1	2143
1579	0	3023
1579	1	1402
1580	2	1695
1581	2	1760
1582	0	2417
1582	1	2860
1583	2	742
1584	0	2966
1584	1	2623
1585	0	2966
1585	1	2143
1586	2	3036
1587	2	509
1588	0	869
1588	1	3451
1589	2	2541
1590	0	1243
1590	1	153
1591	0	715
1591	1	2420
1592	0	3471
1592	1	1441
1593	0	1975
1593	1	2526
1594	2	2022
1595	2	49
1596	0	329
1596	1	1817
1597	0	1159
1597	1	271
1598	0	2094
1598	1	2005
1599	2	407
1600	2	1741
1601	2	1057
1602	2	3016
1603	2	2333
1604	2	556
1605	0	2593
1605	1	699
1606	0	3228
1606	1	3379
1607	0	3228
1607	1	304
1608	0	1927
1608	1	3403
1609	0	2975
1609	1	181
1610	0	2975
1610	1	2655
1611	0	3182
1611	1	1708
1612	0	3035
1612	1	1305
1613	0	996
1613	1	1303
1614	2	2205
1615	0	905
1615	1	3181
1616	2	3131
1617	2	2397
1618	2	2283
1619	2	209
1620	0	547
1620	1	1287
1621	2	1158
1622	0	1863
1622	1	1725
1623	2	3126
1624	2	3176
1625	0	3177
1625	1	1797
1626	2	3220
1627	0	3399
1627	1	1229
1628	0	3399
1628	1	1402
1629	2	33
1630	2	2072
1631	2	1352
1632	2	515
1633	0	1368
1633	1	890
1634	2	1853
1635	2	143
1636	2	1419
1637	2	2131
1638	2	79
1639	0	1680
1639	1	468
1640	0	1786
1640	1	3121
1641	0	2365
1641	1	457
1642	2	1770
1643	0	928
1643	1	289
1644	2	1868
1645	0	2608
1645	1	3157
1646	0	2608
1646	1	304
1647	0	2369
1647	1	2781
1648	0	493
1648	1	1349
1649	2	2663
1650	0	1020
1650	1	3174
1651	2	1258
1652	0	2907
1652	1	1203
1653	0	240
1653	1	2934
1654	0	240
1654	1	454
1655	2	3414
1656	0	3296
1656	1	2904
1657	0	2861
1657	1	2138
1658	0	2861
1658	1	454
1659	2	1029
1660	0	1560
1660	1	2860
1661	0	2422
1661	1	1015
1662	2	1645
1663	2	2030
1664	2	3410
1665	0	1911
1665	1	620
1666	0	1911
1666	1	699
1667	2	1468
1668	2	866
1669	0	2153
1669	1	1349
1670	2	3418
1671	2	3347
1672	0	3215
1672	1	2138
1673	0	370
1673	1	890
1674	0	267
1674	1	1229
1675	0	3098
1675	1	833
1676	0	992
1676	1	1797
1677	0	2914
1677	1	153
1678	0	1330
1678	1	1640
1679	2	2676
1680	0	1731
1680	1	289
1681	0	1121
1681	1	1305
1682	0	677
1682	1	2308
1683	0	677
1683	1	2781
1684	2	169
1685	0	1545
1685	1	2588
1686	0	1726
1686	1	699
1687	0	624
1687	1	25
1688	0	624
1688	1	2726
1689	0	624
1689	1	2632
1690	0	1502
1690	1	3263
1691	0	1915
1691	1	1472
1692	0	44
1692	1	530
1693	0	44
1693	1	1402
1694	2	1009
1695	2	1108
1696	2	3212
1697	2	150
1698	2	2127
1699	0	2083
1699	1	2672
1700	0	941
1700	1	1305
1701	0	3302
1701	1	3121
1702	0	3302
1702	1	304
1703	2	1423
1704	0	2966
1704	1	804
1705	2	1644
1706	2	2382
1707	2	1704
1708	0	1689
1708	1	3181
1709	0	806
1709	1	605
1710	0	672
1710	1	2222
1711	0	1819
1711	1	289
1712	0	1819
1712	1	3121
1713	0	1975
1713	1	2139
1714	0	329
1714	1	2387
1715	0	461
1715	1	3280
1716	0	461
1716	1	2818
1717	0	461
1717	1	2632
1718	0	1159
1718	1	833
1719	0	1124
1719	1	266
1720	0	2611
1720	1	2420
1721	0	2021
1721	1	2224
1722	0	2555
1722	1	3451
1723	2	2046
1724	2	2736
1725	0	603
1725	1	1441
1726	0	423
1726	1	1314
1727	2	13
1728	0	3228
1728	1	236
1729	2	1842
1730	0	3329
1730	1	1349
1731	0	3485
1731	1	1838
1732	2	827
1733	0	2773
1733	1	3300
1734	0	2773
1734	1	78
1735	0	2773
1735	1	2632
1736	0	2773
1736	1	2139
1737	0	1871
1737	1	3403
1738	2	2057
1739	0	55
1739	1	1305
1740	0	996
1740	1	266
1741	2	963
1742	2	2842
1743	0	905
1743	1	2196
1744	0	327
1744	1	605
1745	2	3359
1746	2	87
1747	2	1049
1748	2	735
1749	2	435
1750	2	51
1751	2	167
1752	2	1952
1753	2	354
1754	2	316
1755	0	3265
1755	1	3379
1756	2	932
1757	2	2598
1758	0	3177
1758	1	1908
1759	0	2529
1759	1	2420
1760	0	1216
1760	1	302
1761	2	1737
1762	2	1667
1763	0	2703
1763	1	1070
1764	2	812
1765	2	2603
1766	2	755
1767	2	2260
1768	2	2857
1769	0	1680
1769	1	2860
1770	0	342
1770	1	1797
1771	0	1786
1771	1	828
1772	0	2365
1772	1	2138
1773	2	43
1774	2	186
1775	0	1020
1775	1	890
1776	0	1020
1776	1	1640
1777	0	1020
1777	1	304
1778	0	240
1778	1	3135
1779	0	835
1779	1	1402
1780	0	3296
1780	1	2765
1781	0	1308
1781	1	109
1782	2	622
1783	2	675
1784	2	1889
1785	0	1911
1785	1	1305
1786	2	1409
1787	0	3215
1787	1	2143
1788	2	1482
1789	2	3203
1790	2	400
1791	0	1545
1791	1	548
1792	0	1545
1792	1	2891
1793	0	1545
1793	1	2632
1794	0	3391
1794	1	2138
1795	0	3391
1795	1	2860
1796	0	1514
1796	1	289
1797	2	1379
1798	2	2437
1799	2	2575
1800	2	858
1801	0	44
1801	1	1229
1802	2	943
1803	0	3283
1803	1	3181
1804	0	2076
1804	1	2420
1805	2	134
1806	2	3430
1807	0	3023
1807	1	2711
1808	2	1503
1809	2	2095
1810	0	3302
1810	1	3019
1811	0	3302
1811	1	3341
1812	2	3107
1813	0	2966
1813	1	1229
1814	0	2966
1814	1	3181
1815	2	1231
1816	2	3452
1817	0	1689
1817	1	530
1818	0	672
1818	1	2222
1819	0	672
1819	1	2222
1820	0	1819
1820	1	3263
1821	0	1819
1821	1	3108
1822	2	1421
1823	0	461
1823	1	3291
1824	0	1159
1824	1	1881
1825	2	2561
1826	2	691
1827	2	904
1828	2	1361
1829	2	1473
1830	2	1508
1831	2	1857
1832	0	3306
1832	1	3121
1833	0	3228
1833	1	3123
1834	0	2334
1834	1	2196
1835	0	2334
1835	1	1797
1836	2	1362
1837	2	2566
1838	0	765
1838	1	2420
1839	2	938
1840	0	2773
1840	1	991
1841	0	2773
1841	1	3206
1842	0	1871
1842	1	3266
1843	0	1326
1843	1	1797
1844	0	1877
1844	1	1797
1845	0	996
1845	1	457
1846	0	996
1846	1	2860
1847	0	996
1847	1	833
1848	2	2442
1849	0	905
1849	1	1817
1850	2	2884
1851	2	2155
1852	2	2439
1853	0	1594
1853	1	1701
1854	2	1671
1855	2	1192
1856	2	1715
1857	0	3362
1857	1	2138
1858	0	572
1858	1	2818
1859	2	2755
1860	2	3045
1861	0	3177
1861	1	1106
1862	2	1440
1863	0	915
1863	1	1349
1864	2	1646
1865	2	850
1866	2	960
1867	2	3480
1868	2	3187
1869	2	57
1870	0	1216
1870	1	2711
1871	2	520
1872	2	3396
1873	2	2929
1874	0	768
1874	1	1070
1875	2	2826
1876	2	234
1877	2	1170
1878	2	1300
1879	0	1993
1879	1	289
1880	0	2662
1880	1	890
1881	0	1786
1881	1	302
1882	2	1808
1883	2	532
1884	2	2724
1885	0	2608
1885	1	1229
1886	0	2608
1886	1	277
1887	0	2608
1887	1	3205
1888	0	2608
1888	1	2525
1889	0	2608
1889	1	164
1890	2	3161
1891	2	853
1892	2	2312
1893	0	1020
1893	1	1349
1894	2	3481
1895	0	2907
1895	1	218
1896	0	3296
1896	1	314
1897	0	2861
1897	1	3121
1898	2	1860
1899	2	542
1900	0	3320
1900	1	1106
1901	0	2422
1901	1	3266
1902	2	2562
1903	2	2447
1904	2	2254
1905	0	303
1905	1	790
1906	0	303
1906	1	78
1907	0	303
1907	1	833
1908	2	2033
1909	2	2345
1910	0	2027
1910	1	1305
1911	0	2027
1911	1	1797
1912	0	2027
1912	1	68
1913	2	984
1914	2	2154
1915	2	26
1916	2	3246
1917	0	3215
1917	1	620
1918	0	3215
1918	1	1070
1919	0	370
1919	1	605
1920	0	1319
1920	1	1305
1921	2	2271
1922	0	267
1922	1	2672
1923	0	267
1923	1	3379
1924	0	267
1924	1	1841
1925	2	3422
1926	2	2942
1927	0	1330
1927	1	164
1928	0	677
1928	1	3037
1929	0	677
1929	1	991
1930	0	677
1930	1	661
1931	2	1534
1932	2	1174
1933	0	1545
1933	1	25
1934	0	1545
1934	1	1530
1935	0	1545
1935	1	1280
1936	0	1545
1936	1	3350
1937	0	3391
1937	1	1317
1938	0	3391
1938	1	3181
1939	2	3495
1940	2	2558
1941	2	165
1942	0	624
1942	1	1676
1943	0	624
1943	1	1576
1944	0	624
1944	1	602
1945	0	624
1945	1	2912
1946	0	624
1946	1	3350
1947	0	3020
1947	1	1797
1948	2	2924
1949	0	44
1949	1	164
1950	0	895
1950	1	289
1951	2	2964
1952	2	1639
1953	2	2052
1954	2	2731
1955	2	1985
1956	0	3023
1956	1	969
1957	2	633
1958	2	1565
1959	0	3302
1959	1	3266
1960	0	2053
1960	1	1817
1961	0	2966
1961	1	68
1962	2	2741
1963	2	2353
1964	0	1689
1964	1	790
1965	0	1689
1965	1	3205
1966	2	3298
1967	0	3471
1967	1	1317
1968	0	1975
1968	1	1268
1969	0	1975
1969	1	3108
1970	0	329
1970	1	3121
1971	0	461
1971	1	2273
1972	0	461
1972	1	2781
1973	0	1159
1973	1	2781
1974	0	2094
1974	1	502
1975	0	2094
1975	1	1879
1976	2	2520
1977	2	2315
1978	0	1415
1978	1	1472
1979	0	1415
1979	1	3181
1980	2	1167
1981	2	161
1982	2	360
1983	2	664
1984	0	3228
1984	1	1015
1985	0	3228
1985	1	1841
1986	0	3228
1986	1	1640
1987	0	1927
1987	1	25
1988	0	1927
1988	1	2934
1989	0	1927
1989	1	1080
1990	0	1927
1990	1	1838
1991	2	2494
1992	0	3485
1992	1	109
1993	0	2773
1993	1	2544
1994	0	2773
1994	1	1223
1995	0	1871
1995	1	2943
1996	2	2105
1997	0	3156
1997	1	153
1998	0	951
1998	1	3121
1999	2	466
2000	2	2032
2001	2	299
2002	0	905
2002	1	78
2003	0	327
2003	1	1314
2004	0	1784
2004	1	2420
2005	0	995
2005	1	620
2006	0	1594
2006	1	1640
2007	2	1428
2008	2	690
2009	2	3404
2010	2	3307
2011	0	3362
2011	1	153
2012	2	2481
2013	2	2717
2014	2	424
2015	2	293
2016	2	218
2017	0	3399
2017	1	2623
2018	0	3399
2018	1	1314
2019	2	2715
2020	2	2817
2021	2	1411
2022	2	3338
2023	0	1216
2023	1	1268
2024	0	1216
2024	1	1642
2025	2	2671
2026	0	1368
2026	1	3280
2027	2	2328
2028	2	2974
2029	2	2673
2030	2	3352
2031	2	533
2032	2	3072
2033	2	2233
2034	2	2119
2035	2	88
2036	2	663
2037	0	1763
2037	1	1708
2038	0	1813
2038	1	2420
2039	2	567
2040	2	2784
2041	2	1005
2042	2	499
2043	2	2976
2044	0	2608
2044	1	2116
2045	0	2608
2045	1	78
2046	0	2608
2046	1	661
2047	0	493
2047	1	1317
2048	0	493
2048	1	3224
2049	0	1020
2049	1	1070
2050	2	2831
2051	2	113
2052	0	240
2052	1	1106
2053	0	240
2053	1	1640
2054	0	240
2054	1	3205
2055	0	3320
2055	1	153
2056	0	2422
2056	1	2899
2057	0	2422
2057	1	2294
2058	2	1194
2059	0	3223
2059	1	1701
2060	0	303
2060	1	3280
2061	0	303
2061	1	181
2062	0	303
2062	1	454
2063	0	303
2063	1	3174
2064	0	303
2064	1	68
2065	2	3137
2066	0	2495
2066	1	969
2067	0	2551
2067	1	289
2068	2	1276
2069	0	2027
2069	1	991
2070	2	2386
2071	2	3151
2072	0	2264
2072	1	3263
2073	2	3400
2074	2	634
2075	0	267
2075	1	1026
2076	0	267
2076	1	1349
2077	0	2244
2077	1	605
2078	0	2161
2078	1	3379
2079	0	677
2079	1	3293
2080	0	677
2080	1	575
2081	2	1151
2082	2	2985
2083	0	1545
2083	1	1576
2084	0	1545
2084	1	1890
2085	0	1790
2085	1	2904
2086	0	2310
2086	1	1553
2087	0	3391
2087	1	2781
2088	0	3391
2088	1	3121
2089	0	1726
2089	1	2672
2090	0	1726
2090	1	1708
2091	0	1726
2091	1	2904
2092	2	1509
2093	2	333
2094	2	681
2095	2	3138
2096	0	624
2096	1	1708
2097	0	624
2097	1	371
2098	0	624
2098	1	3205
2099	0	1502
2099	1	1817
2100	2	2625
2101	0	340
2101	1	3181
2102	2	3259
2103	2	2292
2104	0	2748
2104	1	2934
2105	2	1341
2106	2	3279
2107	2	3167
2108	2	3272
2109	2	3327
2110	2	1873
2111	2	2569
2112	0	2083
2112	1	109
2113	2	2326
2114	0	2053
2114	1	1841
2115	0	2053
2115	1	2005
2116	0	2053
2116	1	271
2117	0	2966
2117	1	3019
2118	2	294
2119	2	994
2120	2	193
2121	2	278
2122	2	1249
2123	2	3033
2124	2	465
2125	2	596
2126	0	1243
2126	1	1841
2127	0	1689
2127	1	2644
2128	0	1689
2128	1	2196
2129	0	1689
2129	1	1472
2130	2	2122
2131	0	672
2131	1	2222
2132	0	3471
2132	1	1797
2133	0	3471
2133	1	3451
2134	0	1819
2134	1	164
2135	0	1975
2135	1	2714
2136	2	2170
2137	2	1721
2138	0	329
2138	1	1305
2139	0	1159
2139	1	3467
2140	0	1159
2140	1	2726
2141	0	1532
2141	1	314
2142	0	2094
2142	1	2915
2143	0	2094
2143	1	605
2144	0	1415
2144	1	1817
2145	2	1867
2146	0	2255
2146	1	1797
2147	2	1500
2148	0	284
2148	1	2420
2149	0	3092
2149	1	457
2150	0	3092
2150	1	1402
2151	0	3184
2151	1	2138
2152	0	423
2152	1	457
2153	0	1992
2153	1	2865
2154	2	375
2155	0	3228
2155	1	1414
2156	0	3228
2156	1	182
2157	2	2295
2158	2	2102
2159	0	3485
2159	1	2672
2160	2	2918
2161	0	2773
2161	1	1015
2162	0	2773
2162	1	3293
2163	0	2773
2163	1	2714
2164	0	1871
2164	1	266
2165	0	1871
2165	1	2818
2166	0	1871
2166	1	602
2167	0	3035
2167	1	1070
2168	0	3156
2168	1	1414
2169	2	728
2170	0	2186
2170	1	3263
2171	2	1703
2172	0	905
2172	1	2300
2173	0	905
2173	1	2668
2174	0	905
2174	1	1349
2175	2	175
2176	2	65
2177	0	995
2177	1	1314
2178	2	2243
2179	0	1594
2179	1	620
2180	2	2448
2181	0	2261
2181	1	2904
2182	0	1385
2182	1	2138
2183	2	460
2184	0	572
2184	1	3403
2185	2	2898
2186	2	3242
2187	0	1065
2187	1	1070
2188	0	3399
2188	1	153
2189	2	2700
2190	2	2684
2191	2	274
2192	0	882
2192	1	605
2193	0	1216
2193	1	1203
2194	0	1216
2194	1	78
2195	0	1216
2195	1	455
2196	2	2011
2197	2	496
2198	2	1260
2199	2	2337
2200	2	2645
2201	2	1021
2202	2	1757
2203	0	3188
2203	1	2420
2204	2	1161
2205	2	2634
2206	2	3372
2207	2	4
2208	2	569
2209	2	2816
2210	0	342
2210	1	1583
2211	0	342
2211	1	153
2212	0	342
2212	1	3135
2213	2	3216
2214	0	2662
2214	1	2420
2215	0	912
2215	1	2588
2216	2	911
2217	0	1786
2217	1	3019
2218	0	1786
2218	1	2273
2219	0	1786
2219	1	699
2220	0	2365
2220	1	1402
2221	2	1507
2222	0	704
2222	1	890
2223	0	704
2223	1	3379
2224	0	704
2224	1	3451
2225	2	3432
2226	2	631
2227	2	1967
2228	0	1720
2228	1	1305
2229	0	2608
2229	1	2588
2230	0	2608
2230	1	153
2231	0	493
2231	1	1982
2232	0	493
2232	1	3019
2233	2	616
2234	2	2461
2235	2	2921
2236	2	2229
2237	2	1466
2238	2	1924
2239	0	346
2239	1	3181
2240	0	2907
2240	1	1183
2241	0	3196
2241	1	2420
2242	0	3196
2242	1	2781
2243	0	598
2243	1	1797
2244	0	3296
2244	1	2865
2245	0	2861
2245	1	3263
2246	0	1891
2246	1	1441
2247	0	3320
2247	1	3123
2248	0	3320
2248	1	2711
2249	0	2422
2249	1	3341
2250	0	2422
2250	1	302
2251	2	1859
2252	2	2026
2253	0	303
2253	1	2322
2254	0	303
2254	1	1472
2255	2	2067
2256	2	1953
2257	0	2153
2257	1	1106
2258	0	2551
2258	1	1070
2259	0	3402
2259	1	3266
2260	2	2444
2261	0	267
2261	1	3403
2262	2	2152
2263	2	1239
2264	0	2914
2264	1	3403
2265	2	1753
2266	2	1054
2267	0	677
2267	1	2979
2268	0	677
2268	1	1015
2269	0	677
2269	1	304
2270	2	811
2271	2	929
2272	0	1545
2272	1	308
2273	0	1545
2273	1	1607
2274	0	1545
2274	1	1268
2275	0	1545
2275	1	236
2276	0	1790
2276	1	1797
2277	0	1790
2277	1	1402
2278	2	2640
2279	2	1296
2280	0	624
2280	1	1280
2281	0	3194
2281	1	164
2282	0	3194
2282	1	699
2283	2	1247
2284	0	659
2284	1	3019
2285	2	1081
2286	2	3185
2287	2	2832
2288	0	1915
2288	1	2873
2289	0	44
2289	1	2224
2290	0	44
2290	1	2143
2291	0	1463
2291	1	2138
2292	0	895
2292	1	1106
2293	0	1464
2293	1	1879
2294	0	2076
2294	1	457
2295	2	1494
2296	2	610
2297	2	2093
2298	2	486
2299	2	416
2300	0	3023
2300	1	2623
2301	2	72
2302	2	1751
2303	2	1544
2304	0	1738
2304	1	457
2305	2	920
2306	0	3057
2306	1	2420
2307	0	941
2307	1	1797
2308	0	2053
2308	1	1982
2309	0	2966
2309	1	1640
2310	2	1761
2311	2	2658
2312	2	2111
2313	2	442
2314	0	869
2314	1	1838
2315	2	233
2316	2	526
2317	2	2962
2318	0	1243
2318	1	2282
2319	0	1243
2319	1	304
2320	0	3471
2320	1	2904
2321	0	1819
2321	1	457
2322	0	1819
2322	1	1841
2323	0	1819
2323	1	1026
2324	0	1975
2324	1	699
2325	0	329
2325	1	1881
2326	0	461
2326	1	2873
2327	0	461
2327	1	2327
2328	0	1159
2328	1	620
2329	0	1159
2329	1	1229
2330	0	2094
2330	1	1303
2331	2	2135
2332	2	2376
2333	0	2555
2333	1	2865
2334	2	2081
2335	2	1921
2336	0	603
2336	1	3451
2337	2	3094
2338	0	3184
2338	1	2860
2339	0	423
2339	1	302
2340	0	423
2340	1	3451
2341	0	423
2341	1	1349
2342	2	2323
2343	0	1992
2343	1	1797
2344	2	2209
2345	0	3228
2345	1	2588
2346	0	3228
2346	1	1870
2347	2	3149
2348	0	3485
2348	1	2904
2349	2	85
2350	2	2317
2351	0	1552
2351	1	1797
2352	0	2773
2352	1	1530
2353	0	1871
2353	1	2138
2354	0	1871
2354	1	1080
2355	2	3043
2356	0	3267
2356	1	1305
2357	2	3112
2358	0	3035
2358	1	1701
2359	0	996
2359	1	2818
2360	2	1798
2361	2	2855
2362	0	905
2362	1	3121
2363	0	327
2363	1	2904
2364	0	194
2364	1	2865
2365	0	194
2365	1	1879
2366	2	3179
2367	2	1453
2368	2	320
2369	0	3456
2369	1	2138
2370	0	1917
2370	1	3467
2371	2	2263
2372	2	1277
2373	2	2879
2374	2	2104
2375	2	3199
2376	0	572
2376	1	602
2377	2	2858
2378	2	537
2379	2	2926
2380	0	3177
2380	1	3181
2381	0	3177
2381	1	3403
2382	2	671
2383	2	2852
2384	0	1073
2384	1	1070
2385	0	3399
2385	1	1841
2386	0	3399
2386	1	2891
2387	0	3399
2387	1	1349
2388	2	1141
2389	0	882
2389	1	457
2390	0	3477
2390	1	3123
2391	2	1932
2392	2	640
2393	2	1598
2394	2	1098
2395	0	1216
2395	1	2672
2396	2	2178
2397	2	1162
2398	2	155
2399	2	1040
2400	2	2412
2401	0	1368
2401	1	2282
2402	2	2654
2403	0	2703
2403	1	2420
2404	2	3213
2405	0	768
2405	1	2781
2406	2	1012
2407	2	1765
2408	2	2048
2409	2	1359
2410	2	1854
2411	2	2872
2412	2	119
2413	2	1966
2414	2	450
2415	2	2436
2416	2	1933
2417	0	3003
2417	1	605
2418	0	1763
2418	1	620
2419	0	1763
2419	1	271
2420	0	1680
2420	1	1879
2421	0	1813
2421	1	1402
2422	2	3303
2423	0	2662
2423	1	969
2424	0	1786
2424	1	164
2425	0	2365
2425	1	3263
2426	0	2365
2426	1	2934
2427	2	2364
2428	2	1743
2429	2	1555
2430	2	2729
2431	2	2546
2432	2	2086
2433	0	704
2433	1	2196
2434	0	704
2434	1	530
2435	0	704
2435	1	1070
2436	0	2608
2436	1	2818
2437	0	2369
2437	1	2588
2438	0	2369
2438	1	109
2439	0	2369
2439	1	3263
2440	2	1047
2441	2	3233
2442	2	27
2443	0	494
2443	1	2830
2444	0	1020
2444	1	729
2445	0	1020
2445	1	2711
2446	2	1365
2447	2	3322
2448	2	2595
2449	2	2471
2450	0	2907
2450	1	1100
2451	0	2907
2451	1	1524
2452	0	240
2452	1	68
2453	0	240
2453	1	3266
2454	0	3296
2454	1	3415
2455	0	3296
2455	1	969
2456	0	1308
2456	1	3123
2457	0	1891
2457	1	3451
2458	2	2952
2459	0	2422
2459	1	3280
2460	0	2422
2460	1	2544
2461	0	2422
2461	1	236
2462	2	1144
2463	0	303
2463	1	1026
2464	0	1911
2464	1	1472
2465	2	3017
2466	2	341
2467	0	2495
2467	1	1402
2468	0	2551
2468	1	833
2469	2	2373
2470	0	2027
2470	1	530
2471	2	3358
2472	0	370
2472	1	3108
2473	0	267
2473	1	2475
2474	0	267
2474	1	1725
2475	0	267
2475	1	2143
2476	0	267
2476	1	153
2477	0	267
2477	1	2711
2478	0	3098
2478	1	828
2479	2	1032
2480	0	2487
2480	1	833
2481	0	677
2481	1	2818
2482	0	677
2482	1	1640
2483	0	1692
2483	1	1640
2484	2	295
2485	2	3390
2486	0	1545
2486	1	575
2487	0	3391
2487	1	833
2488	2	311
2489	2	373
2490	2	281
2491	0	624
2491	1	2965
2492	0	624
2492	1	819
2493	0	1502
2493	1	289
2494	0	1502
2494	1	3181
2495	0	1502
2495	1	2711
2496	0	340
2496	1	3379
2497	0	340
2497	1	699
2498	2	2631
2499	2	326
2500	2	2820
2501	2	1574
2502	0	2783
2502	1	1642
2503	2	1451
2504	2	2434
2505	0	2980
2505	1	3468
2506	0	1915
2506	1	2300
2507	0	44
2507	1	2300
2508	0	44
2508	1	1701
2509	0	44
2509	1	2781
2510	0	1463
2510	1	833
2511	0	895
2511	1	2138
2512	0	1412
2512	1	2420
2513	0	1207
2513	1	470
2514	0	3419
2514	1	1797
2515	2	2368
2516	0	3026
2516	1	3181
2517	2	1087
2518	2	97
2519	2	553
2520	2	781
2521	2	720
2522	2	2374
2523	2	3275
2524	0	3023
2524	1	457
2525	0	3023
2525	1	2282
2526	0	3023
2526	1	1026
2527	2	2958
2528	2	1845
2529	2	2775
2530	0	1738
2530	1	1026
2531	2	2163
2532	2	2321
2533	2	1373
2534	2	709
2535	2	1612
2536	0	2083
2536	1	1701
2537	0	2083
2537	1	2294
2538	2	2252
2539	2	2169
2540	0	2053
2540	1	3280
2541	0	2053
2541	1	2544
2542	0	2053
2542	1	2300
2543	0	2053
2543	1	236
2544	0	2053
2544	1	1026
2545	0	2053
2545	1	302
2546	0	2966
2546	1	2714
2547	0	2966
2547	1	304
2548	2	1107
2549	0	336
2549	1	3263
2550	2	2003
2551	2	2967
2552	0	869
2552	1	3181
2553	2	298
2554	2	215
2555	2	1004
2556	2	2553
2557	2	222
2558	2	2790
2559	0	1243
2559	1	620
2560	0	1243
2560	1	530
2561	0	1243
2561	1	3341
2562	0	1243
2562	1	1879
2563	0	1689
2563	1	1881
2564	0	806
2564	1	181
2565	0	806
2565	1	2904
2566	2	1230
2567	2	1165
2568	0	672
2568	1	2222
2569	0	3471
2569	1	890
2570	0	3471
2570	1	3379
2571	0	1819
2571	1	2668
2572	0	1819
2572	1	2139
2573	0	1975
2573	1	2672
2574	0	1975
2574	1	3123
2575	0	1975
2575	1	3266
2576	2	2245
2577	2	3114
2578	0	461
2578	1	1414
2579	0	461
2579	1	236
2580	0	1159
2580	1	890
2581	0	1159
2581	1	1841
2582	0	1159
2582	1	1642
2583	0	1159
2583	1	3266
2584	0	1124
2584	1	1229
2585	0	1124
2585	1	2915
2586	2	3202
2587	0	2094
2587	1	47
2588	0	2094
2588	1	3294
2589	2	2756
2590	2	3457
2591	2	2042
2592	2	3105
2593	2	1350
2594	2	2944
2595	2	2883
2596	0	1415
2596	1	1349
2597	2	132
2598	2	3395
2599	2	3122
2600	2	2570
2601	2	1132
2602	0	423
2602	1	1317
2603	0	423
2603	1	1701
2604	2	1117
2605	0	3228
2605	1	2853
2606	0	1927
2606	1	2672
2607	0	1927
2607	1	502
2608	0	1927
2608	1	3379
2609	0	1927
2609	1	3123
2610	0	2975
2610	1	3488
2611	0	3329
2611	1	2943
2612	0	3485
2612	1	856
2613	0	2773
2613	1	3174
2614	0	1871
2614	1	153
2615	2	1616
2616	2	2462
2617	0	3267
2617	1	2865
2618	0	1877
2618	1	3019
2619	2	3466
2620	2	2646
2621	2	3058
2622	2	1968
2623	2	1293
2624	0	2054
2624	1	470
2625	0	905
2625	1	266
2626	0	327
2626	1	289
2627	2	2221
2628	2	3297
2629	0	995
2629	1	1305
2630	0	995
2630	1	945
2631	0	995
2631	1	969
2632	2	974
2633	2	2828
2634	2	1973
2635	2	2627
2636	2	2184
2637	2	1919
2638	2	1573
2639	2	903
2640	2	2472
2641	2	1657
2642	2	2619
2643	2	1974
2644	0	572
2644	1	2672
2645	0	572
2645	1	153
2646	0	572
2646	1	1841
2647	2	296
2648	0	3150
2648	1	2904
2649	2	2935
2650	0	3399
2650	1	2282
2651	0	3399
2651	1	2138
2652	0	3399
2652	1	1303
2653	2	3444
2654	2	685
2655	2	1042
2656	2	761
2657	0	882
2657	1	1879
2658	2	937
2659	2	1387
2660	0	1216
2660	1	3174
2661	0	1216
2661	1	271
2662	2	1031
2663	2	1685
2664	2	552
2665	2	2922
2666	2	3085
2667	2	2937
2668	2	877
2669	0	1368
2669	1	266
2670	0	1368
2670	1	2873
2671	0	1368
2671	1	1106
2672	2	91
2673	0	1109
2673	1	289
2674	2	894
2675	2	3339
2676	2	2016
2677	0	768
2677	1	3121
2678	2	1136
2679	2	2925
2680	0	3003
2680	1	530
2681	0	3003
2681	1	1701
2682	2	1782
2683	2	2414
2684	0	1763
2684	1	109
2685	0	1763
2685	1	3135
2686	0	1763
2686	1	3174
2687	0	1680
2687	1	3123
2688	0	1813
2688	1	1349
2689	0	2332
2689	1	1879
2690	2	1874
2691	0	912
2691	1	548
2692	0	1786
2692	1	385
2693	0	1786
2693	1	153
2694	0	1786
2694	1	1881
2695	0	1786
2695	1	2860
2696	2	2449
2697	2	2815
2698	2	2721
2699	0	704
2699	1	2644
2700	0	704
2700	1	1106
2701	2	909
2702	2	3348
2703	2	1254
2704	0	2369
2704	1	2623
2705	0	2369
2705	1	747
2706	0	493
2706	1	530
2707	2	604
2708	2	3239
2709	2	1204
2710	2	1193
2711	2	427
2712	0	494
2712	1	2711
2713	0	346
2713	1	2865
2714	2	248
2715	2	3130
2716	2	510
2717	0	2907
2717	1	2936
2718	0	240
2718	1	1268
2719	2	1698
2720	0	2288
2720	1	1305
2721	2	2277
2722	0	3296
2722	1	3263
2723	0	3296
2723	1	2143
2724	0	3296
2724	1	2387
2725	0	2159
2725	1	2904
2726	0	1308
2726	1	1642
2727	2	1999
2728	0	3320
2728	1	25
2729	0	3320
2729	1	1571
2730	0	3320
2730	1	2294
2731	0	2422
2731	1	2818
2732	0	2422
2732	1	729
2733	0	2422
2733	1	1303
2734	0	2422
2734	1	2526
2735	0	2422
2735	1	2005
2736	0	2422
2736	1	304
2737	2	2518
2738	2	3497
2739	0	3223
2739	1	1797
2740	0	303
2740	1	1287
2741	0	303
2741	1	3451
2742	0	629
2742	1	1640
2743	0	657
2743	1	1402
2744	0	2495
2744	1	289
2745	0	2495
2745	1	153
2746	2	187
2747	2	2232
2748	0	2027
2748	1	266
2749	0	2027
2749	1	2934
2750	0	2027
2750	1	2818
2751	0	2027
2751	1	164
2752	2	1286
2753	2	1370
2754	0	3215
2754	1	2904
2755	0	370
2755	1	266
2756	0	370
2756	1	289
2757	0	370
2757	1	1070
2758	0	370
2758	1	1817
2759	0	267
2759	1	2818
2760	0	267
2760	1	271
2761	0	3357
2761	1	3263
2762	0	3098
2762	1	2420
2763	0	3098
2763	1	1314
2764	0	3098
2764	1	68
2765	2	1905
2766	2	2474
2767	2	2887
2768	0	1731
2768	1	1070
2769	0	2590
2769	1	2420
2770	0	677
2770	1	1870
2771	0	677
2771	1	602
2772	0	677
2772	1	3266
2773	2	2738
2774	2	3004
2775	2	1638
2776	2	2045
2777	2	879
2778	2	3274
2779	0	1545
2779	1	729
2780	0	1545
2780	1	2505
2781	0	1790
2781	1	1314
2782	0	1790
2782	1	605
2783	0	3337
2783	1	1472
2784	0	3391
2784	1	1817
2785	0	3391
2785	1	1881
2786	0	1726
2786	1	1607
2787	0	1726
2787	1	3263
2788	0	1726
2788	1	2273
2789	2	3375
2790	2	1785
2791	2	2109
2792	2	1035
2793	0	624
2793	1	1268
2794	0	624
2794	1	3463
2795	0	624
2795	1	747
2796	0	624
2796	1	2714
2797	0	1502
2797	1	2224
2798	0	1502
2798	1	2873
2799	0	1502
2799	1	2138
2800	0	1502
2800	1	1070
2801	0	3194
2801	1	3379
2802	0	3194
2802	1	153
2803	0	340
2803	1	2865
2804	0	340
2804	1	3174
2805	0	340
2805	1	2781
2806	2	531
2807	0	3426
2807	1	1314
2808	0	659
2808	1	2904
2809	0	1915
2809	1	3280
2810	0	751
2810	1	3451
2811	0	895
2811	1	1441
2812	0	2748
2812	1	969
2813	0	1207
2813	1	3403
2814	0	477
2814	1	2138
2815	0	718
2815	1	605
2816	0	2076
2816	1	1305
2817	2	1184
2818	2	337
2819	2	1386
2820	2	1605
2821	2	1242
2822	2	138
2823	2	475
2824	2	2247
2825	2	3416
2826	2	2540
2827	2	1825
2828	0	3023
2828	1	1441
2829	2	1329
2830	2	794
2831	2	1585
2832	2	398
2833	0	1738
2833	1	1642
2834	0	2083
2834	1	2934
2835	0	2083
2835	1	2711
2836	0	3302
2836	1	3181
2837	0	2053
2837	1	790
2838	0	2053
2838	1	2899
2839	0	2053
2839	1	1571
2840	0	2966
2840	1	1280
2841	2	1910
2842	2	836
2843	2	595
2844	2	3047
2845	2	814
2846	2	419
2847	0	869
2847	1	2672
2848	2	126
2849	2	1069
2850	2	2901
2851	2	710
2852	0	1243
2852	1	68
2853	0	1243
2853	1	3266
2854	0	1689
2854	1	2588
2855	0	1689
2855	1	153
2856	0	806
2856	1	3121
2857	0	806
2857	1	2711
2858	0	672
2858	1	2222
2859	0	3471
2859	1	2672
2860	0	3471
2860	1	3062
2861	0	3471
2861	1	1026
2862	0	3471
2862	1	605
2863	0	1975
2863	1	277
2864	2	2931
2865	2	1245
2866	2	1123
2867	2	2959
2868	2	925
2869	0	329
2869	1	1229
2870	0	461
2870	1	1607
2871	0	461
2871	1	1725
2872	0	461
2872	1	454
2873	0	461
2873	1	2308
2874	0	461
2874	1	2714
2875	0	1124
2875	1	109
2876	0	1124
2876	1	2632
2877	0	2351
2877	1	3403
2878	2	2770
2879	0	2094
2879	1	2475
2880	2	1650
2881	2	3464
2882	2	1836
2883	2	2982
2884	2	2357
2885	2	2176
2886	2	438
2887	0	1415
2887	1	153
2888	2	719
2889	2	1872
2890	2	1847
2891	2	769
2892	2	507
2893	0	2999
2893	1	1317
2894	0	603
2894	1	2865
2895	2	914
2896	2	2859
2897	0	3184
2897	1	289
2898	0	3184
2898	1	2139
2899	0	423
2899	1	890
2900	2	1590
2901	2	1354
2902	2	1811
2903	2	2778
2904	2	1147
2905	2	3277
2906	0	1992
2906	1	1879
2907	2	2162
2908	2	31
2909	0	1332
2909	1	1303
2910	2	600
2911	2	409
2912	0	1927
2912	1	1229
2913	0	1927
2913	1	1607
2914	0	1927
2914	1	1303
2915	2	1652
2916	0	230
2916	1	1070
2917	2	247
2918	2	1227
2919	2	3448
2920	2	2001
2921	0	765
2921	1	969
2922	0	2773
2922	1	2249
2923	0	2773
2923	1	2891
2924	0	1871
2924	1	2294
2925	0	3182
2925	1	1106
2926	0	1877
2926	1	747
2927	0	163
2927	1	235
2928	2	2692
2929	0	3035
2929	1	1725
2930	0	996
2930	1	2300
2931	0	951
2931	1	530
2932	0	2188
2932	1	2420
2933	2	48
2934	2	2175
2935	2	1062
2936	2	3262
2937	2	2234
2938	2	2834
2939	2	1153
2940	0	2054
2940	1	1472
2941	0	1090
2941	1	2904
2942	0	905
2942	1	1287
2943	0	905
2943	1	1303
2944	2	1629
2945	2	1792
2946	2	1281
2947	2	543
2948	0	1784
2948	1	1472
2949	2	2648
2950	2	1643
2951	0	1594
2951	1	2781
2952	2	1274
2953	2	782
2954	2	1958
2955	2	1301
2956	2	647
2957	0	3368
2957	1	2138
2958	0	3368
2958	1	1106
2959	0	1007
2959	1	289
2960	0	1007
2960	1	2138
2961	0	1734
2961	1	2904
2962	0	1385
2962	1	3206
2963	0	1917
2963	1	277
2964	0	2457
2964	1	2904
2965	0	1025
2965	1	289
2966	2	3134
2967	2	2146
2968	2	2092
2969	2	3006
2970	0	547
2970	1	3291
2971	2	2677
2972	2	3406
2973	0	3265
2973	1	3108
2974	0	572
2974	1	1229
2975	2	2868
2976	2	3367
2977	2	1636
2978	0	3219
2978	1	2672
2979	2	339
2980	2	2690
2981	0	3177
2981	1	749
2982	2	669
2983	2	3183
2984	2	1483
2985	2	1097
2986	0	1073
2986	1	1701
2987	0	1882
2987	1	2327
2988	0	3399
2988	1	3108
2989	2	152
2990	2	3394
2991	0	915
2991	1	2672
2992	2	1143
2993	2	2062
2994	0	882
2994	1	2860
2995	2	2004
2996	2	58
2997	0	3477
2997	1	1106
2998	0	3477
2998	1	1472
2999	0	3477
2999	1	1349
3000	0	3477
3000	1	164
3001	2	488
3002	2	1416
3003	2	111
3004	2	3117
3005	2	584
3006	2	2794
3007	2	282
3008	0	1216
3008	1	68
3009	0	1216
3009	1	3108
3010	2	355
3011	2	849
3012	2	873
3013	2	985
3014	2	2148
3015	2	1779
3016	2	1709
3017	2	361
3018	0	1368
3018	1	25
3019	0	1368
3019	1	2818
3020	0	1368
3020	1	3062
3021	0	1368
3021	1	3266
3022	2	2311
3023	0	2703
3023	1	969
3024	0	2703
3024	1	1441
3025	0	2703
3025	1	2904
3026	2	1771
3027	2	2538
3028	0	1109
3028	1	3157
3029	0	1109
3029	1	302
3030	0	1109
3030	1	1701
3031	2	2211
3032	0	768
3032	1	2525
3033	0	768
3033	1	302
3034	0	3163
3034	1	3263
3035	2	256
3036	2	1197
3037	2	52
3038	2	1112
3039	2	1219
3040	2	535
3041	2	908
3042	2	571
3043	2	365
3044	2	200
3045	2	3373
3046	0	2028
3046	1	109
3047	2	1939
3048	2	96
3049	0	1763
3049	1	266
3050	0	1763
3050	1	1070
3051	0	1763
3051	1	302
3052	0	1763
3052	1	2294
3053	0	1680
3053	1	2760
3054	0	1680
3054	1	729
3055	0	1813
3055	1	153
3056	0	342
3056	1	747
3057	0	342
3057	1	157
3058	0	342
3058	1	115
3059	2	3377
3060	0	2662
3060	1	3266
3061	0	912
3061	1	2865
3062	0	912
3062	1	1349
3063	0	1609
3063	1	1879
3064	0	2365
3064	1	790
3065	2	2761
3066	2	523
3067	2	2216
3068	2	436
3069	0	704
3069	1	2138
3070	2	1613
3071	2	2530
3072	2	2293
3073	2	2992
3074	0	2682
3074	1	3174
3075	0	2682
3075	1	1349
3076	2	448
3077	0	2608
3077	1	25
3078	0	2608
3078	1	1263
3079	0	2608
3079	1	3291
3080	0	2608
3080	1	1080
3081	0	2369
3081	1	454
3082	0	493
3082	1	181
3083	0	493
3083	1	2116
3084	0	493
3084	1	2005
3085	0	493
3085	1	2294
3086	2	2241
3087	2	1177
3088	2	2785
3089	0	656
3089	1	790
3090	0	656
3090	1	1797
3091	0	494
3091	1	746
3092	0	1020
3092	1	1287
3093	0	1020
3093	1	1317
3094	2	403
3095	0	2907
3095	1	371
3096	0	2907
3096	1	1509
3097	0	2907
3097	1	3127
3098	0	240
3098	1	153
3099	0	3196
3099	1	1070
3100	0	835
3100	1	1080
3101	0	835
3101	1	3266
3102	0	349
3102	1	3266
3103	0	3296
3103	1	1688
3104	0	3296
3104	1	2915
3105	0	3296
3105	1	2138
3106	0	3296
3106	1	3121
3107	2	3336
3108	2	1489
3109	2	331
3110	0	2861
3110	1	1263
3111	0	2861
3111	1	3266
3112	2	2970
3113	0	1308
3113	1	1349
3114	0	1891
3114	1	2668
3115	2	3099
3116	0	3320
3116	1	1441
3117	0	3320
3117	1	2668
3118	0	2422
3118	1	2644
3119	0	2422
3119	1	502
3120	0	2422
3120	1	602
3121	0	2422
3121	1	1881
3122	0	3210
3122	1	3108
3123	2	722
3124	2	2880
3125	2	1088
3126	2	2620
3127	2	614
3128	0	303
3128	1	2623
3129	0	303
3129	1	530
3130	0	2524
3130	1	856
3131	0	1911
3131	1	2300
3132	0	1911
3132	1	302
3133	0	1911
3133	1	1879
3134	2	2718
3135	0	2495
3135	1	605
3136	0	2495
3136	1	1349
3137	0	3402
3137	1	1080
3138	0	3402
3138	1	164
3139	0	2027
3139	1	790
3140	0	1246
3140	1	2934
3141	0	1246
3141	1	2420
3142	2	0
3143	0	2264
3143	1	605
3144	0	3215
3144	1	530
3145	0	3215
3145	1	1725
3146	0	370
3146	1	2623
3147	0	370
3147	1	530
3148	0	370
3148	1	2781
3149	0	1319
3149	1	2196
3150	0	1319
3150	1	2943
3151	0	1319
3151	1	3341
3152	0	267
3152	1	2873
3153	0	3357
3153	1	2934
3154	0	2161
3154	1	890
3155	0	3098
3155	1	2588
3156	0	3098
3156	1	3205
3157	0	3098
3157	1	1349
3158	2	2406
3159	0	992
3159	1	2420
3160	0	2914
3160	1	470
3161	0	2914
3161	1	3263
3162	2	67
3163	0	1330
3163	1	1080
3164	0	1330
3164	1	304
3165	0	1731
3165	1	1797
3166	2	2037
3167	2	1406
3168	0	2487
3168	1	1797
3169	0	677
3169	1	2915
3170	0	677
3170	1	2249
3171	0	677
3171	1	2497
3172	0	677
3172	1	2455
3173	2	2212
3174	0	3442
3174	1	2711
3175	2	3251
3176	2	1820
3177	2	2129
3178	2	2810
3179	2	485
3180	2	1922
3181	0	1790
3181	1	109
3182	0	1790
3182	1	1223
3183	0	2749
3183	1	2138
3184	0	3391
3184	1	25
3185	0	3391
3185	1	502
3186	0	1726
3186	1	1766
3187	0	1726
3187	1	78
3188	0	1726
3188	1	1701
3189	0	829
3189	1	620
3190	2	637
3191	0	1514
3191	1	2420
3192	2	3434
3193	0	624
3193	1	2915
3194	0	624
3194	1	63
3195	0	1502
3195	1	109
3196	0	1502
3196	1	1314
3197	0	1502
3197	1	2904
3198	0	3194
3198	1	2249
3199	0	3194
3199	1	1106
3200	2	309
3201	2	2246
3202	2	2744
3203	0	340
3203	1	790
3204	0	340
3204	1	1817
3205	0	340
3205	1	991
3206	0	166
3206	1	1642
3207	0	1091
3207	1	605
3208	0	659
3208	1	1305
3209	0	659
3209	1	1879
3210	2	2938
3211	0	2187
3211	1	1797
3212	0	2187
3212	1	1349
3213	2	2103
3214	2	1990
3215	0	2980
3215	1	1026
3216	0	1915
3216	1	3451
3217	2	226
3218	0	44
3218	1	2282
3219	0	44
3219	1	3300
3220	0	44
3220	1	1080
3221	0	751
3221	1	620
3222	0	751
3222	1	289
3223	0	751
3223	1	1402
3224	0	895
3224	1	3379
3225	0	895
3225	1	2904
3226	0	2702
3226	1	1583
3227	0	3419
3227	1	1879
3228	0	698
3228	1	1701
3229	2	1981
3230	2	495
3231	2	2415
3232	0	3283
3232	1	1797
3233	0	458
3233	1	1106
3234	0	458
3234	1	605
3235	0	718
3235	1	2138
3236	2	958
3237	2	207
3238	2	2769
3239	2	2892
3240	2	2344
3241	2	2134
3242	2	2613
3243	2	1978
3244	0	3023
3244	1	620
3245	0	3023
3245	1	2934
3246	0	3023
3246	1	890
3247	0	3023
3247	1	182
3248	0	3023
3248	1	2294
3249	0	3023
3249	1	833
3250	2	206
3251	2	1166
3252	2	473
3253	2	2991
3254	2	3170
3255	2	988
3256	2	1940
3257	2	2007
3258	2	2757
3259	2	265
3260	0	2083
3260	1	2623
3261	0	2083
3261	1	1640
3262	0	2083
3262	1	661
3263	0	941
3263	1	302
3264	0	3302
3264	1	109
3265	0	3302
3265	1	1640
3266	0	2053
3266	1	2979
3267	0	2053
3267	1	2873
3268	0	2053
3268	1	729
3269	0	2053
3269	1	548
3270	0	1448
3270	1	2714
3271	2	1220
3272	2	3407
3273	2	1046
3274	2	1395
3275	0	869
3275	1	2726
3276	0	869
3276	1	277
3277	2	1789
3278	2	2507
3279	0	1243
3279	1	2623
3280	0	1243
3280	1	2891
3281	0	1689
3281	1	1841
3282	0	1689
3282	1	2505
3283	0	1689
3283	1	78
3284	0	806
3284	1	109
3285	0	806
3285	1	3263
3286	0	806
3286	1	3379
3287	0	806
3287	1	1642
3288	0	672
3288	1	2222
3289	0	672
3289	1	2222
3290	0	672
3290	1	2222
3291	0	672
3291	1	2222
3292	0	3471
3292	1	1303
3293	0	1975
3293	1	2899
3294	0	1975
3294	1	1890
3295	0	1975
3295	1	2493
3296	2	3084
3297	2	986
3298	2	380
3299	0	329
3299	1	859
3300	0	329
3300	1	3468
3301	0	461
3301	1	181
3302	0	461
3302	1	1263
3303	0	461
3303	1	476
3304	0	6
3304	1	1070
3305	0	1159
3305	1	2249
3306	0	1159
3306	1	1317
3307	0	1159
3307	1	3206
3308	0	1124
3308	1	2726
3309	0	1124
3309	1	1472
3310	0	1124
3310	1	1838
3311	0	2356
3311	1	1402
3312	0	1807
3312	1	1908
3313	2	949
3314	0	1839
3314	1	1797
3315	0	2094
3315	1	25
3316	0	2094
3316	1	2249
3317	0	2094
3317	1	2116
3318	0	2094
3318	1	2214
3319	0	2094
3319	1	2550
3320	0	3200
3320	1	991
3321	2	2354
3322	0	3487
3322	1	3263
3323	0	3487
3323	1	833
3324	0	1700
3324	1	457
3325	0	764
3325	1	2632
3326	0	764
3326	1	1838
3327	2	127
3328	2	1017
3329	2	2219
3330	0	2555
3330	1	3205
3331	0	2555
3331	1	2711
3332	0	1608
3332	1	605
3333	2	796
3334	2	3482
3335	2	1678
3336	2	2195
3337	2	3010
3338	2	791
3339	2	1614
3340	0	3092
3340	1	2420
3341	0	3092
3341	1	1701
3342	0	3092
3342	1	2860
3343	0	2496
3343	1	3019
3344	0	423
3344	1	2420
3345	2	2993
3346	2	2506
3347	2	623
3348	2	2823
3349	2	695
3350	2	2989
3351	2	3095
3352	0	1992
3352	1	969
3353	0	2743
3353	1	2672
3354	0	2743
3354	1	1229
3355	0	2593
3355	1	1325
3356	0	2559
3356	1	1642
3357	0	3228
3357	1	3467
3358	0	3228
3358	1	2300
3359	0	3228
3359	1	1576
3360	0	1927
3360	1	2224
3361	2	3244
3362	2	306
3363	0	3329
3363	1	969
3364	2	2270
3365	2	2372
3366	0	37
3366	1	1417
3367	0	37
3367	1	1879
3368	0	3485
3368	1	2324
3369	0	3485
3369	1	2623
3370	0	3485
3370	1	890
3371	0	3485
3371	1	3291
3372	2	940
3373	2	1683
3374	2	2451
3375	0	2773
3375	1	2308
3376	0	2773
3376	1	218
3377	0	1871
3377	1	454
3378	0	1871
3378	1	2124
3379	0	3182
3379	1	1070
3380	2	3140
3381	2	1719
3382	2	966
3383	2	76
3384	0	1326
3384	1	773
3385	0	1877
3385	1	1607
3386	0	55
3386	1	890
3387	0	55
3387	1	271
3388	2	916
3389	0	996
3389	1	2873
3390	0	996
3390	1	1708
3391	0	996
3391	1	277
3392	0	996
3392	1	153
3393	0	996
3393	1	3293
3394	0	951
3394	1	3123
3395	0	951
3395	1	1402
3396	0	2722
3396	1	2420
3397	2	1562
3398	2	1491
3399	2	239
3400	2	948
3401	0	825
3401	1	833
3402	0	1569
3402	1	3181
3403	0	905
3403	1	25
3404	0	905
3404	1	3300
3405	0	905
3405	1	1314
3406	0	905
3406	1	2701
3407	0	905
3407	1	182
3408	0	905
3408	1	353
3409	0	2484
3409	1	1490
3410	0	1794
3410	1	302
3411	2	795
3412	2	2141
3413	0	194
3413	1	1305
3414	0	194
3414	1	1817
3415	0	194
3415	1	3451
3416	0	194
3416	1	3266
3417	2	1185
3418	2	955
3419	2	64
3420	2	1620
3421	0	995
3421	1	2138
3422	0	995
3422	1	3451
3423	2	557
3424	0	1594
3424	1	164
3425	2	512
3426	2	1294
3427	2	1875
3428	2	1722
3429	0	1007
3429	1	828
3430	0	1734
3430	1	457
3431	0	3456
3431	1	2800
3432	0	1385
3432	1	2934
3433	0	1917
3433	1	1402
3434	2	3074
3435	2	402
3436	2	2994
3437	2	2381
3438	2	2460
3439	0	1693
3439	1	2420
3440	2	3124
3441	2	2971
3442	2	2732
3443	0	245
3443	1	153
3444	2	1581
3445	0	572
3445	1	2588
3446	0	572
3446	1	3205
3447	0	572
3447	1	302
3448	0	572
3448	1	164
3449	2	582
3450	2	3038
3451	2	1214
3452	2	1322
3453	2	1115
3454	2	682
3455	2	3292
3456	0	1979
3456	1	2865
3457	2	1955
3458	0	3150
3458	1	470
3459	0	425
3459	1	3181
3460	2	1058
3461	0	162
3461	1	2904
3462	2	1442
3463	0	1611
3463	1	1402
3464	2	871
3465	2	2542
3466	2	3309
3467	0	3399
3467	1	1223
3468	0	3399
3468	1	3135
3469	2	1519
3470	2	2696
3471	2	2678
3472	2	922
3473	2	2635
3474	2	3449
3475	2	2953
3476	0	3477
3476	1	969
3477	0	1822
3477	1	699
3478	2	2452
3479	2	504
3480	2	817
3481	0	2061
3481	1	3291
3482	2	3050
3483	2	797
3484	0	1216
3484	1	969
3485	2	1937
3486	2	3386
3487	2	405
3488	2	2164
3489	2	1477
3490	2	210
3491	2	3241
3492	2	2638
3493	2	443
3494	2	158
3495	0	1728
3495	1	1402
3496	2	1157
3497	2	312
3498	0	1368
3498	1	2934
3499	0	1368
3499	1	1367
3500	0	1368
3500	1	1271
3501	0	1368
3501	1	1838
3502	0	3351
3502	1	890
3503	0	3351
3503	1	605
3504	0	2703
3504	1	289
3505	0	1109
3505	1	2005
3506	2	2341
3507	0	768
3507	1	3266
3508	0	3163
3508	1	1701
3509	2	665
3510	2	1426
3511	2	839
3512	2	809
3513	2	574
3514	2	480
3515	2	2699
3516	2	2144
3517	2	964
3518	2	1169
3519	0	2028
3519	1	2420
3520	2	2349
3521	0	1763
3521	1	2979
3522	0	1680
3522	1	371
3523	0	1680
3523	1	3108
3524	0	1813
3524	1	3121
3525	0	342
3525	1	2859
3526	2	2024
3527	0	3392
3527	1	605
3528	2	3479
3529	0	2662
3529	1	3467
3530	0	912
3530	1	3451
3531	0	912
3531	1	2714
3532	0	1609
3532	1	2860
3533	0	1786
3533	1	2934
3534	2	1745
3535	2	231
3536	2	1707
3537	2	3041
3538	2	1397
3539	0	704
3539	1	790
3540	0	704
3540	1	181
3541	0	704
3541	1	153
3542	0	704
3542	1	699
3543	0	704
3543	1	304
3544	2	1390
3545	2	195
3546	2	738
3547	2	2427
3548	2	1103
3549	2	1375
3550	0	2682
3550	1	3451
3551	0	928
3551	1	1070
3552	0	285
3552	1	1838
3553	0	2608
3553	1	2475
3554	0	2608
3554	1	2915
3555	0	2608
3555	1	2873
3556	0	2608
3556	1	1417
3557	0	2608
3557	1	3123
3558	0	2608
3558	1	2714
3559	0	2369
3559	1	969
3560	0	2369
3560	1	164
3561	0	2369
3561	1	2294
3562	0	493
3562	1	25
3563	0	493
3563	1	2943
3564	2	3014
3565	2	788
3566	2	2582
3567	2	2031
3568	2	1987
3569	0	1020
3569	1	3300
3570	0	1020
3570	1	3293
3571	0	1020
3571	1	3205
3572	0	1020
3572	1	2005
3573	0	1020
3573	1	3266
3574	0	346
3574	1	2249
3575	0	346
3575	1	1982
3576	2	3489
3577	0	1799
3577	1	2668
3578	2	613
3579	2	2359
3580	2	886
3581	0	2907
3581	1	2912
3582	0	240
3582	1	1766
3583	0	240
3583	1	3379
3584	0	240
3584	1	3157
3585	0	240
3585	1	302
3586	2	1664
3587	2	883
3588	0	835
3588	1	153
3589	2	1154
3590	0	3296
3590	1	3206
3591	0	3113
3591	1	2711
3592	0	2159
3592	1	2873
3593	0	2861
3593	1	3467
3594	0	2861
3594	1	2644
3595	0	2861
3595	1	2455
3596	0	2861
3596	1	3157
3597	0	2861
3597	1	3108
3598	2	456
3599	0	1891
3599	1	747
3600	0	3320
3600	1	2672
3601	0	3320
3601	1	2979
3602	0	3320
3602	1	530
3603	0	3320
3603	1	3403
3604	0	2422
3604	1	2249
3605	0	2422
3605	1	1268
3606	0	2422
3606	1	2873
3607	0	2422
3607	1	2575
3608	0	2422
3608	1	454
3609	0	2422
3609	1	3157
3610	0	2422
3610	1	827
3611	0	2422
3611	1	2668
3612	0	2422
3612	1	182
3613	0	2422
3613	1	353
3614	2	1501
3615	2	2262
3616	2	1211
3617	2	1705
3618	2	147
3619	2	711
3620	2	3190
3621	2	1043
3622	0	303
3622	1	1766
3623	0	303
3623	1	2525
3624	0	629
3624	1	2672
3625	2	872
3626	0	1911
3626	1	2672
3627	0	1911
3627	1	109
3628	0	369
3628	1	1797
3629	2	343
3630	2	3453
3631	0	2495
3631	1	2672
3632	0	2495
3632	1	3291
3633	0	2495
3633	1	1879
3634	0	2495
3634	1	3266
3635	0	2153
3635	1	969
3636	0	2027
3636	1	1317
3637	0	2027
3637	1	3123
3638	0	2027
3638	1	3174
3639	0	2027
3639	1	1349
3640	2	1487
3641	0	3142
3641	1	1841
3642	0	3215
3642	1	790
3643	0	3215
3643	1	602
3644	0	3215
3644	1	1026
3645	0	3215
3645	1	3205
3646	0	3215
3646	1	3123
3647	0	3215
3647	1	2668
3648	0	370
3648	1	1229
3649	0	370
3649	1	1676
3650	0	370
3650	1	109
3651	0	370
3651	1	1640
3652	0	370
3652	1	828
3653	2	1208
3654	0	1319
3654	1	1070
3655	2	1369
3656	0	267
3656	1	236
3657	0	267
3657	1	1817
3658	0	267
3658	1	991
3659	0	267
3659	1	747
3660	0	267
3660	1	1640
3661	0	267
3661	1	828
3662	0	267
3662	1	833
3663	0	2244
3663	1	289
3664	0	2244
3664	1	3108
3665	0	3357
3665	1	1817
3666	0	3357
3666	1	3121
3667	0	2161
3667	1	2138
3668	0	2161
3668	1	2865
3669	0	3098
3669	1	890
3670	0	3098
3670	1	1402
3671	2	1941
3672	2	2418
3673	2	679
3674	0	1731
3674	1	2711
3675	0	2590
3675	1	3263
3676	0	2590
3676	1	605
3677	0	2590
3677	1	761
3678	0	677
3678	1	1183
3679	0	677
3679	1	2853
3680	0	677
3680	1	2544
3681	0	677
3681	1	1509
3682	0	677
3682	1	2712
3683	0	677
3683	1	2435
3684	2	2691
3685	2	3317
3686	2	1670
3687	2	1830
3688	2	1310
3689	2	3056
3690	2	2203
3691	2	776
3692	2	1809
3693	2	3090
3694	2	1311
3695	2	801
3696	2	2305
3697	2	2441
3698	2	3192
3699	2	1055
3700	2	753
3701	2	315
3702	2	1378
3703	2	649
3704	2	1201
3705	0	1545
3705	1	2795
3706	0	1545
3706	1	3463
3707	0	1545
3707	1	2936
3708	0	1545
3708	1	3438
3709	0	1790
3709	1	502
3710	0	2394
3710	1	3174
3711	0	2749
3711	1	2282
3712	0	3391
3712	1	790
3713	0	3391
3713	1	2282
3714	0	3391
3714	1	277
3715	0	3391
3715	1	3451
3716	0	3391
3716	1	304
3717	0	1726
3717	1	1080
3718	0	1726
3718	1	3451
3719	0	1726
3719	1	3266
3720	2	145
3721	0	829
3721	1	1989
3722	2	1357
3723	0	624
3723	1	353
3724	0	1502
3724	1	1229
3725	0	1502
3725	1	1640
3726	0	1502
3726	1	1838
3727	0	1502
3727	1	699
3728	0	3194
3728	1	2711
3729	2	219
3730	0	2274
3730	1	277
3731	0	2274
3731	1	3266
3732	0	340
3732	1	2860
3733	0	1091
3733	1	1402
3734	0	2187
3734	1	3280
3735	0	2783
3735	1	969
3736	0	2783
3736	1	3451
3737	0	2968
3737	1	2904
3738	2	1918
3739	0	1915
3739	1	1280
3740	0	1915
3740	1	1026
3741	2	123
3742	2	383
3743	0	44
3743	1	1280
3744	0	44
3744	1	3174
3745	0	751
3745	1	1676
3746	0	895
3746	1	2327
3747	0	1412
3747	1	153
3748	2	492
3749	0	2748
3749	1	605
3750	0	1207
3750	1	468
3751	0	3191
3751	1	890
3752	0	3419
3752	1	1070
3753	0	3419
3753	1	605
3754	0	3419
3754	1	1441
3755	0	1464
3755	1	1026
3756	0	1464
3756	1	1701
3757	0	698
3757	1	3135
3758	0	698
3758	1	1879
3759	2	2774
3760	2	2401
3761	2	2517
3762	2	2514
3763	0	2076
3763	1	3379
3764	0	2076
3764	1	2865
3765	2	2360
3766	2	2753
3767	2	863
3768	2	1284
3769	2	2217
3770	2	1
3771	2	2338
3772	2	1539
3773	2	3493
3774	2	2900
3775	2	1016
3776	2	2464
3777	2	3068
3778	2	997
3779	2	2275
3780	2	2629
3781	2	2384
3782	2	1459
3783	0	2088
3783	1	1879
3784	2	1104
3785	2	3254
3786	2	2500
3787	2	3240
3788	0	3023
3788	1	3291
3789	0	3023
3789	1	2005
3790	0	3023
3790	1	2668
3791	0	3023
3791	1	1701
3792	2	2597
3793	2	413
3794	2	1575
3795	2	1783
3796	2	2280
3797	2	3255
3798	2	3494
3799	2	3236
3800	2	1648
3801	2	1821
3802	2	2919
3803	2	3387
3804	2	2091
3805	0	2417
3805	1	1642
3806	0	2083
3806	1	1642
3807	0	941
3807	1	1676
3808	0	941
3808	1	2934
3809	2	1727
3810	0	3302
3810	1	3291
3811	0	3302
3811	1	2463
3812	2	3461
3813	2	3354
3814	0	1448
3814	1	530
3815	0	2966
3815	1	2475
3816	0	2966
3816	1	1766
3817	0	2966
3817	1	1100
3818	0	2966
3818	1	2005
3819	0	2966
3819	1	1879
3820	0	336
3820	1	2322
3821	0	336
3821	1	1441
3822	0	1084
3822	1	620
3823	2	1130
3824	2	3443
3825	0	869
3825	1	3263
3826	0	869
3826	1	2668
3827	2	211
3828	2	2543
3829	2	322
3830	2	2854
3831	2	1391
3832	2	3380
3833	2	2194
3834	2	967
3835	0	2605
3835	1	2904
3836	2	2267
3837	2	2945
3838	2	3144
3839	2	1964
3840	0	1243
3840	1	2672
3841	0	1243
3841	1	2934
3842	0	1243
3842	1	181
3843	0	1243
3843	1	1441
3844	0	1243
3844	1	804
3845	0	1243
3845	1	2139
3846	0	1243
3846	1	699
3847	0	1689
3847	1	856
3848	0	1689
3848	1	1640
3849	0	1689
3849	1	2632
3850	0	806
3850	1	277
3851	0	806
3851	1	1314
3852	2	3282
3853	2	149
3854	2	3455
3855	2	15
3856	0	672
3856	1	2222
3857	0	672
3857	1	2222
3858	0	3471
3858	1	289
3859	0	3471
3859	1	2322
3860	0	3471
3860	1	2668
3861	0	1819
3861	1	277
3862	0	1819
3862	1	899
3863	0	1819
3863	1	2525
3864	0	1975
3864	1	1982
3865	0	1975
3865	1	2327
3866	2	1486
3867	0	329
3867	1	1595
3868	0	461
3868	1	25
3869	0	461
3869	1	3062
3870	0	461
3870	1	3205
3871	0	461
3871	1	3206
3872	0	6
3872	1	605
3873	0	756
3873	1	3379
3874	0	1159
3874	1	2282
3875	0	1159
3875	1	2979
3876	0	1159
3876	1	1441
3877	0	1159
3877	1	804
3878	0	1159
3878	1	2632
3879	0	1159
3879	1	1838
3880	0	1124
3880	1	2934
3881	0	1124
3881	1	1015
3882	0	1124
3882	1	2273
3883	0	1124
3883	1	3108
3884	0	2351
3884	1	3280
3885	2	1033
3886	0	1532
3886	1	151
3887	0	1532
3887	1	890
3888	2	1119
3889	0	1839
3889	1	1106
3890	0	2094
3890	1	3350
3891	0	2094
3891	1	1642
3892	0	2094
3892	1	2525
3893	2	140
3894	0	3256
3894	1	304
3895	2	2791
3896	2	2856
3897	2	35
3898	2	41
3899	2	840
3900	2	2716
3901	2	410
3902	2	2604
3903	2	3411
3904	2	2549
3905	2	705
3906	0	2513
3906	1	3135
3907	0	1415
3907	1	3019
3908	0	1415
3908	1	2327
3909	2	2268
3910	2	933
3911	2	1113
3912	0	3435
3912	1	2138
3913	0	2745
3913	1	1349
3914	2	2226
3915	0	1781
3915	1	969
3916	2	1363
3917	0	3092
3917	1	277
3918	0	3092
3918	1	1106
3919	0	3046
3919	1	3135
3920	0	2496
3920	1	790
3921	0	2496
3921	1	1441
3922	2	1542
3923	0	3184
3923	1	3019
3924	0	3184
3924	1	1106
3925	0	3184
3925	1	2904
3926	0	3184
3926	1	1349
3927	0	423
3927	1	1817
3928	2	1388
3929	2	2995
3930	2	562
3931	2	2433
3932	0	1992
3932	1	699
3933	2	2329
3934	2	1180
3935	2	178
3936	0	1332
3936	1	1305
3937	0	1332
3937	1	699
3938	0	3306
3938	1	3280
3939	2	3232
3940	0	3228
3940	1	1530
3941	0	3228
3941	1	2455
3942	0	3228
3942	1	3205
3943	0	3228
3943	1	3294
3944	0	2334
3944	1	2282
3945	2	1660
3946	0	2975
3946	1	1441
3947	0	2975
3947	1	3413
3948	2	982
3949	2	1099
3950	2	3081
3951	0	3329
3951	1	2949
3952	0	37
3952	1	2979
3953	0	3485
3953	1	2979
3954	2	2806
3955	2	2075
3956	0	765
3956	1	2143
3957	0	1871
3957	1	109
3958	0	1871
3958	1	2726
3959	0	1871
3959	1	1576
3960	0	1871
3960	1	1841
3961	0	3182
3961	1	3263
3962	0	3182
3962	1	3350
3963	0	3182
3963	1	3451
3964	0	3182
3964	1	3181
3965	0	3035
3965	1	164
3966	0	3035
3966	1	3266
3967	0	996
3967	1	3206
3968	0	3156
3968	1	991
3969	0	3156
3969	1	969
3970	2	1353
3971	2	844
3972	2	2301
3973	0	689
3973	1	2860
3974	2	2467
3975	2	3313
3976	2	2681
3977	2	2626
3978	2	291
3979	2	3086
3980	0	2886
3980	1	2711
3981	0	2054
3981	1	1688
3982	0	825
3982	1	2300
3983	0	825
3983	1	3379
3984	0	825
3984	1	605
3985	0	1569
3985	1	109
3986	0	1569
3986	1	2525
3987	0	1569
3987	1	2327
3988	0	1090
3988	1	289
3989	0	1090
3989	1	1070
3990	0	905
3990	1	153
3991	0	905
3991	1	1026
3992	0	905
3992	1	1080
3993	0	905
3993	1	164
3994	2	896
3995	2	1948
3996	0	327
3996	1	1303
3997	0	327
3997	1	3121
3998	2	1347
3999	2	727
4000	0	194
4000	1	3019
4001	2	2615
4002	2	724
4003	2	1127
4004	2	30
4005	0	995
4005	1	1317
4006	0	995
4006	1	1106
4007	0	995
4007	1	2455
4008	2	2125
4009	2	2990
4010	2	2578
4011	0	799
4011	1	530
4012	0	1594
4012	1	2711
4013	2	3207
4014	2	1898
4015	2	1828
4016	2	2515
4017	2	816
4018	2	2396
4019	2	592
4020	2	3180
4021	2	1929
4022	0	3368
4022	1	969
4023	0	3368
4023	1	2904
4024	0	3368
4024	1	3135
4025	0	1007
4025	1	890
4026	0	1007
4026	1	1797
4027	0	1734
4027	1	1701
4028	0	1734
4028	1	1879
4029	0	3456
4029	1	3451
4030	2	643
4031	2	1527
4032	0	1385
4032	1	2544
4033	0	1385
4033	1	502
4034	0	1385
4034	1	2711
4035	0	1917
4035	1	3403
4036	0	2457
4036	1	151
4037	0	2457
4037	1	2420
4038	2	1145
4039	0	183
4039	1	605
4040	0	1800
4040	1	289
4041	2	129
4042	2	1407
4043	2	506
4044	2	2240
4045	2	2519
4046	2	3008
4047	2	1140
4048	2	615
4049	2	1577
4050	0	1261
4050	1	1070
4051	2	606
4052	0	376
4052	1	1070
4053	2	106
4054	0	572
4054	1	1280
4055	0	572
4055	1	890
4056	0	1863
4056	1	2781
4057	2	910
4058	2	518
4059	2	570
4060	0	3177
4060	1	2765
4061	0	3177
4061	1	3121
4062	0	3177
4062	1	2860
4063	0	3150
4063	1	1026
4064	0	425
4064	1	2138
4065	2	1655
4066	0	19
4066	1	2865
4067	0	19
4067	1	1797
4068	2	2485
4069	2	1893
4070	2	1994
4071	0	1065
4071	1	1701
4072	0	481
4072	1	1305
4073	2	766
4074	0	3399
4074	1	1317
4075	0	3399
4075	1	454
4076	0	3399
4076	1	3123
4077	2	2954
4078	2	1445
4079	2	867
4080	2	2933
4081	0	915
4081	1	3062
4082	0	915
4082	1	3108
4083	2	1531
4084	2	199
4085	2	999
4086	2	1051
4087	2	1068
4088	0	882
4088	1	2904
4089	2	3420
4090	2	363
4091	0	3477
4091	1	289
4092	0	3477
4092	1	1708
4093	2	717
4094	2	45
4095	2	338
4096	2	617
4097	2	130
4098	0	1216
4098	1	790
4099	0	1216
4099	1	3280
4100	2	3284
4101	2	864
4102	2	1866
4103	2	1481
4104	2	962
4105	2	901
4106	2	793
4107	2	2583
4108	2	3450
4109	2	505
4110	2	1282
4111	2	885
4112	2	1504
4113	2	2297
4114	2	2969
4115	2	2501
4116	2	686
4117	2	1935
4118	2	497
4119	2	841
4120	2	2180
4121	0	1368
4121	1	151
4122	0	1368
4122	1	2325
4123	0	1368
4123	1	2358
4124	0	1368
4124	1	3157
4125	0	1368
4125	1	229
4126	0	1368
4126	1	545
4127	0	3351
4127	1	1725
4128	0	3351
4128	1	2904
4129	0	2703
4129	1	2249
4130	0	1109
4130	1	25
4131	0	1109
4131	1	109
4132	0	1109
4132	1	2943
4133	0	1109
4133	1	1349
4134	0	1109
4134	1	833
4135	2	1602
4136	2	3195
4137	2	414
4138	2	5
4139	0	3163
4139	1	2196
4140	0	3163
4140	1	3205
4141	0	1589
4141	1	1314
4142	2	2041
4143	2	1492
4144	2	1909
4145	2	124
4146	2	1064
4147	2	1535
4148	2	137
4149	2	3439
4150	2	3238
4151	2	3376
4152	2	1957
4153	0	2708
4153	1	2420
4154	0	1541
4154	1	168
4155	2	2259
4156	2	2811
4157	2	1596
4158	2	1977
4159	2	2215
4160	2	3073
4161	2	743
4162	2	1435
4163	2	1240
4164	2	1000
4165	2	2198
4166	2	1679
4167	2	3229
4168	2	2641
4169	2	3162
4170	2	2044
4171	2	1617
4172	0	3003
4172	1	2714
4173	0	2028
4173	1	2249
4174	0	2028
4174	1	454
4175	2	2560
4176	0	1763
4176	1	3379
4177	0	1763
4177	1	314
4178	0	1680
4178	1	2979
4179	0	1680
4179	1	1203
4180	0	1680
4180	1	182
4181	0	1813
4181	1	2249
4182	0	1813
4182	1	1070
4183	0	1813
4183	1	271
4184	0	342
4184	1	1708
4185	0	342
4185	1	969
4186	0	342
4186	1	3206
4187	0	342
4187	1	2860
4188	0	1993
4188	1	3468
4189	2	921
4190	2	1034
4191	0	1155
4191	1	1879
4192	0	2332
4192	1	3291
4193	0	3392
4193	1	1026
4194	0	3392
4194	1	2455
4195	0	3392
4195	1	455
4196	0	3392
4196	1	304
4197	2	2733
4198	0	2662
4198	1	2726
4199	0	2662
4199	1	2915
4200	0	2662
4200	1	1280
4201	0	2662
4201	1	3062
4202	0	912
4202	1	2623
4203	0	912
4203	1	3019
4204	0	1525
4204	1	2904
4205	0	1786
4205	1	1708
4206	0	1786
4206	1	1317
4207	0	1786
4207	1	3291
4208	0	1786
4208	1	2294
4209	0	2365
4209	1	181
4210	0	2365
4210	1	277
4211	0	2365
4211	1	3062
4212	0	2365
4212	1	2904
4213	2	2843
4214	2	3496
4215	2	3169
4216	2	1906
4217	2	391
4218	2	2168
4219	2	3007
4220	2	2643
4221	0	704
4221	1	856
4222	0	704
4222	1	3263
4223	0	704
4223	1	1640
4224	0	704
4224	1	3157
4225	0	704
4225	1	78
4226	0	704
4226	1	1441
4227	0	704
4227	1	3403
4228	0	704
4228	1	3266
4229	2	1775
4230	2	1171
4231	0	252
4231	1	289
4232	2	1295
4233	2	173
4234	2	935
4235	2	3225
4236	0	2682
4236	1	2420
4237	0	2682
4237	1	271
4238	0	2682
4238	1	2860
4239	0	928
4239	1	1305
4240	0	928
4240	1	1349
4241	0	928
4241	1	271
4242	2	1543
4243	2	100
4244	2	1930
4245	2	262
4246	0	979
4246	1	2420
4247	2	568
4248	0	1720
4248	1	3121
4249	0	2608
4249	1	773
4250	0	2608
4250	1	575
4251	0	2608
4251	1	3206
4252	0	2608
4252	1	1371
4253	0	2608
4253	1	2294
4254	0	2369
4254	1	25
4255	0	2369
4255	1	1817
4256	0	2369
4256	1	991
4257	0	2369
4257	1	3123
4258	0	2369
4258	1	271
4259	2	3289
4260	0	493
4260	1	2979
4261	0	493
4261	1	3206
4262	2	377
4263	2	3425
4264	2	900
4265	2	2014
4266	2	2766
4267	2	12
4268	2	599
4269	0	444
4269	1	890
4270	0	444
4270	1	1797
4271	2	156
4272	2	317
4273	2	2307
4274	2	2079
4275	2	501
4276	0	2097
4276	1	1879
4277	2	3345
4278	2	1557
4279	2	176
4280	2	3318
4281	0	656
4281	1	1870
4282	0	656
4282	1	164
4283	0	656
4283	1	1879
4284	0	656
4284	1	3266
4285	2	437
4286	0	494
4286	1	1305
4287	0	494
4287	1	3263
4288	0	494
4288	1	2891
4289	0	494
4289	1	1120
4290	0	494
4290	1	3121
4291	0	1020
4291	1	2672
4292	0	1020
4292	1	1015
4293	0	1020
4293	1	3379
4294	0	1020
4294	1	2632
4295	0	1020
4295	1	3108
4296	2	2390
4297	2	268
4298	2	1846
4299	0	346
4299	1	3019
4300	0	346
4300	1	3341
4301	0	2907
4301	1	2112
4302	0	2907
4302	1	1739
4303	0	2907
4303	1	761
4304	0	2907
4304	1	1352
4305	0	240
4305	1	3341
4306	0	240
4306	1	2327
4307	0	3196
4307	1	620
4308	0	3196
4308	1	2224
4309	0	759
4309	1	2116
4310	0	2468
4310	1	2420
4311	0	2468
4311	1	1402
4312	2	2705
4313	0	835
4313	1	2420
4314	0	835
4314	1	304
4315	0	349
4315	1	1841
4316	0	598
4316	1	2672
4317	0	2862
4317	1	661
4318	0	3296
4318	1	2475
4319	0	3296
4319	1	139
4320	0	3296
4320	1	2308
4321	0	3296
4321	1	1472
4322	0	3296
4322	1	2714
4323	0	3296
4323	1	1730
4324	0	3113
4324	1	3135
4325	0	3113
4325	1	3181
4326	2	2870
4327	0	2159
4327	1	1314
4328	0	2861
4328	1	2282
4329	0	2861
4329	1	899
4330	0	2861
4330	1	502
4331	0	2861
4331	1	2143
4332	0	2861
4332	1	1417
4333	0	2861
4333	1	302
4334	0	2861
4334	1	3123
4335	0	2861
4335	1	2327
4336	0	2861
4336	1	2668
4337	2	318
4338	0	1308
4338	1	2273
4339	0	1308
4339	1	1402
4340	0	1560
4340	1	2934
4341	2	2587
4342	0	1891
4342	1	856
4343	0	1891
4343	1	3291
4344	0	1891
4344	1	3181
4345	2	1831
4346	2	1215
4347	2	2363
4348	0	3320
4348	1	1676
4349	0	3320
4349	1	1870
4350	0	3320
4350	1	277
4351	0	3320
4351	1	2912
4352	0	3320
4352	1	575
4353	0	3320
4353	1	1371
4354	0	2422
4354	1	2588
4355	0	2422
4355	1	1530
4356	0	2422
4356	1	2063
4357	0	2422
4357	1	3379
4358	0	2422
4358	1	3062
4359	0	2422
4359	1	3206
4360	0	2422
4360	1	1371
4361	0	2422
4361	1	855
4362	0	2422
4362	1	446
4363	0	3210
4363	1	2327
4364	2	2410
4365	2	1624
4366	2	1251
4367	2	347
4368	2	2291
4369	2	2557
4370	2	861
4371	2	687
4372	2	760
4373	2	330
4374	0	303
4374	1	1841
4375	0	303
4375	1	2876
4376	0	303
4376	1	1441
4377	0	303
4377	1	699
4378	2	2309
4379	0	2524
4379	1	620
4380	0	2524
4380	1	2979
4381	0	2524
4381	1	2623
4382	2	2599
4383	2	2082
4384	2	1588
4385	0	1911
4385	1	2818
4386	0	1911
4386	1	828
4387	2	1769
4388	2	1315
4389	0	2495
4389	1	3467
4390	0	2495
4390	1	1305
4391	0	2495
4391	1	3280
4392	0	2495
4392	1	2915
4393	0	2495
4393	1	3019
4394	0	2495
4394	1	2525
4395	0	2495
4395	1	2904
4396	0	2495
4396	1	1701
4397	0	2495
4397	1	3181
4398	0	2153
4398	1	3174
4399	0	2551
4399	1	2282
4400	2	1434
4401	2	1126
4402	0	2027
4402	1	2644
4403	0	2027
4403	1	1766
4404	0	2027
4404	1	2224
4405	0	2027
4405	1	1838
4406	2	3472
4407	2	2183
4408	2	2771
4409	0	680
4409	1	3019
4410	0	680
4410	1	1070
4411	0	680
4411	1	729
4412	0	1246
4412	1	3181
4413	2	688
4414	2	2405
4415	0	2264
4415	1	25
4416	0	2264
4416	1	304
4417	2	1951
4418	2	1944
4419	0	3215
4419	1	2282
4420	0	3215
4420	1	2979
4421	0	3215
4421	1	109
4422	0	3215
4422	1	2934
4423	0	3215
4423	1	2327
4424	0	3215
4424	1	3135
4425	0	3215
4425	1	3438
4426	0	370
4426	1	3263
4427	0	370
4427	1	277
4428	0	370
4428	1	747
4429	0	370
4429	1	3294
4430	0	370
4430	1	2327
4431	0	2366
4431	1	605
4432	2	1517
4433	2	3314
4434	2	2469
4435	0	1319
4435	1	25
4436	0	1319
4436	1	804
4437	2	808
4438	2	464
4439	2	721
4440	2	2049
4441	0	267
4441	1	1676
4442	0	267
4442	1	3062
4443	0	2244
4443	1	2138
4444	0	2244
4444	1	1317
4445	0	2244
4445	1	3379
4446	0	2244
4446	1	153
4447	0	2244
4447	1	2781
4448	0	2244
4448	1	3121
4449	0	2244
4449	1	1879
4450	0	3357
4450	1	302
4451	0	3357
4451	1	3451
4452	0	2161
4452	1	2623
4453	0	2161
4453	1	1817
4454	0	2161
4454	1	991
4455	0	2161
4455	1	1223
4456	0	2161
4456	1	1879
4457	0	934
4457	1	890
4458	0	934
4458	1	1797
4459	0	3098
4459	1	457
4460	0	3098
4460	1	773
4461	0	3098
4461	1	3165
4462	2	2839
4463	0	992
4463	1	1441
4464	0	992
4464	1	3181
4465	2	2955
4466	2	2674
4467	0	243
4467	1	3121
4468	0	2914
4468	1	1417
4469	0	2914
4469	1	3135
4470	2	2908
4471	0	1330
4471	1	236
4472	2	618
4473	2	670
4474	0	1731
4474	1	1349
4475	0	2590
4475	1	2525
4476	0	2590
4476	1	1349
4477	0	1121
4477	1	289
4478	0	1121
4478	1	1314
4479	0	1121
4479	1	2860
4480	0	2487
4480	1	3019
4481	2	1515
4482	0	2840
4482	1	1838
4483	0	677
4483	1	1711
4484	0	677
4484	1	2115
4485	0	677
4485	1	218
4486	2	930
4487	2	2207
4488	2	3048
4489	2	1443
4490	2	2601
4491	2	787
4492	2	2006
4493	2	3295
4494	2	431
4495	2	2867
4496	2	290
4497	0	1545
4497	1	1982
4498	0	1545
4498	1	2435
4499	0	1545
4499	1	2912
4500	0	1545
4500	1	2308
4501	0	1545
4501	1	2463
4502	0	1545
4502	1	3030
4503	0	1790
4503	1	790
4504	0	1790
4504	1	2672
4505	0	1790
4505	1	3205
4506	0	1790
4506	1	2714
4507	0	2394
4507	1	2934
4508	0	2394
4508	1	1106
4509	0	3391
4509	1	1982
4510	0	3391
4510	1	773
4511	0	3391
4511	1	1642
4512	0	3391
4512	1	1100
4513	0	3391
4513	1	455
4514	0	1726
4514	1	266
4515	0	1726
4515	1	2934
4516	0	1726
4516	1	1100
4517	0	1726
4517	1	68
4518	0	1726
4518	1	2714
4519	0	2136
4519	1	1711
4520	0	2136
4520	1	3263
4521	2	779
4522	2	3258
4523	2	2801
4524	2	2763
4525	2	3353
4526	0	829
4526	1	2873
4527	0	829
4527	1	1414
4528	2	2038
4529	2	42
4530	2	1232
4531	0	1514
4531	1	1317
4532	2	1484
4533	2	2133
4534	2	639
4535	2	2882
4536	2	2099
4537	0	624
4537	1	218
4538	0	624
4538	1	761
4539	0	1502
4539	1	181
4540	0	1502
4540	1	991
4541	0	3194
4541	1	2818
4542	0	3194
4542	1	2224
4543	0	3194
4543	1	1349
4544	2	324
4545	2	372
4546	2	1669
4547	2	1237
4548	2	701
4549	2	146
4550	0	2274
4550	1	1305
4551	0	2274
4551	1	1303
4552	0	340
4552	1	3300
4553	0	340
4553	1	1708
4554	0	340
4554	1	2143
4555	0	340
4555	1	2525
4556	0	340
4556	1	3123
4557	0	340
4557	1	164
4558	0	758
4558	1	773
4559	0	1105
4559	1	3205
4560	0	1105
4560	1	1797
4561	0	1101
4561	1	2420
4562	0	644
4562	1	1841
4563	0	1091
4563	1	1841
4564	0	1091
4564	1	2860
4565	0	1091
4565	1	1879
4566	0	659
4566	1	1817
4567	0	659
4567	1	1472
4568	0	2187
4568	1	289
4569	0	3020
4569	1	1229
4570	0	3020
4570	1	3280
4571	0	3020
4571	1	1642
4572	0	3020
4572	1	2711
4573	2	2029
4574	2	449
4575	2	630
4576	2	546
4577	2	2683
4578	2	3405
4579	0	2980
4579	1	856
4580	0	2980
4580	1	530
4581	0	2980
4581	1	2865
4582	0	2980
4582	1	828
4583	2	519
4584	0	1915
4584	1	3263
4585	0	1915
4585	1	2818
4586	0	1915
4586	1	236
4587	0	1915
4587	1	1725
4588	0	1915
4588	1	1571
4589	0	1915
4589	1	1349
4590	0	1915
4590	1	1879
4591	0	1915
4591	1	3403
4592	0	1915
4592	1	3266
4593	2	1549
4594	0	44
4594	1	2672
4595	0	44
4595	1	2249
4596	0	44
4596	1	1817
4597	0	44
4597	1	2525
4598	0	44
4598	1	271
4599	0	1463
4599	1	289
4600	0	1463
4600	1	1080
4601	0	1463
4601	1	1890
4602	0	1463
4602	1	1349
4603	0	751
4603	1	2781
4604	0	751
4604	1	2294
4605	0	751
4605	1	3121
4606	0	895
4606	1	890
4607	0	895
4607	1	502
4608	0	895
4608	1	1841
4609	0	1412
4609	1	1070
4610	0	1412
4610	1	1106
4611	0	1412
4611	1	828
4612	0	1412
4612	1	699
4613	0	1412
4613	1	3266
4614	2	762
4615	2	3398
4616	0	2748
4616	1	2455
4617	0	2748
4617	1	1402
4618	0	1207
4618	1	266
4619	0	1207
4619	1	2934
4620	0	459
4620	1	1402
4621	0	3191
4621	1	1229
4622	0	3191
4622	1	3135
4623	0	3191
4623	1	3403
4624	0	3419
4624	1	1349
4625	0	1464
4625	1	605
4626	0	1464
4626	1	3135
4627	0	1464
4627	1	1349
4628	0	698
4628	1	3263
4629	0	698
4629	1	605
4630	0	698
4630	1	3451
4631	0	1189
4631	1	969
4632	0	477
4632	1	2249
4633	0	477
4633	1	3403
4634	2	66
4635	2	837
4636	2	2352
4637	2	2649
4638	0	458
4638	1	457
4639	0	718
4639	1	2915
4640	0	718
4640	1	302
4641	0	2076
4641	1	2196
4642	2	1248
4643	2	1209
4644	2	1226
4645	2	2814
4646	2	2667
4647	2	1205
4648	2	874
4649	2	2302
4650	2	676
4651	2	2408
4652	2	1328
4653	0	2825
4653	1	573
4654	2	270
4655	2	3214
4656	2	2084
4657	2	563
4658	2	3042
4659	2	396
4660	2	2863
4661	2	792
4662	2	237
4663	2	815
4664	2	653
4665	0	2088
4665	1	1817
4666	0	2088
4666	1	833
4667	2	942
4668	2	674
4669	2	2106
4670	2	1988
4671	2	3100
4672	2	7
4673	2	1556
4674	2	1168
4675	2	227
4676	2	731
4677	2	2792
4678	2	474
4679	2	2709
4680	0	3023
4680	1	3300
4681	0	3023
4681	1	1708
4682	0	3023
4682	1	1571
4683	0	3023
4683	1	1371
4684	0	3023
4684	1	1838
4685	2	2636
4686	2	956
4687	2	1619
4688	2	2206
4689	2	1597
4690	2	2253
4691	0	1738
4691	1	530
4692	0	1738
4692	1	3019
4693	2	2813
4694	2	1520
4695	2	2113
4696	2	117
4697	2	2576
4698	0	2417
4698	1	1417
4699	0	2083
4699	1	25
4700	0	2083
4700	1	289
4701	0	2083
4701	1	3062
4702	0	2083
4702	1	1303
4703	0	2083
4703	1	605
4704	0	2083
4704	1	3135
4705	0	2083
4705	1	182
4706	0	941
4706	1	2282
4707	0	941
4707	1	1229
4708	0	941
4708	1	2865
4709	0	941
4709	1	1100
4710	0	941
4710	1	164
4711	2	2978
4712	2	1272
4713	2	2591
4714	0	3302
4714	1	2644
4715	0	3302
4715	1	2934
4716	0	3302
4716	1	1268
4717	0	3302
4717	1	1414
4718	0	3302
4718	1	1982
4719	0	3302
4719	1	78
4720	0	3302
4720	1	804
4721	0	3302
4721	1	2668
4722	0	3302
4722	1	68
4723	0	3302
4723	1	182
4724	0	3302
4724	1	2294
4725	2	3198
4726	0	2053
4726	1	2853
4727	0	2053
4727	1	1268
4728	0	2053
4728	1	1299
4729	0	2053
4729	1	747
4730	0	2053
4730	1	1371
4731	0	1448
4731	1	3121
4732	0	2966
4732	1	25
4733	0	2966
4733	1	945
4734	0	2966
4734	1	1287
4735	0	2966
4735	1	2965
4736	0	2966
4736	1	3463
4737	0	2966
4737	1	729
4738	0	2966
4738	1	2912
4739	0	2966
4739	1	164
4740	0	2966
4740	1	761
4741	2	2465
4742	2	2902
4743	0	336
4743	1	1725
4744	2	3235
4745	2	2430
4746	2	404
4747	2	2547
4748	0	1084
4748	1	790
4749	0	1084
4749	1	2711
4750	0	1084
4750	1	699
4751	0	2488
4751	1	890
4752	0	2488
4752	1	1317
4753	2	3441
4754	2	300
4755	2	2279
4756	2	1920
4757	2	1405
4758	2	1116
4759	2	2071
4760	0	869
4760	1	266
4761	0	869
4761	1	2943
4762	0	869
4762	1	1317
4763	0	869
4763	1	1576
4764	2	2424
4765	2	1580
4766	2	913
4767	2	2685
4768	2	1912
4769	2	1717
4770	2	1346
4771	0	1243
4771	1	2644
4772	0	1243
4772	1	2526
4773	0	1689
4773	1	25
4774	0	1689
4774	1	1676
4775	0	1689
4775	1	1766
4776	0	1689
4776	1	2934
4777	0	1689
4777	1	236
4778	0	1689
4778	1	2455
4779	0	806
4779	1	1708
4780	0	806
4780	1	3123
4781	0	806
4781	1	182
4782	0	806
4782	1	2781
4783	0	672
4783	1	2222
4784	0	672
4784	1	2222
4785	0	672
4785	1	2222
4786	0	672
4786	1	2222
4787	0	672
4787	1	2222
4788	0	672
4788	1	2222
4789	0	672
4789	1	2222
4790	0	672
4790	1	2222
4791	0	3471
4791	1	2644
4792	0	3471
4792	1	1676
4793	0	3471
4793	1	109
4794	0	3471
4794	1	1287
4795	0	3471
4795	1	3019
4796	0	3471
4796	1	2526
4797	0	1819
4797	1	530
4798	0	1819
4798	1	502
4799	0	1819
4799	1	1303
4800	0	1819
4800	1	575
4801	0	1819
4801	1	828
4802	0	1975
4802	1	25
4803	0	1975
4803	1	1203
4804	0	1975
4804	1	602
4805	0	1975
4805	1	855
4806	2	3427
4807	2	2013
4808	2	1327
4809	0	329
4809	1	2367
4810	0	329
4810	1	2526
4811	0	329
4811	1	517
4812	0	329
4812	1	2005
4813	0	329
4813	1	699
4814	0	461
4814	1	1100
4815	0	461
4815	1	1890
4816	0	2687
4816	1	2525
4817	0	2687
4817	1	1879
4818	0	6
4818	1	1402
4819	0	2140
4819	1	1026
4820	0	2140
4820	1	1349
4821	0	756
4821	1	1701
4822	0	1159
4822	1	266
4823	0	1159
4823	1	2915
4824	0	1159
4824	1	975
4825	0	1159
4825	1	2965
4826	0	1159
4826	1	277
4827	0	1159
4827	1	1314
4828	0	1159
4828	1	2526
4829	0	1159
4829	1	3294
4830	0	1159
4830	1	3123
4831	0	1159
4831	1	990
4832	0	1124
4832	1	856
4833	0	1124
4833	1	2818
4834	0	1124
4834	1	890
4835	0	1124
4835	1	804
4836	0	1532
4836	1	2853
4837	0	1532
4837	1	3415
4838	0	1532
4838	1	3379
4839	0	1532
4839	1	1472
4840	2	789
4841	0	1839
4841	1	289
4842	0	1839
4842	1	969
4843	0	2094
4843	1	2936
4844	0	2094
4844	1	1059
4845	0	2094
4845	1	3030
4846	0	2094
4846	1	229
4847	0	2094
4847	1	2632
4848	0	2094
4848	1	353
4849	0	2228
4849	1	2915
4850	2	608
4851	0	3487
4851	1	476
4852	0	2021
4852	1	790
4853	0	2021
4853	1	2505
4854	0	2021
4854	1	3121
4855	0	2021
4855	1	271
4856	0	1700
4856	1	2420
4857	2	2511
4858	2	1392
4859	2	1851
4860	0	764
4860	1	236
4861	0	764
4861	1	3205
4862	2	1563
4863	2	528
4864	2	1076
4865	2	2453
4866	0	2607
4866	1	3280
4867	0	2607
4867	1	289
4868	2	1996
4869	2	378
4870	2	3226
4871	0	2513
4871	1	3019
4872	0	970
4872	1	2623
4873	0	2555
4873	1	620
4874	0	2555
4874	1	1766
4875	0	2555
4875	1	3181
4876	0	1415
4876	1	457
4877	0	1415
4877	1	773
4878	0	1415
4878	1	3341
4879	0	1415
4879	1	1879
4880	0	2552
4880	1	289
4881	0	2552
4881	1	605
4882	2	1855
4883	2	607
4884	0	754
4884	1	1229
4885	0	2680
4885	1	605
4886	2	1724
4887	0	1781
4887	1	457
4888	2	3153
4889	2	1947
4890	2	1333
4891	0	284
4891	1	969
4892	2	1210
4893	2	3381
4894	0	3092
4894	1	1314
4895	2	2171
4896	0	2496
4896	1	1183
4897	0	2496
4897	1	2860
4898	0	2996
4898	1	2420
4899	0	1256
4899	1	2420
4900	0	1256
4900	1	455
4901	2	713
4902	2	1213
4903	2	2149
4904	2	3145
4905	2	838
4906	0	2056
4906	1	454
4907	0	3184
4907	1	890
4908	0	3184
4908	1	1026
4909	0	3184
4909	1	1701
4910	0	3184
4910	1	164
4911	0	423
4911	1	530
4912	0	423
4912	1	1472
4913	0	423
4913	1	1417
4914	0	423
4914	1	2891
4915	0	423
4915	1	2005
4916	2	2018
4917	2	2579
4918	2	2065
4919	2	1150
4920	2	1198
4921	2	1265
4922	0	1992
4922	1	3280
4923	0	1992
4923	1	890
4924	0	1992
4924	1	1106
4925	0	1992
4925	1	3379
4926	0	1992
4926	1	2525
4927	2	591
4928	2	1476
4929	2	2767
4930	2	923
4931	0	1332
4931	1	1642
4932	0	1332
4932	1	1402
4933	0	1332
4933	1	3121
4934	0	1332
4934	1	2711
4935	0	2593
4935	1	991
4936	0	2593
4936	1	1349
4937	0	2593
4937	1	2714
4938	0	3306
4938	1	277
4939	0	2559
4939	1	1982
4940	0	3228
4940	1	1263
4941	0	3228
4941	1	729
4942	0	3228
4942	1	3350
4943	0	3228
4943	1	2139
4944	2	2108
4945	2	297
4946	2	32
4947	0	1927
4947	1	2282
4948	0	1927
4948	1	1676
4949	0	1927
4949	1	2726
4950	0	1927
4950	1	833
4951	0	2975
4951	1	454
4952	0	2975
4952	1	3323
4953	0	2975
4953	1	1701
4954	0	2975
4954	1	3121
4955	2	1965
4956	2	3445
4957	2	2230
4958	0	3329
4958	1	2249
4959	0	3329
4959	1	271
4960	0	37
4960	1	2138
4961	0	37
4961	1	2860
4962	0	3485
4962	1	1229
4963	0	3485
4963	1	289
4964	0	3485
4964	1	1257
4965	0	3485
4965	1	263
4966	0	3485
4966	1	2714
4967	2	1344
4968	2	897
4969	2	1478
4970	2	862
4971	2	2428
4972	2	2250
4973	0	2773
4973	1	2726
4974	0	2773
4974	1	1299
4975	0	2773
4975	1	1571
4976	0	2773
4976	1	3350
4977	0	2773
4977	1	446
4978	0	2773
4978	1	3224
4979	0	1871
4979	1	1676
4980	0	1871
4980	1	2249
4981	0	1871
4981	1	302
4982	0	1871
4982	1	2005
4983	0	3182
4983	1	109
4984	0	3182
4984	1	2143
4985	0	3182
4985	1	3121
4986	2	3052
4987	2	1511
4988	0	3267
4988	1	2526
4989	0	3267
4989	1	302
4990	0	3267
4990	1	2891
4991	0	2470
4991	1	3379
4992	0	2470
4992	1	2860
4993	0	1877
4993	1	266
4994	0	2483
4994	1	236
4995	0	2483
4995	1	2463
4996	0	2483
4996	1	1879
4997	0	163
4997	1	3263
4998	0	163
4998	1	773
4999	0	55
4999	1	1070
5000	0	55
5000	1	2143
5001	0	55
5001	1	1879
5002	2	1647
5003	0	3035
5003	1	2979
5004	0	3035
5004	1	890
5005	0	3035
5005	1	2143
5006	0	3035
5006	1	153
5007	0	3035
5007	1	2904
5008	0	3035
5008	1	2781
5009	0	3035
5009	1	833
5010	2	1060
5011	0	1756
5011	1	804
5012	2	1217
5013	0	996
5013	1	2526
5014	0	996
5014	1	2327
5015	0	996
5015	1	182
5016	0	996
5016	1	2126
5017	0	996
5017	1	3266
5018	0	2903
5018	1	289
5019	0	2903
5019	1	1106
5020	2	1092
5021	0	3156
5021	1	3263
5022	0	3156
5022	1	164
5023	0	951
5023	1	2934
5024	0	951
5024	1	1015
5025	0	951
5025	1	2294
5026	2	2479
5027	0	1149
5027	1	2860
5028	2	522
5029	0	689
5029	1	1797
5030	0	689
5030	1	827
5031	2	2844
5032	2	2633
5033	2	2173
5034	2	1934
5035	2	658
5036	2	1079
5037	0	2054
5037	1	266
5038	0	2054
5038	1	2143
5039	0	2054
5039	1	3451
5040	0	825
5040	1	2196
5041	0	825
5041	1	2853
5042	0	825
5042	1	2818
5043	0	825
5043	1	1708
5044	0	825
5044	1	2420
5045	0	825
5045	1	1640
5046	0	825
5046	1	548
5047	0	825
5047	1	1838
5048	0	2948
5048	1	1314
5049	2	1586
5050	0	1569
5050	1	890
5051	0	1569
5051	1	2005
5052	0	1569
5052	1	3403
5053	0	905
5053	1	2672
5054	0	905
5054	1	3280
5055	0	905
5055	1	1348
5056	0	905
5056	1	828
5057	0	905
5057	1	833
5058	0	905
5058	1	3403
5059	0	2208
5059	1	2865
5060	0	327
5060	1	2544
5061	0	327
5061	1	2891
5062	2	798
5063	0	2265
5063	1	1908
5064	0	2265
5064	1	3174
5065	0	286
5065	1	2420
5066	2	3433
5067	2	2150
5068	0	194
5068	1	2672
5069	0	194
5069	1	25
5070	0	194
5070	1	1725
5071	0	194
5071	1	1106
5072	0	194
5072	1	59
5073	0	194
5073	1	1349
5074	0	194
5074	1	2860
5075	2	1432
5076	2	1181
5077	2	2657
5078	2	1355
5079	2	3312
5080	2	2361
5081	2	1627
5082	2	668
5083	2	2039
5084	2	2916
5085	2	2531
5086	0	995
5086	1	1229
5087	0	995
5087	1	1070
5088	0	995
5088	1	78
5089	0	995
5089	1	1441
5090	0	995
5090	1	218
5091	0	2928
5091	1	2672
5092	0	799
5092	1	3341
5093	0	1594
5093	1	2525
5094	0	1594
5094	1	969
5095	0	1594
5095	1	1838
5096	2	148
5097	2	2957
5098	2	2220
5099	2	1334
5100	0	1969
5100	1	2420
5101	2	2398
5102	2	411
5103	2	3087
5104	2	2278
5105	2	2002
5106	2	3005
5107	2	2750
5108	2	1457
5109	0	3368
5109	1	2934
5110	0	3368
5110	1	1314
5111	0	3368
5111	1	3379
5112	0	3368
5112	1	3108
5113	0	3368
5113	1	1879
5114	0	1007
5114	1	2934
5115	0	1007
5115	1	3205
5116	2	2284
5117	2	2713
5118	0	1734
5118	1	2525
5119	0	1734
5119	1	969
5120	0	1734
5120	1	302
5121	0	3456
5121	1	620
5122	0	3456
5122	1	773
5123	0	3456
5123	1	2035
5124	0	3456
5124	1	1642
5125	0	3456
5125	1	3125
5126	0	3456
5126	1	3403
5127	2	3264
5128	2	3096
5129	2	325
5130	0	1385
5130	1	2915
5131	0	1385
5131	1	3300
5132	0	1385
5132	1	1472
5133	0	1385
5133	1	2525
5134	0	1385
5134	1	68
5135	0	1385
5135	1	182
5136	0	1385
5136	1	271
5137	0	1385
5137	1	2860
5138	0	1025
5138	1	3468
5139	2	2036
5140	2	1465
5141	2	217
5142	2	625
5143	0	1800
5143	1	2860
5144	2	1884
5145	2	593
5146	2	264
5147	2	2020
5148	2	1814
5149	2	3492
5150	2	2669
5151	0	547
5151	1	1203
5152	2	84
5153	0	1774
5153	1	2116
5154	2	2409
5155	2	180
5156	2	1372
5157	0	245
5157	1	1349
5158	2	741
5159	2	1961
5160	2	980
5161	2	2930
5162	2	2491
5163	2	2454
5164	2	1895
5165	0	572
5165	1	2196
5166	0	572
5166	1	2726
5167	0	572
5167	1	3300
5168	0	572
5168	1	975
5169	0	572
5169	1	3062
5170	0	572
5170	1	3266
5171	0	1863
5171	1	1305
5172	2	3154
5173	2	2532
5174	0	3219
5174	1	1106
5175	0	3219
5175	1	2865
5176	2	3075
5177	2	1862
5178	2	482
5179	2	651
5180	2	888
5181	0	1885
5181	1	1838
5182	2	2706
5183	2	1886
5184	2	1959
5185	2	3147
5186	2	678
5187	0	1979
5187	1	1305
5188	0	3177
5188	1	1688
5189	0	3177
5189	1	266
5190	0	3177
5190	1	1348
5191	0	3177
5191	1	2505
5192	0	3177
5192	1	3468
5193	0	425
5193	1	302
5194	2	2458
5195	2	3301
5196	2	3155
5197	0	19
5197	1	605
5198	2	1056
5199	2	1601
5200	0	1611
5200	1	78
5201	0	1611
5201	1	3121
5202	2	463
5203	2	53
5204	2	1621
5205	2	946
5206	2	2537
5207	2	2499
5208	2	2512
5209	0	1073
5209	1	2934
5210	0	1073
5210	1	3019
5211	0	3498
5211	1	2865
5212	0	481
5212	1	3263
5213	0	481
5213	1	3379
5214	0	481
5214	1	68
5215	0	481
5215	1	3108
5216	0	3399
5216	1	3467
5217	0	3399
5217	1	975
5218	0	3399
5218	1	1640
5219	0	3399
5219	1	828
5220	0	3399
5220	1	3181
5221	0	3399
5221	1	2493
5222	0	1849
5222	1	2420
5223	2	469
5224	2	69
5225	2	810
5226	2	2378
5227	2	101
5228	2	3261
5229	2	1528
5230	2	1960
5231	2	1052
5232	2	3115
5233	0	82
5233	1	3121
5234	2	3454
5235	2	102
5236	2	1467
5237	2	417
5238	2	275
5239	2	1358
5240	2	94
5241	2	586
5242	0	882
5242	1	790
5243	0	882
5243	1	890
5244	0	882
5244	1	1701
5245	0	3477
5245	1	3491
5246	0	3477
5246	1	1530
5247	0	3477
5247	1	1725
5248	0	3477
5248	1	1640
5249	2	279
5250	2	107
5251	2	978
5252	2	273
5253	2	2411
5254	2	1190
5255	2	924
5256	2	1133
5257	2	2997
5258	2	3369
5259	0	2529
5259	1	68
5260	2	2647
5261	0	2121
5261	1	1263
5262	2	3116
5263	2	392
5264	2	824
5265	0	1216
5265	1	1607
5266	0	1216
5266	1	1766
5267	0	1216
5267	1	277
5268	0	1216
5268	1	3379
5269	0	1216
5269	1	3350
5270	0	1216
5270	1	2455
5271	0	1216
5271	1	1838
5272	0	3237
5272	1	3263
5273	2	2616
5274	2	2845
5275	2	2652
5276	2	1377
5277	2	2089
5278	2	1791
5279	2	1840
5280	0	1288
5280	1	2282
5281	2	3319
5282	2	1518
5283	2	1074
5284	2	3230
5285	2	1553
5286	2	2476
5287	2	1604
5288	2	2379
5289	2	3168
5290	2	489
5291	2	1291
5292	2	564
5293	2	382
5294	2	638
5295	2	2403
5296	2	1858
5297	2	2874
5298	2	621
5299	2	3227
5300	2	2536
5301	2	254
5302	2	1540
5303	2	246
5304	0	1368
5304	1	1757
5305	0	1368
5305	1	2623
5306	0	1368
5306	1	50
5307	0	1368
5307	1	2300
5308	0	1368
5308	1	1317
5309	0	1368
5309	1	1595
5310	0	1368
5310	1	2116
5311	0	1368
5311	1	1716
5312	0	1368
5312	1	3250
5313	0	1368
5313	1	1303
5314	0	1368
5314	1	1640
5315	0	1368
5315	1	2273
5316	0	1368
5316	1	3135
5317	0	1368
5317	1	1352
5318	0	3351
5318	1	2672
5319	0	3351
5319	1	3300
5320	0	3351
5320	1	3463
5321	0	3351
5321	1	1576
5322	0	3351
5322	1	2116
5323	0	3351
5323	1	804
5324	0	3351
5324	1	2668
5325	0	3351
5325	1	3181
5326	0	3351
5326	1	2860
5327	2	2172
5328	2	28
5329	2	2719
5330	2	1019
5331	0	2703
5331	1	890
5332	0	2703
5332	1	3341
5333	0	2703
5333	1	2714
5334	2	3024
5335	0	1109
5335	1	476
5336	0	1109
5336	1	1841
5337	0	1109
5337	1	1640
5338	0	1109
5338	1	969
5339	0	1109
5339	1	2632
5340	0	1109
5340	1	3451
5341	0	1109
5341	1	2860
5342	2	174
5343	2	2281
5344	2	987
5345	2	131
5346	2	2572
5347	2	576
5348	0	768
5348	1	790
5349	0	768
5349	1	1305
5350	0	768
5350	1	3263
5351	0	768
5351	1	3379
5352	0	768
5352	1	1642
5353	0	768
5353	1	1371
5354	0	768
5354	1	68
5355	0	768
5355	1	2714
5356	0	768
5356	1	271
5357	0	768
5357	1	2860
5358	0	587
5358	1	1070
5359	0	587
5359	1	1701
5360	2	3281
5361	0	1742
5361	1	620
5362	0	3163
5362	1	25
5363	0	3163
5363	1	2865
5364	0	3163
5364	1	1026
5365	0	3163
5365	1	78
5366	0	3163
5366	1	1838
5367	2	1677
5368	2	422
5369	2	2793
5370	2	3474
5371	2	1584
5372	2	418
5373	2	1292
5374	2	212
5375	2	1533
5376	2	2720
5377	2	2548
5378	2	1337
5379	0	1541
5379	1	454
5380	2	2835
5381	2	1559
5382	2	3189
5383	2	1758
5384	2	597
5385	2	3286
5386	2	1233
5387	2	2174
5388	2	1429
5389	2	1928
5390	2	2330
5391	2	3028
5392	2	2090
5393	2	1496
5394	2	3310
5395	2	276
5396	2	1304
5397	2	1298
5398	2	2289
5399	2	3060
5400	2	3248
5401	0	3003
5401	1	1817
5402	0	3003
5402	1	1349
5403	2	1335
5404	0	2028
5404	1	1766
5405	0	2028
5405	1	1317
5406	0	2028
5406	1	3206
5407	0	2028
5407	1	2005
5408	0	2028
5408	1	3451
5409	0	2028
5409	1	1402
5410	0	2028
5410	1	3121
5411	0	1826
5411	1	2865
5412	2	2008
5413	2	1755
5414	0	1763
5414	1	2588
5415	0	1763
5415	1	1015
5416	0	1763
5416	1	2308
5417	0	500
5417	1	1414
5418	0	500
5418	1	2904
5419	2	379
5420	0	1680
5420	1	2362
5421	0	1680
5421	1	1371
5422	0	1680
5422	1	2327
5423	0	1680
5423	1	115
5424	0	2158
5424	1	3181
5425	0	1813
5425	1	729
5426	0	342
5426	1	502
5427	0	342
5427	1	203
5428	0	342
5428	1	1748
5429	0	342
5429	1	770
5430	0	342
5430	1	304
5431	0	1993
5431	1	2023
5432	0	1815
5432	1	1870
5433	2	190
5434	2	2614
5435	0	1155
5435	1	2294
5436	0	1283
5436	1	2934
5437	0	1283
5437	1	1797
5438	0	2332
5438	1	457
5439	0	2332
5439	1	2672
5440	0	3392
5440	1	620
5441	0	3392
5441	1	2116
5442	0	3392
5442	1	3291
5443	2	957
5444	2	2402
5445	2	583
5446	2	112
5447	2	667
5448	2	1186
5449	0	2662
5449	1	747
5450	0	2662
5450	1	804
5451	0	2662
5451	1	819
5452	2	2596
5453	0	2269
5453	1	1472
5454	0	3437
5454	1	605
5455	0	912
5455	1	1766
5456	0	912
5456	1	1070
5457	0	912
5457	1	833
5458	2	2624
5459	0	1609
5459	1	78
5460	0	1609
5460	1	1349
5461	0	1786
5461	1	470
5462	0	1786
5462	1	2979
5463	0	1786
5463	1	1607
5464	0	1786
5464	1	2224
5465	0	1786
5465	1	3379
5466	0	1786
5466	1	2322
5467	0	1786
5467	1	2493
5468	0	1786
5468	1	3468
5469	2	2885
5470	0	2365
5470	1	2282
5471	0	2365
5471	1	2979
5472	0	2365
5472	1	236
5473	0	2365
5473	1	1890
5474	0	2365
5474	1	182
5475	0	2365
5475	1	271
5476	2	452
5477	2	3389
5478	2	1938
5479	2	1735
5480	2	335
5481	2	1408
5482	2	3252
5483	0	704
5483	1	1982
5484	0	704
5484	1	899
5485	0	704
5485	1	2525
5486	0	704
5486	1	2493
5487	2	1631
5488	2	1801
5489	2	2762
5490	2	350
5491	2	1681
5492	0	252
5492	1	605
5493	2	589
5494	2	1956
5495	2	1044
5496	2	2058
5497	0	2682
5497	1	790
5498	0	2682
5498	1	2979
5499	0	2682
5499	1	2475
5500	0	2682
5500	1	2544
5501	0	2682
5501	1	1317
5502	0	2682
5502	1	1080
5503	0	2682
5503	1	2525
5504	0	928
5504	1	1797
5505	2	2107
5506	2	3311
5507	2	968
5508	2	3218
5509	2	2639
5510	2	70
5511	2	2346
5512	2	388
5513	0	285
5513	1	3280
5514	0	285
5514	1	3019
5515	0	285
5515	1	1070
5516	0	2608
5516	1	266
5517	0	2608
5517	1	1676
5518	0	2608
5518	1	181
5519	0	2608
5519	1	1708
5520	0	2608
5520	1	3463
5521	0	2608
5521	1	747
5522	0	2608
5522	1	218
5523	0	2369
5523	1	729
5524	0	2369
5524	1	78
5525	0	2369
5525	1	3165
5526	2	1682
5527	0	493
5527	1	2899
5528	0	493
5528	1	1607
5529	0	493
5529	1	2873
5530	0	493
5530	1	1708
5531	0	493
5531	1	1576
5532	0	493
5532	1	773
5533	0	493
5533	1	2505
5534	0	493
5534	1	2455
5535	0	493
5535	1	575
5536	2	993
5537	2	125
5538	2	40
5539	2	1561
5540	2	1086
5541	2	1878
5542	2	1071
5543	2	1366
5544	2	1422
5545	2	1654
5546	0	1138
5546	1	1441
5547	0	3208
5547	1	78
5548	2	823
5549	2	3299
5550	0	2272
5550	1	856
5551	0	2272
5551	1	1305
5552	0	2272
5552	1	2904
5553	0	2272
5553	1	3451
5554	2	2675
5555	2	2508
5556	2	202
5557	2	1896
5558	2	1433
5559	2	3141
5560	2	1864
5561	2	432
5562	2	1768
5563	2	2286
5564	0	656
5564	1	1817
5565	0	2015
5565	1	2904
5566	0	494
5566	1	2498
5567	0	494
5567	1	457
5568	0	494
5568	1	2672
5569	0	494
5569	1	2623
5570	0	494
5570	1	1106
5571	0	494
5571	1	828
5572	0	494
5572	1	2294
5573	0	494
5573	1	833
5574	0	1020
5574	1	2116
5575	0	1020
5575	1	1026
5576	0	1020
5576	1	747
5577	0	1020
5577	1	548
5578	0	1020
5578	1	3157
5579	0	1020
5579	1	1838
5580	0	1020
5580	1	2139
5581	0	1020
5581	1	2781
5582	2	778
5583	2	2764
5584	0	346
5584	1	2588
5585	0	346
5585	1	790
5586	0	346
5586	1	2005
5587	0	346
5587	1	1402
5588	0	346
5588	1	1879
5589	0	2777
5589	1	605
5590	2	1901
5591	2	255
5592	2	1824
5593	0	2907
5593	1	3491
5594	0	2907
5594	1	2795
5595	0	2907
5595	1	573
5596	0	2907
5596	1	224
5597	0	2907
5597	1	446
5598	0	2907
5598	1	344
5599	0	2907
5599	1	3468
5600	0	1916
5600	1	3263
5601	0	1916
5601	1	3205
5602	0	1916
5602	1	1879
5603	0	240
5603	1	2475
5604	0	240
5604	1	371
5605	0	240
5605	1	1414
5606	0	240
5606	1	602
5607	0	240
5607	1	1841
5608	0	3196
5608	1	2588
5609	0	3196
5609	1	2899
5610	0	3196
5610	1	1530
5611	0	3196
5611	1	289
5612	0	3196
5612	1	2526
5613	0	3196
5613	1	605
5614	0	893
5614	1	605
5615	0	835
5615	1	856
5616	0	835
5616	1	1676
5617	0	835
5617	1	3062
5618	0	835
5618	1	2904
5619	0	835
5619	1	2860
5620	0	349
5620	1	3379
5621	2	1523
5622	2	1199
5623	2	2492
5624	0	598
5624	1	457
5625	0	598
5625	1	1982
5626	0	598
5626	1	969
5627	0	2288
5627	1	2672
5628	0	2288
5628	1	2915
5629	0	2288
5629	1	2143
5630	0	2288
5630	1	2526
5631	2	3382
5632	0	2545
5632	1	699
5633	0	3296
5633	1	371
5634	0	3296
5634	1	2237
5635	0	3296
5635	1	397
5636	0	3296
5636	1	1642
5637	0	3296
5637	1	3277
5638	0	3296
5638	1	2162
5639	0	3296
5639	1	1146
5640	0	3296
5640	1	78
5641	0	3113
5641	1	1708
5642	0	3113
5642	1	1838
5643	0	2159
5643	1	890
5644	0	2159
5644	1	2668
5645	0	2159
5645	1	3451
5646	0	2159
5646	1	2493
5647	2	2189
5648	0	2861
5648	1	266
5649	0	2861
5649	1	2934
5650	0	2861
5650	1	1414
5651	0	2861
5651	1	2463
5652	0	2861
5652	1	455
5653	0	2861
5653	1	218
5654	0	1308
5654	1	2979
5655	0	1308
5655	1	2818
5656	0	1308
5656	1	1472
5657	2	2951
5658	0	1560
5658	1	109
5659	2	1618
5660	2	635
5661	0	1891
5661	1	1280
5662	0	1891
5662	1	271
5663	2	917
5664	2	2670
5665	0	3320
5665	1	2588
5666	0	3320
5666	1	1280
5667	0	3320
5667	1	1287
5668	0	3320
5668	1	2943
5669	0	3320
5669	1	1982
5670	0	3320
5670	1	2712
5671	0	3320
5671	1	3062
5672	0	3320
5672	1	1303
5673	0	3320
5673	1	3350
5674	0	3320
5674	1	353
5675	0	2422
5675	1	1908
5676	0	2422
5676	1	2116
5677	0	2422
5677	1	1223
5678	0	2422
5678	1	2525
5679	0	2422
5679	1	3199
5680	0	2422
5680	1	3438
5681	0	3210
5681	1	3019
5682	0	3210
5682	1	1701
5683	2	2592
5684	2	1225
5685	2	2482
5686	2	1102
5687	2	3245
5688	2	38
5689	2	1228
5690	2	832
5691	2	3321
5692	2	1803
5693	2	2568
5694	0	3223
5694	1	3403
5695	0	303
5695	1	2943
5696	0	303
5696	1	2865
5697	0	303
5697	1	2912
5698	0	303
5698	1	3293
5699	0	303
5699	1	3205
5700	0	629
5700	1	3263
5701	0	629
5701	1	2623
5702	0	629
5702	1	530
5703	0	629
5703	1	1070
5704	0	629
5704	1	1701
5705	0	739
5705	1	78
5706	0	2524
5706	1	2224
5707	0	2524
5707	1	3341
5708	0	2524
5708	1	1026
5709	0	2524
5709	1	2322
5710	0	2524
5710	1	747
5711	0	2524
5711	1	804
5712	2	1403
5713	2	1832
5714	2	2423
5715	2	9
5716	2	90
5717	2	3118
5718	0	1911
5718	1	1530
5719	0	1911
5719	1	729
5720	0	1911
5720	1	3123
5721	0	1911
5721	1	455
5722	0	1911
5722	1	2493
5723	0	369
5723	1	2588
5724	2	2510
5725	2	2110
5726	2	3446
5727	2	645
5728	2	1686
5729	2	421
5730	0	2495
5730	1	2300
5731	0	2495
5731	1	1576
5732	0	2495
5732	1	455
5733	0	2495
5733	1	2781
5734	0	2495
5734	1	2860
5735	0	2153
5735	1	3181
5736	0	2153
5736	1	2711
5737	0	2153
5737	1	3403
5738	0	2551
5738	1	1607
5739	0	2551
5739	1	3121
5740	0	3402
5740	1	1676
5741	2	60
5742	0	2027
5742	1	856
5743	0	2027
5743	1	1280
5744	0	2027
5744	1	3019
5745	0	2027
5745	1	1080
5746	0	2027
5746	1	575
5747	0	2027
5747	1	1441
5748	2	3334
5749	2	1275
5750	0	680
5750	1	2621
5751	0	1246
5751	1	2588
5752	0	1246
5752	1	726
5753	0	1246
5753	1	3011
5754	0	1246
5754	1	1402
5755	0	1246
5755	1	3224
5756	0	1246
5756	1	271
5757	0	1246
5757	1	2860
5758	2	2841
5759	2	2335
5760	2	2628
5761	2	1122
5762	2	2581
5763	0	2264
5763	1	3205
5764	0	2264
5764	1	1879
5765	2	1899
5766	2	1446
5767	2	345
5768	2	2846
5769	0	3215
5769	1	2672
5770	0	3215
5770	1	1268
5771	0	3215
5771	1	1472
5772	0	370
5772	1	1287
5773	0	370
5773	1	3062
5774	0	370
5774	1	969
5775	0	370
5775	1	271
5776	0	370
5776	1	661
5777	2	3490
5778	2	1010
5779	0	1319
5779	1	2322
5780	0	1319
5780	1	3181
5781	0	1319
5781	1	218
5782	0	1319
5782	1	3121
5783	2	2258
5784	2	3378
5785	2	258
5786	2	3009
5787	0	267
5787	1	2196
5788	0	267
5788	1	1766
5789	0	267
5789	1	1268
5790	0	267
5790	1	2544
5791	0	267
5791	1	1263
5792	0	267
5792	1	1571
5793	0	267
5793	1	3293
5794	0	267
5794	1	3157
5795	0	267
5795	1	2701
5796	0	267
5796	1	2525
5797	0	267
5797	1	78
5798	0	267
5798	1	1441
5799	0	267
5799	1	455
5800	0	267
5800	1	819
5801	0	267
5801	1	182
5802	0	267
5802	1	3108
5803	0	2069
5803	1	2904
5804	0	2244
5804	1	2644
5805	0	2244
5805	1	2143
5806	0	2244
5806	1	1441
5807	0	2244
5807	1	3451
5808	0	2244
5808	1	304
5809	0	3357
5809	1	86
5810	0	3357
5810	1	3062
5811	0	3357
5811	1	2860
5812	2	870
5813	0	2161
5813	1	1229
5814	0	2161
5814	1	78
5815	0	2161
5815	1	2711
5816	0	3098
5816	1	2463
5817	0	3098
5817	1	2005
5818	0	3098
5818	1	1838
5819	0	1096
5819	1	3174
5820	2	740
5821	2	1672
5822	2	2939
5823	2	730
5824	0	992
5824	1	457
5825	0	992
5825	1	2915
5826	0	992
5826	1	969
5827	0	992
5827	1	2711
5828	0	1072
5828	1	1838
5829	2	3193
5830	2	2864
5831	2	1516
5832	0	3119
5832	1	266
5833	0	3119
5833	1	2860
5834	0	2914
5834	1	454
5835	0	2914
5835	1	1303
5836	0	2914
5836	1	3205
5837	0	2914
5837	1	2294
5838	2	737
5839	2	2009
5840	2	2956
5841	0	1330
5841	1	2726
5842	0	1330
5842	1	2873
5843	0	1330
5843	1	602
5844	0	1330
5844	1	3062
5845	0	1330
5845	1	2904
5846	0	1330
5846	1	2632
5847	0	1330
5847	1	1701
5848	0	1330
5848	1	2781
5849	0	1330
5849	1	2860
5850	2	1018
5851	2	1238
5852	2	269
5853	2	451
5854	2	3093
5855	0	1731
5855	1	1026
5856	0	1731
5856	1	78
5857	0	1731
5857	1	2714
5858	0	1731
5858	1	3181
5859	0	2590
5859	1	109
5860	0	2590
5860	1	1708
5861	0	2590
5861	1	2712
5862	0	2590
5862	1	1314
5863	0	2590
5863	1	1640
5864	0	2590
5864	1	3205
5865	0	2590
5865	1	3294
5866	0	2590
5866	1	2904
5867	0	2590
5867	1	3266
5868	0	1121
5868	1	620
5869	0	1121
5869	1	2818
5870	2	196
5871	0	2487
5871	1	1263
5872	0	2487
5872	1	1314
5873	0	2487
5873	1	1642
5874	0	2487
5874	1	2781
5875	0	2487
5875	1	3266
5876	0	677
5876	1	308
5877	0	677
5877	1	1676
5878	0	677
5878	1	63
5879	0	677
5879	1	3300
5880	0	677
5880	1	3438
5881	0	677
5881	1	761
5882	2	3217
5883	2	2443
5884	2	2098
5885	2	2165
5886	2	2809
5887	2	2890
5888	2	213
5889	0	1692
5889	1	3266
5890	2	1844
5891	2	3171
5892	2	433
5893	2	1393
5894	2	2132
5895	2	2080
5896	2	191
5897	2	2055
5898	2	826
5899	2	1747
5900	2	2848
5901	2	1376
5902	2	1400
5903	0	1662
5903	1	266
5904	2	3158
5905	2	540
5906	2	1089
5907	2	1095
5908	2	1202
5909	2	3287
5910	2	830
5911	2	2869
5912	2	272
5913	2	3270
5914	2	73
5915	2	2478
5916	2	2200
5917	2	3069
5918	2	2177
5919	2	1024
5920	0	1795
5920	1	2668
5921	0	1545
5921	1	2497
5922	0	1790
5922	1	620
5923	0	1790
5923	1	3467
5924	0	1790
5924	1	969
5925	0	1790
5925	1	804
5926	0	1790
5926	1	3451
5927	0	1790
5927	1	68
5928	0	1790
5928	1	2781
5929	0	2394
5929	1	289
5930	0	2394
5930	1	3135
5931	2	10
5932	0	2749
5932	1	1229
5933	0	2749
5933	1	3379
5934	0	3391
5934	1	1229
5935	0	3391
5935	1	181
5936	0	3391
5936	1	2322
5937	0	3391
5937	1	1640
5938	0	3391
5938	1	3157
5939	0	3391
5939	1	1890
5940	0	3391
5940	1	828
5941	0	3391
5941	1	168
5942	0	2602
5942	1	3135
5943	0	1726
5943	1	856
5944	0	1726
5944	1	2979
5945	0	1726
5945	1	3491
5946	0	1726
5946	1	2726
5947	0	1726
5947	1	2224
5948	0	1726
5948	1	2544
5949	0	1726
5949	1	3341
5950	0	1726
5950	1	1890
5951	2	3178
5952	2	1818
5953	2	1904
5954	0	1856
5954	1	3030
5955	2	1356
5956	0	829
5956	1	1472
5957	0	829
5957	1	302
5958	0	829
5958	1	3121
5959	0	959
5959	1	2637
5960	0	1514
5960	1	2143
5961	0	1514
5961	1	2860
5962	2	696
5963	2	3366
5964	2	511
5965	2	2758
5966	2	11
5967	2	2298
5968	0	624
5968	1	308
5969	0	624
5969	1	86
5970	0	624
5970	1	2936
5971	0	624
5971	1	3013
5972	0	624
5972	1	871
5973	0	1502
5973	1	1015
5974	0	1502
5974	1	1576
5975	0	1502
5975	1	455
5976	0	1502
5976	1	2781
5977	0	1502
5977	1	3108
5978	0	1502
5978	1	2860
5979	0	3194
5979	1	2048
5980	0	3194
5980	1	2672
5981	0	3194
5981	1	2196
5982	0	3194
5982	1	2853
5983	0	3194
5983	1	530
5984	0	3194
5984	1	1841
5985	0	3194
5985	1	1817
5986	0	3194
5986	1	1642
5987	0	3194
5987	1	828
5988	0	3194
5988	1	2005
5989	0	3194
5989	1	218
5990	0	3194
5990	1	3403
5991	0	3194
5991	1	304
5992	2	3054
5993	2	1529
5994	2	249
5995	0	2274
5995	1	1080
5996	0	2274
5996	1	1817
5997	0	340
5997	1	2726
5998	0	340
5998	1	3263
5999	0	340
5999	1	2873
6000	0	340
6000	1	1640
6001	0	340
6001	1	2455
6002	0	340
6002	1	3157
6003	0	340
6003	1	1838
6004	2	401
6005	0	758
6005	1	1817
6006	0	166
6006	1	289
6007	0	166
6007	1	2904
6008	2	1036
6009	0	1105
6009	1	2672
6010	0	644
6010	1	3291
6011	0	644
6011	1	3108
6012	2	3326
6013	2	1694
6014	0	1091
6014	1	2915
6015	0	1091
6015	1	1106
6016	0	1091
6016	1	2865
6017	2	774
6018	0	659
6018	1	620
6019	0	659
6019	1	2623
6020	0	659
6020	1	2544
6021	0	659
6021	1	1349
6022	0	659
6022	1	2493
6023	0	659
6023	1	661
6024	2	1796
6025	2	71
6026	0	2187
6026	1	2282
6027	0	2187
6027	1	3062
6028	0	2783
6028	1	1701
6029	0	2783
6029	1	2139
6030	0	3020
6030	1	1305
6031	0	3020
6031	1	1576
6032	0	3020
6032	1	2420
6033	0	3020
6033	1	1817
6034	0	3020
6034	1	2526
6035	0	3020
6035	1	1402
6036	0	3020
6036	1	304
6037	0	2968
6037	1	2818
6038	0	2968
6038	1	68
6039	0	2968
6039	1	3403
6040	2	802
6041	2	1943
6042	2	2606
6043	2	2833
6044	2	2710
6045	0	2980
6045	1	1607
6046	0	2980
6046	1	454
6047	0	2980
6047	1	833
6048	2	3249
6049	0	1915
6049	1	975
6050	0	1915
6050	1	890
6051	0	1915
6051	1	2505
6052	0	1915
6052	1	78
6053	0	1915
6053	1	3135
6054	0	1915
6054	1	2493
6055	2	2973
6056	0	2137
6056	1	2273
6057	0	44
6057	1	2899
6058	0	44
6058	1	109
6059	0	44
6059	1	2818
6060	0	44
6060	1	236
6061	0	44
6061	1	3379
6062	0	44
6062	1	1417
6063	0	44
6063	1	1371
6064	0	1463
6064	1	2282
6065	0	1463
6065	1	1106
6066	0	1463
6066	1	2493
6067	0	1463
6067	1	164
6068	2	2747
6069	0	751
6069	1	2588
6070	0	751
6070	1	1203
6071	0	751
6071	1	236
6072	0	751
6072	1	991
6073	0	895
6073	1	2915
6074	0	895
6074	1	1015
6075	0	895
6075	1	3019
6076	0	895
6076	1	773
6077	0	895
6077	1	3294
6078	0	895
6078	1	3451
6079	0	1412
6079	1	1263
6080	0	1412
6080	1	3350
6081	2	1946
6082	0	1207
6082	1	1688
6083	0	1207
6083	1	2915
6084	0	1207
6084	1	3121
6085	0	3191
6085	1	109
6086	0	3191
6086	1	2138
6087	0	3191
6087	1	2526
6088	0	3419
6088	1	3146
6089	0	3419
6089	1	890
6090	0	3419
6090	1	2860
6091	0	3419
6091	1	3403
6092	0	1464
6092	1	2138
6093	0	1464
6093	1	2420
6094	0	1464
6094	1	1402
6095	0	698
6095	1	2623
6096	0	698
6096	1	2138
6097	0	698
6097	1	1287
6098	0	698
6098	1	1026
6099	0	698
6099	1	2891
6100	0	698
6100	1	3108
6101	0	477
6101	1	457
6102	0	3470
6102	1	2249
6103	2	803
6104	2	1564
6105	2	3363
6106	2	287
6107	2	1984
6108	0	3283
6108	1	457
6109	0	3283
6109	1	2420
6110	0	3283
6110	1	153
6111	0	3283
6111	1	2526
6112	2	1048
6113	0	458
6113	1	3181
6114	0	718
6114	1	2420
6115	0	2076
6115	1	1263
6116	0	2076
6116	1	2143
6117	0	2076
6117	1	2891
6118	0	2076
6118	1	2904
6119	0	2076
6119	1	2005
6120	0	2076
6120	1	3451
6121	2	310
6122	2	2723
6123	2	1480
6124	2	2688
6125	2	46
6126	2	1810
6127	2	2316
6128	2	2521
6129	2	767
6130	2	2459
6131	2	1663
6132	2	3288
6133	2	394
6134	2	1135
6135	2	114
6136	2	1152
6137	2	478
6138	2	108
6139	2	1744
6140	2	632
6141	2	2829
6142	2	1041
6143	2	2564
6144	2	1316
6145	2	2438
6146	0	2825
6146	1	2138
6147	0	2825
6147	1	502
6148	0	2825
6148	1	2526
6149	2	3139
6150	2	846
6151	2	2077
6152	2	2664
6153	2	2060
6154	2	3231
6155	2	1913
6156	2	2847
6157	2	121
6158	2	1778
6159	2	2181
6160	2	2
6161	2	965
6162	2	544
6163	2	1772
6164	2	2466
6165	2	18
6166	2	1045
6167	2	1234
6168	2	2256
6169	2	2117
6170	2	1931
6171	2	2343
6172	2	1285
6173	2	1914
6174	2	744
6175	2	3271
6176	2	3101
6177	2	2527
6178	0	3023
6178	1	1280
6179	0	3023
6179	1	1414
6180	0	3023
6180	1	1642
6181	0	3023
6181	1	2455
6182	0	3023
6182	1	2273
6183	2	2660
6184	0	1176
6184	1	2420
6185	2	3324
6186	2	1587
6187	2	2204
6188	2	3276
6189	2	706
6190	2	1806
6191	2	1289
6192	2	3349
6193	2	712
6194	2	580
6195	2	2617
6196	2	467
6197	2	2986
6198	2	1752
6199	2	319
6200	2	2456
6201	0	1738
6201	1	620
6202	0	1738
6202	1	1817
6203	0	1738
6203	1	2891
6204	0	1738
6204	1	2781
6205	2	2199
6206	2	2017
6207	2	3082
6208	2	1696
6209	2	1460
6210	2	1050
6211	2	2355
6212	0	2417
6212	1	2475
6213	0	2417
6213	1	3300
6214	0	2417
6214	1	2943
6215	0	2417
6215	1	3205
6216	0	2083
6216	1	1229
6217	0	2083
6217	1	502
6218	0	2083
6218	1	1080
6219	0	2083
6219	1	3205
6220	0	2083
6220	1	3123
6221	0	2083
6221	1	2668
6222	0	2083
6222	1	304
6223	0	941
6223	1	2138
6224	0	941
6224	1	2891
6225	0	941
6225	1	1349
6226	2	1264
6227	2	516
6228	2	250
6229	2	2486
6230	0	2336
6230	1	2899
6231	0	2336
6231	1	3300
6232	2	3447
6233	2	1424
6234	0	3302
6234	1	1607
6235	0	3302
6235	1	2249
6236	0	3302
6236	1	151
6237	0	3302
6237	1	181
6238	0	3302
6238	1	729
6239	0	3302
6239	1	602
6240	0	3302
6240	1	2322
6241	0	3302
6241	1	3174
6242	0	3302
6242	1	833
6243	0	2053
6243	1	1203
6244	0	2053
6244	1	1524
6245	0	2053
6245	1	1472
6246	0	2053
6246	1	2632
6247	2	1111
6248	0	2966
6248	1	2588
6249	0	2966
6249	1	266
6250	0	2966
6250	1	2936
6251	0	2966
6251	1	1982
6252	0	2966
6252	1	3123
6253	0	2966
6253	1	990
6254	2	554
6255	2	1628
6256	2	1661
6257	2	332
6258	2	2100
6259	0	1236
6259	1	1441
6260	0	1236
6260	1	2860
6261	0	336
6261	1	2943
6262	0	2193
6262	1	2138
6263	0	2193
6263	1	2005
6264	2	1469
6265	2	2392
6266	2	1591
6267	2	1998
6268	0	1084
6268	1	2475
6269	0	1084
6269	1	109
6270	0	1084
6270	1	3293
6271	0	1084
6271	1	182
6272	0	1084
6272	1	3121
6273	0	1945
6273	1	2249
6274	0	1945
6274	1	1797
6275	2	1843
6276	2	1764
6277	2	2768
6278	2	2047
6279	2	2940
6280	2	2347
6281	2	34
6282	2	843
6283	2	551
6284	0	869
6284	1	1413
6285	0	869
6285	1	2979
6286	0	869
6286	1	2818
6287	0	869
6287	1	2143
6288	0	869
6288	1	3379
6289	0	869
6289	1	2860
6290	0	869
6290	1	36
6291	2	1270
6292	2	2383
6293	2	732
6294	2	2043
6295	2	1723
6296	2	399
6297	2	931
6298	2	3356
6299	2	673
6300	2	1625
6301	2	2251
6302	2	1780
6303	2	1498
6304	2	1389
6305	0	2605
6305	1	289
6306	0	2605
6306	1	2781
6307	0	2605
6307	1	1402
6308	2	2584
6309	2	3328
6310	2	775
6311	2	868
6312	2	3459
6313	0	1243
6313	1	2979
6314	0	1243
6314	1	1607
6315	0	1243
6315	1	1570
6316	0	1243
6316	1	1203
6317	0	1243
6317	1	1576
6318	0	1243
6318	1	1303
6319	0	1243
6319	1	3291
6320	0	1243
6320	1	2322
6321	0	1243
6321	1	2632
6322	0	1243
6322	1	182
6323	0	1689
6323	1	909
6324	0	1689
6324	1	2915
6325	0	1689
6325	1	1280
6326	0	1689
6326	1	2943
6327	0	1689
6327	1	2712
6328	0	1689
6328	1	2273
6329	0	1689
6329	1	2493
6330	0	590
6330	1	2891
6331	0	715
6331	1	2196
6332	0	715
6332	1	1817
6333	0	715
6333	1	2455
6334	0	806
6334	1	2899
6335	0	806
6335	1	2818
6336	0	806
6336	1	2224
6337	0	806
6337	1	1509
6338	0	806
6338	1	1725
6339	0	806
6339	1	3350
6340	0	806
6340	1	1640
6341	0	806
6341	1	2525
6342	0	806
6342	1	3135
6343	0	806
6343	1	304
6344	2	358
6345	2	538
6346	2	1444
6347	2	1980
6348	2	2218
6349	0	672
6349	1	2222
6350	0	672
6350	1	2222
6351	0	672
6351	1	2222
6352	0	672
6352	1	2222
6353	0	672
6353	1	2222
6354	0	672
6354	1	2222
6355	0	672
6355	1	2222
6356	0	3471
6356	1	3280
6357	0	3471
6357	1	3025
6358	0	3471
6358	1	2965
6359	0	3471
6359	1	773
6360	0	3471
6360	1	2505
6361	0	3471
6361	1	2308
6362	0	3471
6362	1	2455
6363	0	3471
6363	1	1371
6364	0	3471
6364	1	804
6365	0	3471
6365	1	68
6366	0	3471
6366	1	1838
6367	0	3471
6367	1	2714
6368	0	3471
6368	1	3224
6369	0	3471
6369	1	699
6370	0	3471
6370	1	3403
6371	0	1819
6371	1	1766
6372	0	1819
6372	1	3350
6373	0	1819
6373	1	1223
6374	0	1819
6374	1	548
6375	0	1819
6375	1	2632
6376	0	1819
6376	1	182
6377	0	1975
6377	1	2712
6378	0	1975
6378	1	3062
6379	0	1975
6379	1	3341
6380	0	1975
6380	1	2912
6381	0	1975
6381	1	2505
6382	0	1975
6382	1	465
6383	0	1975
6383	1	2308
6384	0	1975
6384	1	1417
6385	0	1975
6385	1	761
6386	2	947
6387	2	2313
6388	2	2798
6389	2	2837
6390	2	3475
6391	2	1381
6392	2	141
6393	0	329
6393	1	2979
6394	0	329
6394	1	2934
6395	0	329
6395	1	2818
6396	0	329
6396	1	2728
6397	0	329
6397	1	144
6398	0	329
6398	1	2362
6399	0	329
6399	1	3174
6400	0	329
6400	1	2156
6401	0	461
6401	1	856
6402	0	461
6402	1	1280
6403	0	461
6403	1	1015
6404	0	461
6404	1	773
6405	0	461
6405	1	3350
6406	0	6
6406	1	289
6407	0	2140
6407	1	3403
6408	0	1159
6408	1	3280
6409	0	1159
6409	1	2818
6410	0	1159
6410	1	3341
6411	0	1159
6411	1	2308
6412	0	1159
6412	1	2273
6413	0	1159
6413	1	2876
6414	0	1159
6414	1	2714
6415	0	1124
6415	1	790
6416	0	1124
6416	1	2249
6417	0	1124
6417	1	1268
6418	0	1124
6418	1	1414
6419	0	1124
6419	1	2116
6420	0	1124
6420	1	602
6421	0	1124
6421	1	2005
6422	0	1124
6422	1	164
6423	0	2351
6423	1	2915
6424	0	2351
6424	1	2143
6425	0	2351
6425	1	1314
6426	0	2351
6426	1	3181
6427	0	3143
6427	1	1349
6428	0	1807
6428	1	302
6429	0	1532
6429	1	2588
6430	0	1532
6430	1	1266
6431	0	1532
6431	1	1132
6432	2	387
6433	0	2425
6433	1	1015
6434	0	1839
6434	1	2143
6435	0	1839
6435	1	2781
6436	0	2094
6436	1	2739
6437	0	2094
6437	1	2853
6438	0	2094
6438	1	2287
6439	0	2094
6439	1	1570
6440	0	2094
6440	1	371
6441	0	2094
6441	1	729
6442	0	2094
6442	1	514
6443	0	2094
6443	1	2035
6444	0	2094
6444	1	831
6445	0	2094
6445	1	182
6446	0	2094
6446	1	3417
6447	0	2094
6447	1	761
6448	0	3200
6448	1	1015
6449	0	3200
6449	1	1881
6450	0	2021
6450	1	2899
6451	0	2021
6451	1	3263
6452	0	2021
6452	1	289
6453	0	2021
6453	1	2818
6454	0	2021
6454	1	1642
6455	0	2021
6455	1	605
6456	0	2021
6456	1	2294
6457	0	2021
6457	1	1879
6458	0	2021
6458	1	3266
6459	0	1700
6459	1	2943
6460	0	2157
6460	1	1640
6461	0	1398
6461	1	1797
6462	2	736
6463	2	2303
6464	2	1022
6465	0	764
6465	1	890
6466	0	764
6466	1	2143
6467	0	764
6467	1	1642
6468	0	764
6468	1	271
6469	2	192
6470	2	3129
6471	2	926
6472	2	89
6473	2	1729
6474	2	1312
6475	0	2607
6475	1	266
6476	2	2375
6477	2	1191
6478	2	2123
6479	2	703
6480	2	3384
6481	0	2513
6481	1	457
6482	0	2513
6482	1	1229
6483	0	2513
6483	1	3181
6484	2	393
6485	0	970
6485	1	1640
6486	0	970
6486	1	1402
6487	2	2285
6488	0	2555
6488	1	289
6489	0	2555
6489	1	1015
6490	0	2555
6490	1	302
6491	0	2555
6491	1	605
6492	0	2555
6492	1	2668
6493	0	2555
6493	1	68
6494	2	2331
6495	2	1869
6496	0	1415
6496	1	2588
6497	0	1415
6497	1	2196
6498	0	1415
6498	1	1026
6499	0	1415
6499	1	3451
6500	0	1415
6500	1	3108
6501	0	1415
6501	1	3403
6502	0	2552
6502	1	1026
6503	0	2552
6503	1	2860
6504	0	1608
6504	1	1070
6505	0	1608
6505	1	153
6506	2	288
6507	2	2385
6508	2	2166
6509	2	2299
6510	0	179
6510	1	1642
6511	0	1658
6511	1	1797
6512	0	3435
6512	1	2865
6513	0	3435
6513	1	1701
6514	0	1454
6514	1	289
6515	2	2320
6516	2	1880
6517	2	2850
6518	2	748
6519	0	1781
6519	1	289
6520	0	1781
6520	1	2138
6521	0	1781
6521	1	1797
6522	0	284
6522	1	2138
6523	0	284
6523	1	747
6524	0	284
6524	1	1349
6525	0	284
6525	1	661
6526	2	2504
6527	2	2612
6528	2	257
6529	2	21
6530	0	3092
6530	1	2124
6531	2	1702
6532	0	603
6532	1	2934
6533	0	603
6533	1	890
6534	2	3476
6535	0	2496
6535	1	2544
6536	0	2496
6536	1	1317
6537	0	2496
6537	1	1106
6538	0	2496
6538	1	3403
6539	0	2996
6539	1	605
6540	0	1256
6540	1	1106
6541	2	1991
6542	2	3344
6543	2	3257
6544	0	2056
6544	1	109
6545	0	2056
6545	1	2138
6546	0	2056
6546	1	3341
6547	0	2056
6547	1	1817
6548	2	208
6549	2	364
6550	2	534
6551	0	3184
6551	1	773
6552	0	3184
6552	1	1303
6553	0	3184
6553	1	1841
6554	0	3184
6554	1	2273
6555	0	3184
6555	1	1441
6556	0	3184
6556	1	804
6557	0	3184
6557	1	3174
6558	0	3184
6558	1	1879
6559	0	423
6559	1	2644
6560	0	423
6560	1	2873
6561	0	423
6561	1	78
6562	0	423
6562	1	2493
6563	0	423
6563	1	271
6564	2	1384
6565	2	2319
6566	2	1550
6567	2	1297
6568	2	2074
6569	2	655
6570	2	1380
6571	2	3030
6572	2	1673
6573	2	2895
6574	0	1992
6574	1	2588
6575	0	1992
6575	1	1070
6576	0	1992
6576	1	3451
6577	0	1992
6577	1	182
6578	2	2984
6579	2	3383
6580	0	1776
6580	1	3403
6581	0	2877
6581	1	1305
6582	0	2877
6582	1	1229
6583	0	2877
6583	1	2873
6584	0	2877
6584	1	1106
6585	0	2877
6585	1	3174
6586	2	2151
6587	2	3401
6588	2	1195
6589	2	487
6590	0	1332
6590	1	1607
6591	0	1332
6591	1	2623
6592	0	1332
6592	1	277
6593	0	1332
6593	1	1640
6594	0	1332
6594	1	1890
6595	0	1332
6595	1	2668
6596	0	1332
6596	1	3451
6597	2	3330
6598	0	2743
6598	1	3062
6599	0	2743
6599	1	1402
6600	0	2593
6600	1	1028
6601	0	1699
6601	1	828
6602	0	3306
6602	1	1182
6603	0	3306
6603	1	1797
6604	0	3306
6604	1	164
6605	2	3186
6606	0	2559
6606	1	109
6607	0	2559
6607	1	2726
6608	0	2559
6608	1	289
6609	0	2559
6609	1	1402
6610	2	1474
6611	0	3228
6611	1	1766
6612	0	3228
6612	1	3025
6613	0	3228
6613	1	151
6614	0	3228
6614	1	773
6615	0	3228
6615	1	747
6616	0	3228
6616	1	2632
6617	0	3228
6617	1	2714
6618	0	3228
6618	1	218
6619	2	1134
6620	0	2334
6620	1	1229
6621	0	2334
6621	1	181
6622	0	2334
6622	1	1280
6623	0	2334
6623	1	1263
6624	0	2334
6624	1	747
6625	0	2334
6625	1	2525
6626	0	2334
6626	1	3121
6627	2	479
6628	2	1345
6629	2	3340
6630	2	2318
6631	0	1927
6631	1	1870
6632	0	1927
6632	1	602
6633	0	1927
6633	1	2912
6634	0	1927
6634	1	2322
6635	0	1927
6635	1	2525
6636	0	1927
6636	1	1890
6637	0	1927
6637	1	828
6638	0	2975
6638	1	202
6639	0	2975
6639	1	2943
6640	0	2975
6640	1	530
6641	0	2975
6641	1	1080
6642	0	2975
6642	1	991
6643	0	2975
6643	1	3084
6644	0	2975
6644	1	2455
6645	0	2975
6645	1	2860
6646	0	2975
6646	1	3266
6647	0	2975
6647	1	304
6648	0	230
6648	1	2505
6649	2	2786
6650	2	1399
6651	2	472
6652	2	3325
6653	2	390
6654	2	2342
6655	2	2523
6656	2	386
6657	0	3329
6657	1	3300
6658	0	3329
6658	1	2224
6659	0	3329
6659	1	2273
6660	2	3388
6661	2	588
6662	0	2477
6662	1	600
6663	0	3485
6663	1	3300
6664	0	3485
6664	1	2138
6665	0	3485
6665	1	3463
6666	0	3485
6666	1	1317
6667	0	3485
6667	1	3212
6668	0	3485
6668	1	2273
6669	0	3485
6669	1	68
6670	0	3485
6670	1	2781
6671	2	29
6672	2	2695
6673	2	484
6674	2	1267
6675	2	430
6676	2	2787
6677	2	971
6678	2	3483
6679	2	359
6680	2	1458
6681	0	765
6681	1	2526
6682	0	1552
6682	1	1640
6683	2	3342
6684	0	2773
6684	1	1183
6685	0	2773
6685	1	2386
6686	0	2773
6686	1	975
6687	0	2773
6687	1	2505
6688	0	2773
6688	1	2322
6689	0	2773
6689	1	990
6690	0	1871
6690	1	3132
6691	0	1871
6691	1	457
6692	0	1871
6692	1	1607
6693	0	1871
6693	1	1642
6694	0	1871
6694	1	2455
6695	0	1871
6695	1	3123
6696	2	3234
6697	0	3182
6697	1	457
6698	0	3182
6698	1	620
6699	0	3182
6699	1	2672
6700	0	3182
6700	1	2899
6701	0	3182
6701	1	2934
6702	0	3182
6702	1	3300
6703	0	3182
6703	1	2138
6704	0	3182
6704	1	2865
6705	0	3182
6705	1	2526
6706	0	3182
6706	1	2632
6707	0	3182
6707	1	446
6708	0	3182
6708	1	271
6709	0	3182
6709	1	699
6710	2	820
6711	2	198
6712	0	3267
6712	1	2915
6713	0	3267
6713	1	890
6714	0	3267
6714	1	3019
6715	0	3267
6715	1	1070
6716	0	2470
6716	1	1402
6717	0	1326
6717	1	2632
6718	0	1877
6718	1	1106
6719	0	1877
6719	1	991
6720	0	1877
6720	1	1642
6721	0	2483
6721	1	969
6722	0	2483
6722	1	2860
6723	2	1425
6724	0	163
6724	1	620
6725	0	163
6725	1	289
6726	0	163
6726	1	2143
6727	0	163
6727	1	969
6728	0	163
6728	1	3181
6729	0	163
6729	1	2493
6730	2	367
6731	0	55
6731	1	1982
6732	0	55
6732	1	2904
6733	0	55
6733	1	1838
6734	0	3035
6734	1	2300
6735	0	3035
6735	1	2943
6736	0	3035
6736	1	2965
6737	0	3035
6737	1	1841
6738	0	3035
6738	1	1080
6739	0	3035
6739	1	2005
6740	0	3035
6740	1	2714
6741	0	3035
6741	1	3121
6742	0	1756
6742	1	109
6743	2	159
6744	0	996
6744	1	151
6745	0	996
6745	1	236
6746	0	996
6746	1	3097
6747	0	996
6747	1	1472
6748	0	996
6748	1	1640
6749	0	996
6749	1	353
6750	0	996
6750	1	1352
6751	0	2903
6751	1	3019
6752	0	3156
6752	1	2915
6753	0	3156
6753	1	605
6754	0	3156
6754	1	1349
6755	0	3156
6755	1	699
6756	2	1488
6757	0	951
6757	1	1229
6758	0	951
6758	1	1766
6759	0	951
6759	1	2224
6760	0	951
6760	1	3291
6761	0	951
6761	1	2526
6762	0	951
6762	1	3205
6763	0	951
6763	1	605
6764	0	951
6764	1	2327
6765	0	2188
6765	1	530
6766	0	2188
6766	1	3379
6767	0	2188
6767	1	2865
6768	0	2188
6768	1	1797
6769	0	2188
6769	1	2904
6770	0	2188
6770	1	3181
6771	0	2085
6771	1	1229
6772	0	2085
6772	1	3451
6773	0	2722
6773	1	1229
6774	0	2722
6774	1	2865
6775	0	2722
6775	1	164
6776	2	220
6777	2	3360
6778	0	1149
6778	1	890
6779	0	1149
6779	1	804
6780	2	1172
6781	2	878
6782	2	884
6783	2	62
6784	2	648
6785	2	2296
6786	2	3331
6787	2	1883
6788	0	2054
6788	1	1106
6789	0	2054
6789	1	2063
6790	0	2054
6790	1	153
6791	0	2054
6791	1	969
6792	0	2054
6792	1	2656
6793	0	2054
6793	1	3121
6794	0	2054
6794	1	2711
6795	0	120
6795	1	2865
6796	0	825
6796	1	2915
6797	0	825
6797	1	3451
6798	0	825
6798	1	164
6799	0	825
6799	1	3165
6800	0	2948
6800	1	1881
6801	0	2186
6801	1	2196
6802	0	2186
6802	1	3019
6803	0	2186
6803	1	1026
6804	0	2186
6804	1	1402
6805	0	1569
6805	1	1317
6806	0	1569
6806	1	1263
6807	0	1569
6807	1	1303
6808	0	1569
6808	1	1642
6809	0	1569
6809	1	1640
6810	0	1569
6810	1	3451
6811	0	1569
6811	1	182
6812	0	1569
6812	1	2711
6813	2	3120
6814	0	1090
6814	1	1640
6815	0	905
6815	1	2435
6816	0	905
6816	1	2525
6817	0	905
6817	1	455
6818	0	905
6818	1	2005
6819	0	905
6819	1	1838
6820	0	2208
6820	1	3467
6821	0	2208
6821	1	2781
6822	0	327
6822	1	68
6823	0	2265
6823	1	1349
6824	2	683
6825	2	1547
6826	2	1302
6827	2	716
6828	2	2580
6829	2	2881
6830	2	3253
6831	2	3247
6832	0	194
6832	1	2138
6833	0	194
6833	1	302
6834	0	1784
6834	1	890
6835	0	1784
6835	1	1080
6836	0	1784
6836	1	833
6837	2	1850
6838	2	950
6839	2	2782
6840	2	800
6841	2	1665
6842	2	1666
6843	2	61
6844	2	1599
6845	0	995
6845	1	2282
6846	0	995
6846	1	1183
6847	0	995
6847	1	3280
6848	0	995
6848	1	2818
6849	0	995
6849	1	1280
6850	0	995
6850	1	1414
6851	0	995
6851	1	3205
6852	0	995
6852	1	1371
6853	0	995
6853	1	2294
6854	0	995
6854	1	699
6855	0	244
6855	1	2420
6856	0	799
6856	1	181
6857	0	799
6857	1	2865
6858	0	799
6858	1	2322
6859	0	799
6859	1	969
6860	0	2388
6860	1	2196
6861	0	2388
6861	1	2455
6862	0	1594
6862	1	3280
6863	0	1594
6863	1	3019
6864	2	1926
6865	2	1321
6866	2	750
6867	2	1997
6868	2	81
6869	2	1196
6870	2	1077
6871	2	842
6872	2	1603
6873	2	2413
6874	2	3460
6875	2	2910
6876	2	1493
6877	0	3368
6877	1	2672
6878	0	3368
6878	1	1870
6879	0	3368
6879	1	2327
6880	0	3368
6880	1	1349
6881	0	3368
6881	1	3403
6882	0	3368
6882	1	304
6883	0	1007
6883	1	1766
6884	0	1007
6884	1	2623
6885	0	1007
6885	1	2865
6886	0	1007
6886	1	3341
6887	0	1007
6887	1	1080
6888	0	1007
6888	1	2904
6889	0	1007
6889	1	2493
6890	0	1007
6890	1	271
6891	0	1007
6891	1	2860
6892	0	1007
6892	1	699
6893	0	381
6893	1	1701
6894	0	1734
6894	1	1070
6895	0	1734
6895	1	502
6896	0	1734
6896	1	3121
6897	0	3456
6897	1	453
6898	0	3456
6898	1	852
6899	0	3456
6899	1	575
6900	0	3456
6900	1	2698
6901	0	3456
6901	1	1224
6902	0	3456
6902	1	164
6903	0	3456
6903	1	1402
6904	0	3456
6904	1	833
6905	2	2824
6906	0	2261
6906	1	1268
6907	0	2261
6907	1	1106
6908	2	3421
6909	2	2128
6910	0	1385
6910	1	25
6911	0	1385
6911	1	991
6912	0	1385
6912	1	78
6913	0	1385
6913	1	2668
6914	0	1385
6914	1	3174
6915	0	1385
6915	1	2139
6916	2	1342
6917	0	2457
6917	1	1402
6918	0	1025
6918	1	3121
6919	2	892
6920	2	981
6921	2	1635
6922	2	972
6923	2	2725
6924	0	183
6924	1	2300
6925	0	183
6925	1	1817
6926	0	1800
6926	1	109
6927	0	1800
6927	1	605
6928	2	3209
6929	2	490
6930	2	3431
6931	0	961
6931	1	3019
6932	2	3364
6933	2	2064
6934	2	2040
6935	2	77
6936	2	2694
6937	2	491
6938	2	1200
6939	2	1512
6940	2	642
6941	0	1693
6941	1	1797
6942	0	1693
6942	1	828
6943	2	1788
6944	0	1774
6944	1	2475
6945	2	2182
6946	2	619
6947	2	1075
6948	2	2734
6949	2	1013
6950	0	1261
6950	1	289
6951	2	1706
6952	0	2239
6952	1	1642
6953	0	245
6953	1	457
6954	0	245
6954	1	3121
6955	0	376
6955	1	1879
6956	0	2235
6956	1	2282
6957	0	2235
6957	1	2711
6958	0	3362
6958	1	266
6959	0	3362
6959	1	78
6960	0	3362
6960	1	2294
6961	0	3362
6961	1	3266
6962	2	133
6963	2	334
6964	2	1066
6965	2	2788
6966	2	406
6967	2	3285
6968	0	572
6968	1	620
6969	0	572
6969	1	2899
6970	0	572
6970	1	1870
6971	0	572
6971	1	476
6972	0	572
6972	1	1472
6973	0	572
6973	1	2891
6974	0	572
6974	1	68
6975	2	3077
6976	2	2913
6977	0	3219
6977	1	2891
6978	0	3219
6978	1	1701
6979	2	887
6980	2	408
6981	2	3022
6982	2	1954
6983	2	1139
6984	2	3021
6985	2	1250
6986	2	1252
6987	2	99
6988	2	3462
6989	2	1461
6990	2	135
6991	2	1536
6992	2	1537
6993	2	439
6994	2	2167
6995	0	1979
6995	1	890
6996	0	1979
6996	1	3379
6997	2	1452
6998	0	3177
6998	1	1317
6999	0	3177
6999	1	3019
7000	0	3177
7000	1	1521
7001	0	3177
7001	1	2294
7002	0	39
7002	1	385
7003	0	3150
7003	1	2865
7004	0	3150
7004	1	302
7005	0	3150
7005	1	3361
7006	0	425
7006	1	2934
7007	0	425
7007	1	1908
7008	0	425
7008	1	1106
7009	2	3423
7010	2	1008
7011	0	1002
7011	1	3451
7012	0	19
7012	1	620
7013	0	19
7013	1	289
7014	0	19
7014	1	1441
7015	2	1360
7016	2	3260
7017	0	162
7017	1	1402
7018	0	162
7018	1	271
7019	0	1611
7019	1	2644
7020	0	1611
7020	1	2116
7021	0	1611
7021	1	1106
7022	0	1611
7022	1	3205
7023	0	1611
7023	1	969
7024	0	1611
7024	1	2139
7025	0	1611
7025	1	218
7026	0	1611
7026	1	3108
7027	0	1611
7027	1	1879
7028	0	1611
7028	1	304
7029	2	1656
7030	2	2223
7031	0	1073
7031	1	620
7032	0	1073
7032	1	2899
7033	0	1073
7033	1	3108
7034	0	481
7034	1	289
7035	0	481
7035	1	2983
7036	0	481
7036	1	1701
7037	0	3399
7037	1	1183
7038	0	3399
7038	1	2143
7039	0	3399
7039	1	3350
7040	0	3399
7040	1	2525
7041	0	3399
7041	1	3174
7042	0	3399
7042	1	164
7043	2	566
7044	2	3159
7045	2	3078
7046	2	558
7047	0	1093
7047	1	153
7048	2	2059
7049	2	3091
7050	0	2888
7050	1	1817
7051	2	1470
7052	2	2972
7053	2	1456
7054	2	3201
7055	0	915
7055	1	1106
7056	0	915
7056	1	454
7057	0	915
7057	1	3174
7058	2	2704
7059	2	1137
7060	0	1827
7060	1	819
7061	2	1641
7062	0	82
7062	1	1841
7063	2	3061
7064	2	2276
7065	2	1759
7066	2	1637
7067	2	197
7068	2	1649
7069	2	973
7070	2	2407
7071	2	104
7072	2	2339
7073	0	882
7073	1	2143
7074	0	882
7074	1	1303
7075	0	882
7075	1	1817
7076	0	882
7076	1	271
7077	2	513
7078	2	2248
7079	2	1837
7080	0	3477
7080	1	3135
7081	0	3477
7081	1	3451
7082	0	3477
7082	1	3121
7083	2	2073
7084	0	1822
7084	1	1838
7085	2	1632
7086	2	3428
7087	2	697
7088	2	225
7089	2	1697
7090	2	2114
7091	2	2534
7092	2	529
7093	2	1887
7094	2	549
7095	2	1037
7096	0	1216
7096	1	2644
7097	0	1216
7097	1	25
7098	0	1216
7098	1	1530
7099	0	1216
7099	1	2322
7100	0	1216
7100	1	2005
7101	0	1216
7101	1	2632
7102	0	3237
7102	1	969
7103	2	2740
7104	0	1241
7104	1	2525
7105	2	821
7106	2	1802
7107	2	2574
7108	2	1950
7109	2	2803
7110	2	1320
7111	0	1288
7111	1	2294
7112	0	1288
7112	1	3266
7113	2	1023
7114	2	1187
7115	2	1865
7116	2	2340
7117	2	2236
7118	2	2389
7119	2	3044
7120	2	1633
7121	2	1593
7122	2	1163
7123	2	2068
7124	2	3308
7125	2	3269
7126	2	2772
7127	2	2946
