0	2	1954
1	2	6110
2	0	2106
2	1	2169
3	0	7500
3	1	2169
4	0	1899
4	1	2169
5	0	7809
5	1	2169
6	2	2131
7	0	2674
7	1	8368
8	0	7270
8	1	1285
9	0	7809
9	1	1285
10	2	3201
11	0	3327
11	1	1285
12	2	5690
13	2	8004
14	0	7270
14	1	560
15	0	7809
15	1	560
16	2	4222
17	2	6088
18	0	433
18	1	560
19	0	7270
19	1	6718
20	0	5233
20	1	6718
21	2	6831
22	0	7809
22	1	3860
23	0	3917
23	1	2169
24	0	1214
24	1	2169
25	2	560
26	0	5103
26	1	560
27	0	2706
27	1	6083
28	2	6083
29	2	3913
30	2	6596
31	2	6199
32	2	3645
33	0	2674
33	1	2169
34	2	8392
35	2	898
36	2	8189
37	0	4606
37	1	6015
38	2	6015
39	0	8251
39	1	2169
40	0	6011
40	1	6718
41	0	5858
41	1	6718
42	0	7809
42	1	6718
43	0	4060
43	1	6718
44	2	6876
45	0	2706
45	1	6718
46	0	7270
46	1	510
47	0	7809
47	1	510
48	0	7809
48	1	6853
49	0	4606
49	1	6853
50	2	3860
51	2	2088
52	2	4609
53	2	3990
54	0	7270
54	1	6083
55	2	325
56	0	6011
56	1	3850
57	2	1237
58	0	2655
58	1	3404
59	0	1763
59	1	3404
60	2	2799
61	2	2808
62	0	7809
62	1	1860
63	2	3850
64	2	4644
65	2	5420
66	2	283
67	2	6853
68	0	7809
68	1	283
69	0	7292
69	1	6718
70	0	4606
70	1	6718
71	2	2932
72	0	4899
72	1	6718
73	0	7892
73	1	3850
74	2	3404
75	0	4606
75	1	3404
76	0	5858
76	1	2169
77	2	2169
78	2	1838
79	0	7809
79	1	3850
80	2	1121
81	2	648
82	0	7809
82	1	7872
83	0	8250
83	1	6669
84	0	2674
84	1	6669
85	2	4918
86	0	3327
86	1	6669
87	2	2056
88	0	7270
88	1	4644
89	0	7633
89	1	4644
90	0	7809
90	1	8551
91	2	6566
92	2	7427
93	2	2668
94	2	2158
95	0	7156
95	1	688
96	2	7690
97	2	7373
98	2	6920
99	0	4663
99	1	3850
100	0	242
100	1	6718
101	0	4606
101	1	6110
102	0	553
102	1	6718
103	0	4833
103	1	463
104	0	3165
104	1	2808
105	2	1968
106	2	2
107	0	7892
107	1	1968
108	2	7370
109	2	4639
110	2	7951
111	2	5798
112	2	2966
113	2	6636
114	2	2794
115	2	4744
116	2	510
117	2	7461
118	2	6288
119	0	7633
119	1	5420
120	0	3381
120	1	6718
121	2	3662
122	2	6718
123	2	12
124	0	4606
124	1	5539
125	0	7633
125	1	6718
126	2	6164
127	2	7739
128	0	4663
128	1	6718
129	2	6822
130	0	4302
130	1	2169
131	0	3704
131	1	2169
132	0	2674
132	1	688
133	2	688
134	0	4833
134	1	688
135	0	7270
135	1	3850
136	0	6221
136	1	3850
137	0	5858
137	1	3850
138	0	7270
138	1	688
139	2	4030
140	2	4474
141	0	4942
141	1	3850
142	2	3174
143	0	4606
143	1	6575
144	0	2674
144	1	6575
145	2	4545
146	0	7878
146	1	6015
147	0	4838
147	1	6015
148	0	2880
148	1	5420
149	0	5233
149	1	6920
150	2	4510
151	0	7809
151	1	4510
152	0	919
152	1	4510
153	0	433
153	1	4510
154	0	6011
154	1	4510
155	0	4888
155	1	4510
156	0	1672
156	1	3850
157	2	1163
158	2	1255
159	0	7270
159	1	6853
160	0	6547
160	1	6853
161	0	4833
161	1	6718
162	0	2297
162	1	6718
163	0	7809
163	1	4644
164	2	8018
165	0	7809
165	1	1375
166	2	5138
167	0	7809
167	1	6993
168	2	7724
169	0	7809
169	1	734
170	0	2880
170	1	6718
171	0	4833
171	1	1080
172	0	2674
172	1	1080
173	0	1508
173	1	1080
174	0	6138
174	1	7739
175	2	1513
176	0	7633
176	1	3404
177	2	2281
178	2	6244
179	2	1560
180	0	2106
180	1	5214
181	0	8366
181	1	5214
182	2	1808
183	0	7809
183	1	233
184	0	5541
184	1	233
185	0	5799
185	1	233
186	0	5233
186	1	233
187	0	7809
187	1	7739
188	0	600
188	1	7739
189	0	3960
189	1	6718
190	0	2674
190	1	283
191	2	1080
192	0	242
192	1	2355
193	0	3327
193	1	2355
194	2	7806
195	0	5093
195	1	7989
196	0	7809
196	1	7989
197	0	7892
197	1	6920
198	0	7809
198	1	6920
199	0	4606
199	1	1080
200	2	2891
201	0	7809
201	1	1080
202	0	1474
202	1	2122
203	0	2674
203	1	2122
204	0	7270
204	1	2122
205	0	6294
205	1	2122
206	0	2297
206	1	5484
207	0	7809
207	1	5484
208	0	242
208	1	5484
209	2	4437
210	0	1672
210	1	6083
211	0	3165
211	1	8549
212	0	3381
212	1	8549
213	2	7187
214	0	5462
214	1	6718
215	2	7835
216	0	4606
216	1	3850
217	2	5660
218	2	7186
219	2	2117
220	2	6669
221	2	4921
222	2	4904
223	0	4606
223	1	6920
224	2	7454
225	0	7809
225	1	3174
226	0	4606
226	1	4510
227	0	3027
227	1	3989
228	2	3819
229	2	6663
230	2	6023
231	0	3327
231	1	3860
232	2	5787
233	0	8443
233	1	560
234	0	4606
234	1	560
235	0	4606
235	1	2169
236	2	5742
237	0	7809
237	1	1791
238	2	2828
239	0	4606
239	1	3564
240	2	6575
241	0	3445
241	1	6575
242	0	668
242	1	6575
243	2	2991
244	0	7809
244	1	213
245	0	7809
245	1	3989
246	0	4606
246	1	3989
247	2	3268
248	0	7809
248	1	1631
249	2	85
250	2	5832
251	2	4387
252	2	7486
253	0	433
253	1	2671
254	2	408
255	2	936
256	2	793
257	0	4888
257	1	6083
258	0	7809
258	1	6083
259	0	433
259	1	3564
260	2	3564
261	2	3353
262	2	2755
263	0	7809
263	1	4545
264	0	7633
264	1	2761
265	2	2761
266	2	1969
267	0	8443
267	1	1791
268	0	6221
268	1	1791
269	2	953
270	2	6403
271	0	433
271	1	1930
272	0	4606
272	1	1930
273	0	3980
273	1	8154
274	0	4606
274	1	8154
275	2	3529
276	2	1529
277	0	8124
277	1	5420
278	2	5005
279	2	5252
280	0	1258
280	1	6718
281	2	7861
282	2	7061
283	2	5344
284	2	6706
285	2	973
286	0	7892
286	1	5420
287	2	4924
288	2	1979
289	0	7809
289	1	4465
290	0	7270
290	1	6663
291	0	5468
291	1	6663
292	0	7270
292	1	283
293	0	7809
293	1	830
294	0	433
294	1	3850
295	2	5663
296	0	7809
296	1	2122
297	2	5849
298	2	5213
299	0	2674
299	1	6083
300	0	7892
300	1	6083
301	0	5541
301	1	560
302	2	3790
303	0	2297
303	1	1808
304	2	1358
305	2	2350
306	2	5349
307	2	4221
308	0	5103
308	1	4644
309	0	5799
309	1	6920
310	2	1172
311	0	3581
311	1	6718
312	2	712
313	0	7809
313	1	1930
314	0	7878
314	1	3451
315	2	4801
316	0	4606
316	1	3451
317	0	3445
317	1	6718
318	0	4663
318	1	6083
319	2	7786
320	2	3765
321	2	7730
322	2	6993
323	2	2766
324	0	4606
324	1	5420
325	0	5579
325	1	560
326	2	3777
327	2	6932
328	0	2636
328	1	1285
329	0	7633
329	1	1285
330	0	600
330	1	5484
331	0	7270
331	1	5484
332	2	5694
333	0	2674
333	1	3565
334	0	7809
334	1	6575
335	0	5858
335	1	4510
336	0	7809
336	1	1808
337	0	930
337	1	1808
338	0	2880
338	1	3850
339	2	3451
340	0	5353
340	1	3451
341	0	5579
341	1	3451
342	2	8574
343	0	7809
343	1	3565
344	0	7892
344	1	6015
345	0	7892
345	1	283
346	2	6635
347	2	6176
348	0	2674
348	1	3451
349	0	7809
349	1	688
350	0	4606
350	1	688
351	0	6973
351	1	2761
352	2	6048
353	0	7270
353	1	2761
354	0	3917
354	1	2761
355	0	7878
355	1	3565
356	0	7809
356	1	8188
357	0	5453
357	1	8188
358	0	7270
358	1	8188
359	0	8035
359	1	8188
360	0	433
360	1	8188
361	0	3581
361	1	8188
362	0	246
362	1	8188
363	2	1589
364	0	6547
364	1	2761
365	2	4230
366	2	3637
367	2	7872
368	0	433
368	1	4030
369	2	5523
370	0	5799
370	1	797
371	0	433
371	1	6920
372	0	6011
372	1	1791
373	0	433
373	1	283
374	0	7809
374	1	2117
375	0	7270
375	1	2117
376	0	6331
376	1	6718
377	0	2204
377	1	6718
378	2	3094
379	0	7809
379	1	1274
380	2	6956
381	0	4790
381	1	6718
382	0	5799
382	1	6718
383	2	1522
384	0	1409
384	1	6718
385	2	1603
386	0	7878
386	1	4644
387	0	7878
387	1	6718
388	0	6011
388	1	3564
389	2	4011
390	0	4302
390	1	6718
391	0	5103
391	1	6718
392	0	2333
392	1	6718
393	0	5468
393	1	6718
394	0	735
394	1	6718
395	0	7156
395	1	6718
396	0	2311
396	1	6718
397	2	4162
398	0	5093
398	1	1285
399	2	5494
400	0	5193
400	1	6718
401	0	1508
401	1	6718
402	2	2905
403	2	3566
404	2	3651
405	2	5869
406	0	5353
406	1	6718
407	0	5453
407	1	6718
408	0	7809
408	1	2966
409	0	3870
409	1	6718
410	0	5453
410	1	283
411	2	4179
412	2	3145
413	2	107
414	0	2674
414	1	6718
415	2	7512
416	0	1739
416	1	6718
417	0	4135
417	1	6718
418	0	7500
418	1	518
419	0	403
419	1	518
420	2	6883
421	0	1106
421	1	8225
422	2	7720
423	2	3469
424	2	3611
425	2	5707
426	2	1726
427	2	6789
428	2	1843
429	2	287
430	0	433
430	1	510
431	0	7809
431	1	2761
432	2	6578
433	0	4606
433	1	510
434	2	4874
435	2	3578
436	0	2674
436	1	3850
437	0	4606
437	1	3860
438	0	3165
438	1	3860
439	0	2297
439	1	7739
440	0	919
440	1	7739
441	0	668
441	1	233
442	2	1647
443	0	370
443	1	6718
444	2	7264
445	0	5093
445	1	6718
446	0	1174
446	1	6718
447	0	2100
447	1	6853
448	0	2674
448	1	797
449	0	7809
449	1	797
450	0	2880
450	1	797
451	2	797
452	0	115
452	1	6718
453	0	663
453	1	6718
454	0	6221
454	1	6718
455	0	5541
455	1	6718
456	2	4607
457	0	5462
457	1	2761
458	2	5185
459	0	7809
459	1	5185
460	2	8368
461	0	3165
461	1	5185
462	0	7270
462	1	8368
463	0	7270
463	1	5185
464	0	5103
464	1	5185
465	0	7633
465	1	5185
466	0	433
466	1	5185
467	0	6138
467	1	5185
468	0	5541
468	1	5185
469	2	2529
470	2	5609
471	0	4606
471	1	5185
472	0	7633
472	1	3850
473	2	1294
474	0	433
474	1	6853
475	0	5541
475	1	6853
476	2	2126
477	0	3165
477	1	6718
478	0	2504
478	1	6718
479	0	47
479	1	6718
480	2	3505
481	2	8057
482	2	1934
483	0	1508
483	1	5320
484	2	2792
485	0	5579
485	1	6718
486	2	1082
487	2	7813
488	0	6138
488	1	7419
489	0	7809
489	1	4816
490	0	7557
490	1	3850
491	0	4606
491	1	2117
492	2	8591
493	2	3835
494	0	3445
494	1	233
495	2	1892
496	2	4987
497	0	5353
497	1	8188
498	2	8217
499	0	1258
499	1	5420
500	0	6011
500	1	5420
501	0	5541
501	1	5420
502	0	2780
502	1	5420
503	0	5353
503	1	5420
504	2	230
505	2	1721
506	0	7921
506	1	6920
507	2	2673
508	2	2148
509	0	7809
509	1	2148
510	2	7704
511	2	3456
512	2	4782
513	2	4340
514	0	7270
514	1	2169
515	0	7270
515	1	2088
516	0	5103
516	1	2088
517	0	2106
517	1	2088
518	0	7633
518	1	2088
519	2	5891
520	0	4606
520	1	2088
521	0	7500
521	1	6853
522	0	3327
522	1	2088
523	0	246
523	1	1285
524	2	1285
525	0	2297
525	1	1285
526	0	5103
526	1	1285
527	0	5233
527	1	2088
528	2	2574
529	0	7809
529	1	2088
530	2	5012
531	0	4566
531	1	1960
532	2	7716
533	0	3165
533	1	1960
534	2	1960
535	2	4882
536	2	6666
537	0	7809
537	1	3564
538	0	2706
538	1	7419
539	0	7270
539	1	7419
540	2	1327
541	2	6117
542	0	7878
542	1	2169
543	0	3798
543	1	2169
544	0	5541
544	1	2761
545	0	433
545	1	2761
546	2	7989
547	2	7515
548	0	2674
548	1	7739
549	0	4430
549	1	6023
550	0	4430
550	1	7739
551	0	5799
551	1	7739
552	0	5233
552	1	7739
553	0	7328
553	1	560
554	0	6547
554	1	560
555	0	6138
555	1	6853
556	2	2310
557	0	3381
557	1	797
558	0	4833
558	1	6920
559	2	5287
560	0	7500
560	1	931
561	0	2100
561	1	2169
562	0	5103
562	1	2755
563	0	7270
563	1	2755
564	0	7809
564	1	2755
565	0	2106
565	1	6718
566	0	175
566	1	6015
567	2	5729
568	0	4606
568	1	7739
569	0	5579
569	1	6663
570	0	7878
570	1	6663
571	0	2297
571	1	6023
572	2	6880
573	2	4484
574	0	3917
574	1	6718
575	0	7633
575	1	560
576	0	4430
576	1	2169
577	2	353
578	0	8124
578	1	7739
579	0	7270
579	1	7739
580	0	3206
580	1	7302
581	2	7302
582	0	3917
582	1	7904
583	2	8541
584	0	4833
584	1	278
585	2	3400
586	2	4727
587	2	3661
588	0	4664
588	1	6718
589	0	7270
589	1	2966
590	2	1778
591	2	6332
592	2	8465
593	2	4926
594	0	2780
594	1	2117
595	2	5816
596	2	6603
597	0	115
597	1	5420
598	2	3882
599	2	584
600	2	4100
601	2	732
602	2	2861
603	2	1460
604	2	8282
605	0	3499
605	1	4545
606	0	7270
606	1	4545
607	0	3381
607	1	4545
608	0	3327
608	1	6718
609	2	3028
610	2	2614
611	2	7772
612	2	4578
613	2	6521
614	0	8250
614	1	4918
615	2	6140
616	0	8443
616	1	7739
617	2	4879
618	0	433
618	1	7739
619	0	8281
619	1	7739
620	0	3381
620	1	7739
621	0	3917
621	1	7739
622	2	6590
623	0	6526
623	1	7739
624	0	2015
624	1	7739
625	0	2781
625	1	7739
626	2	1043
627	2	3729
628	0	2880
628	1	6015
629	0	5103
629	1	6853
630	2	4321
631	2	8555
632	2	2682
633	0	3327
633	1	2169
634	2	7324
635	2	2162
636	2	5828
637	0	7892
637	1	7739
638	2	2514
639	2	6621
640	0	7892
640	1	1255
641	2	4579
642	0	7892
642	1	3860
643	2	203
644	0	7500
644	1	6015
645	2	297
646	2	4338
647	2	5922
648	0	4606
648	1	858
649	2	717
650	0	1672
650	1	858
651	0	5103
651	1	3850
652	0	5233
652	1	6767
653	2	6595
654	0	1254
654	1	2169
655	0	433
655	1	2169
656	2	7424
657	0	4669
657	1	6083
658	0	4302
658	1	7739
659	0	7270
659	1	6199
660	0	7809
660	1	6199
661	2	5484
662	2	2452
663	2	2982
664	0	7809
664	1	5420
665	0	6138
665	1	6920
666	0	2106
666	1	6083
667	2	8184
668	0	5481
668	1	5484
669	0	8237
669	1	4545
670	0	2706
670	1	3850
671	0	7500
671	1	718
672	2	718
673	0	242
673	1	3850
674	0	4606
674	1	5695
675	0	7809
675	1	5695
676	0	5353
676	1	5695
677	0	3327
677	1	5695
678	0	7826
678	1	1930
679	0	3165
679	1	1930
680	0	7349
680	1	1930
681	2	7224
682	2	3175
683	0	2880
683	1	2808
684	0	7809
684	1	2808
685	2	8399
686	0	433
686	1	1473
687	2	1243
688	2	8527
689	0	5103
689	1	3451
690	2	144
691	0	5541
691	1	3882
692	2	2598
693	0	3825
693	1	7739
694	0	7809
694	1	7419
695	2	2291
696	0	5093
696	1	3850
697	0	3381
697	1	3850
698	0	2674
698	1	1285
699	0	3327
699	1	4510
700	0	7756
700	1	6718
701	2	1767
702	2	7480
703	0	5579
703	1	5420
704	2	7919
705	0	4606
705	1	283
706	0	5103
706	1	5484
707	0	6285
707	1	5484
708	2	1959
709	2	7390
710	0	2706
710	1	2169
711	2	6624
712	0	7809
712	1	392
713	2	7053
714	0	3151
714	1	7739
715	2	4525
716	0	7809
716	1	1969
717	2	6487
718	2	667
719	2	8188
720	0	7892
720	1	510
721	0	2311
721	1	5185
722	2	1296
723	0	2880
723	1	6110
724	0	7633
724	1	6110
725	0	7270
725	1	5420
726	2	6175
727	2	1377
728	0	3381
728	1	7419
729	2	8310
730	0	7921
730	1	7419
731	0	1672
731	1	6575
732	2	8212
733	0	1508
733	1	7739
734	0	2106
734	1	7739
735	2	8225
736	0	6337
736	1	8225
737	0	3093
737	1	6920
738	0	1474
738	1	3850
739	0	5573
739	1	3850
740	2	2099
741	0	2674
741	1	3564
742	2	6644
743	0	433
743	1	2966
744	0	2880
744	1	2966
745	2	5306
746	0	4606
746	1	7904
747	0	4606
747	1	1473
748	2	5403
749	0	7809
749	1	7424
750	0	433
750	1	7424
751	2	3779
752	2	4812
753	2	5669
754	0	7809
754	1	7302
755	2	3475
756	0	115
756	1	2169
757	0	668
757	1	1080
758	0	5541
758	1	4744
759	0	1508
759	1	1631
760	0	433
760	1	688
761	2	3583
762	2	7696
763	0	4833
763	1	2169
764	0	8191
764	1	5484
765	0	2130
765	1	6718
766	2	3778
767	2	6264
768	2	5764
769	2	3244
770	0	4948
770	1	1080
771	2	3694
772	0	3581
772	1	6920
773	0	242
773	1	1080
774	0	3327
774	1	1080
775	0	5541
775	1	3850
776	0	175
776	1	278
777	0	6294
777	1	1808
778	0	6138
778	1	6663
779	0	7809
779	1	6663
780	2	1498
781	2	2122
782	2	8551
783	2	7607
784	2	1205
785	2	7838
786	2	6633
787	2	5638
788	0	7892
788	1	3564
789	2	362
790	2	2475
791	0	7809
791	1	3956
792	0	2880
792	1	3956
793	2	2823
794	0	7620
794	1	283
795	2	1347
796	2	1973
797	0	8036
797	1	6663
798	2	466
799	0	2956
799	1	5943
800	2	2561
801	0	6138
801	1	3850
802	2	7419
803	0	663
803	1	858
804	0	47
804	1	858
805	0	3960
805	1	2761
806	0	7633
806	1	7419
807	0	7809
807	1	8225
808	0	668
808	1	8225
809	0	7633
809	1	8225
810	0	4606
810	1	8225
811	2	3397
812	0	7270
812	1	4861
813	0	7809
813	1	4861
814	2	1775
815	0	7270
815	1	6575
816	0	3381
816	1	6575
817	0	5799
817	1	3451
818	0	3704
818	1	1808
819	0	5541
819	1	1808
820	0	2333
820	1	7739
821	2	364
822	2	8388
823	2	885
824	0	7500
824	1	3850
825	2	4752
826	0	4833
826	1	3645
827	0	8250
827	1	278
828	0	5541
828	1	4041
829	2	4041
830	0	2743
830	1	3850
831	0	7809
831	1	6669
832	2	5757
833	0	4606
833	1	6669
834	0	5541
834	1	6669
835	0	5579
835	1	6669
836	2	6134
837	2	4053
838	2	8549
839	0	433
839	1	6718
840	0	8250
840	1	4510
841	0	242
841	1	7419
842	2	2094
843	2	5916
844	0	7809
844	1	5828
845	0	7270
845	1	5828
846	0	1672
846	1	3244
847	2	392
848	0	7809
848	1	6110
849	2	7904
850	2	6928
851	2	7509
852	2	4368
853	0	8250
853	1	3989
854	0	930
854	1	4041
855	0	930
855	1	4100
856	0	5858
856	1	2761
857	0	5541
857	1	1092
858	2	1092
859	0	4566
859	1	4465
860	0	600
860	1	4465
861	0	4664
861	1	2295
862	0	5799
862	1	1930
863	2	1286
864	0	7609
864	1	3860
865	0	5337
865	1	3860
866	0	8124
866	1	6718
867	0	7633
867	1	1791
868	0	5799
868	1	1791
869	0	5093
869	1	2808
870	0	7878
870	1	7419
871	0	1508
871	1	7419
872	0	2880
872	1	7419
873	2	5128
874	0	2880
874	1	8225
875	0	1135
875	1	8225
876	0	6138
876	1	2122
877	0	2880
877	1	2122
878	2	1426
879	0	5103
879	1	3404
880	2	5347
881	0	2706
881	1	6663
882	2	5284
883	0	6011
883	1	6575
884	0	5858
884	1	3451
885	0	7292
885	1	4030
886	2	8338
887	0	433
887	1	3404
888	0	5462
888	1	3404
889	2	134
890	0	735
890	1	7419
891	2	6508
892	0	5103
892	1	4510
893	0	2106
893	1	560
894	2	4141
895	0	3075
895	1	560
896	0	7365
896	1	560
897	2	1930
898	0	7847
898	1	1930
899	0	7270
899	1	5736
900	0	2311
900	1	5736
901	0	7809
901	1	5736
902	2	5413
903	0	6138
903	1	5943
904	0	3381
904	1	283
905	2	2044
906	2	1329
907	0	3381
907	1	5484
908	0	1436
908	1	5484
909	2	2101
910	2	1795
911	0	3445
911	1	1080
912	0	8250
912	1	1080
913	0	1547
913	1	2761
914	0	5193
914	1	2761
915	2	6910
916	2	1509
917	0	5233
917	1	3850
918	0	1258
918	1	3850
919	2	3081
920	2	931
921	2	3545
922	0	5541
922	1	3244
923	0	6526
923	1	3244
924	2	1634
925	0	7270
925	1	4510
926	0	1508
926	1	4510
927	2	8012
928	0	5233
928	1	560
929	0	2780
929	1	8188
930	0	6138
930	1	8188
931	2	7011
932	2	137
933	0	7892
933	1	6199
934	0	6285
934	1	804
935	0	7809
935	1	804
936	0	3823
936	1	6110
937	0	433
937	1	5943
938	0	254
938	1	5943
939	0	4606
939	1	2966
940	0	1508
940	1	2966
941	0	4833
941	1	7739
942	0	3917
942	1	3850
943	0	6011
943	1	4230
944	0	7809
944	1	5943
945	0	2106
945	1	6663
946	0	3825
946	1	3451
947	0	7809
947	1	3451
948	2	2012
949	0	2674
949	1	510
950	2	6776
951	2	5046
952	0	2743
952	1	6718
953	0	1214
953	1	6718
954	2	1211
955	2	8029
956	2	4457
957	2	2036
958	2	4962
959	0	6138
959	1	6718
960	2	390
961	0	4212
961	1	6718
962	0	2015
962	1	6718
963	2	5684
964	2	2040
965	0	899
965	1	6718
966	2	4786
967	2	5320
968	2	1337
969	0	5353
969	1	5943
970	2	7551
971	2	6115
972	0	433
972	1	2117
973	0	6236
973	1	5500
974	0	1436
974	1	5500
975	0	5541
975	1	1080
976	0	223
976	1	1080
977	2	5500
978	0	2780
978	1	5500
979	0	7809
979	1	5500
980	0	1258
980	1	5500
981	0	1967
981	1	3945
982	0	7236
982	1	5758
983	2	4468
984	0	8250
984	1	6920
985	0	2674
985	1	5500
986	0	7809
986	1	3469
987	0	1508
987	1	510
988	2	5758
989	0	7809
989	1	3945
990	2	1378
991	0	5799
991	1	3404
992	0	3327
992	1	1808
993	0	5093
993	1	2755
994	0	4663
994	1	2755
995	0	8237
995	1	2755
996	0	4302
996	1	7419
997	0	4606
997	1	2012
998	2	5295
999	2	73
1000	2	3164
1001	2	5265
1002	0	7156
1002	1	560
1003	0	5799
1003	1	560
1004	0	5799
1004	1	2761
1005	0	2880
1005	1	1808
1006	0	8281
1006	1	1808
1007	0	3517
1007	1	3404
1008	2	1125
1009	0	2880
1009	1	283
1010	0	5093
1010	1	3860
1011	0	4663
1011	1	3860
1012	0	8237
1012	1	3860
1013	2	2699
1014	2	4109
1015	0	7270
1015	1	648
1016	0	433
1016	1	648
1017	2	7020
1018	2	5059
1019	2	1860
1020	0	8237
1020	1	6718
1021	2	6542
1022	2	4890
1023	2	777
1024	0	1258
1024	1	4644
1025	0	2100
1025	1	6718
1026	0	6138
1026	1	2761
1027	0	5353
1027	1	5185
1028	0	2743
1028	1	5185
1029	0	663
1029	1	5185
1030	0	7270
1030	1	3956
1031	0	5103
1031	1	3956
1032	2	8421
1033	2	563
1034	0	668
1034	1	6718
1035	2	1059
1036	0	7197
1036	1	6718
1037	0	5201
1037	1	6718
1038	0	4664
1038	1	2475
1039	2	350
1040	2	8279
1041	0	254
1041	1	6718
1042	2	7220
1043	0	2780
1043	1	6718
1044	2	3855
1045	2	0
1046	2	990
1047	0	3165
1047	1	1791
1048	0	1258
1048	1	1791
1049	0	5103
1049	1	7739
1050	0	2130
1050	1	1960
1051	0	7809
1051	1	1960
1052	0	3917
1052	1	4578
1053	0	433
1053	1	4578
1054	0	7892
1054	1	8188
1055	0	986
1055	1	6853
1056	2	8020
1057	0	4606
1057	1	797
1058	2	7474
1059	2	51
1060	2	3973
1061	0	2674
1061	1	6920
1062	0	7236
1062	1	2614
1063	2	5009
1064	0	5453
1064	1	4545
1065	0	3381
1065	1	2755
1066	2	3288
1067	0	3381
1067	1	560
1068	0	2130
1068	1	560
1069	2	3374
1070	0	4606
1070	1	1285
1071	0	6112
1071	1	1285
1072	0	6221
1072	1	1285
1073	0	2311
1073	1	1285
1074	0	2880
1074	1	1285
1075	2	3532
1076	2	6215
1077	2	30
1078	0	4606
1078	1	1960
1079	2	3811
1080	2	7415
1081	2	4480
1082	2	86
1083	0	2130
1083	1	2755
1084	0	7416
1084	1	3850
1085	0	6817
1085	1	7739
1086	2	1510
1087	0	3581
1087	1	7739
1088	2	3123
1089	2	278
1090	0	4251
1090	1	3564
1091	0	8251
1091	1	3564
1092	0	2106
1092	1	3850
1093	0	433
1093	1	6083
1094	0	7921
1094	1	6083
1095	0	2106
1095	1	3860
1096	0	3381
1096	1	3860
1097	2	1777
1098	2	7098
1099	0	7892
1099	1	2117
1100	0	2880
1100	1	5185
1101	2	313
1102	0	5541
1102	1	7739
1103	0	7270
1103	1	3860
1104	0	7633
1104	1	3860
1105	2	7553
1106	0	2880
1106	1	3564
1107	0	4663
1107	1	3564
1108	0	5093
1108	1	7424
1109	0	3960
1109	1	7424
1110	2	4603
1111	0	4606
1111	1	2777
1112	0	2551
1112	1	6575
1113	0	2769
1113	1	510
1114	2	8641
1115	0	4663
1115	1	6853
1116	2	3668
1117	2	7036
1118	0	169
1118	1	6853
1119	2	7038
1120	0	4606
1120	1	1838
1121	2	5602
1122	2	188
1123	0	7137
1123	1	6718
1124	0	2106
1124	1	858
1125	2	937
1126	0	7809
1126	1	858
1127	2	6926
1128	2	2392
1129	0	1474
1129	1	7739
1130	0	3165
1130	1	7739
1131	0	2880
1131	1	3860
1132	2	4297
1133	0	2297
1133	1	6669
1134	0	5103
1134	1	6669
1135	0	3075
1135	1	8188
1136	0	433
1136	1	6015
1137	0	7809
1137	1	3404
1138	2	1791
1139	0	7270
1139	1	1791
1140	0	3381
1140	1	1791
1141	2	7893
1142	0	433
1142	1	3565
1143	0	2880
1143	1	688
1144	2	4891
1145	0	986
1145	1	5539
1146	0	2106
1146	1	5539
1147	0	2655
1147	1	1930
1148	0	242
1148	1	1930
1149	2	5983
1150	0	7270
1150	1	355
1151	0	7809
1151	1	355
1152	0	7633
1152	1	7739
1153	0	2674
1153	1	5185
1154	0	5103
1154	1	1080
1155	0	663
1155	1	1791
1156	0	2106
1156	1	4465
1157	2	7306
1158	2	5901
1159	0	1106
1159	1	7739
1160	0	1254
1160	1	7739
1161	0	2780
1161	1	7739
1162	2	2562
1163	0	7270
1163	1	1808
1164	2	2280
1165	2	728
1166	0	2015
1166	1	3882
1167	0	2415
1167	1	1930
1168	0	3381
1168	1	1930
1169	2	8127
1170	2	3879
1171	2	2500
1172	0	4606
1172	1	355
1173	0	7229
1173	1	510
1174	2	2305
1175	0	1258
1175	1	560
1176	2	1947
1177	0	2674
1177	1	7607
1178	0	2404
1178	1	2966
1179	2	4119
1180	0	3093
1180	1	1285
1181	0	5193
1181	1	1285
1182	0	7693
1182	1	1285
1183	2	2649
1184	0	4642
1184	1	1285
1185	0	3704
1185	1	5828
1186	2	369
1187	0	668
1187	1	7933
1188	0	5468
1188	1	7509
1189	2	4641
1190	0	3445
1190	1	4122
1191	0	7809
1191	1	4122
1192	0	8250
1192	1	4122
1193	2	4122
1194	2	3954
1195	2	6654
1196	2	213
1197	0	7892
1197	1	858
1198	2	8108
1199	0	6011
1199	1	6015
1200	2	1586
1201	0	7270
1201	1	7509
1202	0	519
1202	1	6718
1203	2	516
1204	2	1982
1205	2	2188
1206	0	4135
1206	1	858
1207	2	587
1208	0	7809
1208	1	7607
1209	2	3317
1210	2	3624
1211	2	3622
1212	2	8524
1213	2	7425
1214	0	2706
1214	1	283
1215	2	6102
1216	2	6216
1217	0	8602
1217	1	8368
1218	2	6247
1219	0	7809
1219	1	3244
1220	0	3960
1220	1	3469
1221	0	47
1221	1	3469
1222	0	2100
1222	1	7739
1223	0	7633
1223	1	1930
1224	0	5103
1224	1	5828
1225	0	6138
1225	1	7509
1226	2	6233
1227	2	3056
1228	2	2846
1229	0	4606
1229	1	7419
1230	0	4606
1230	1	1969
1231	0	5233
1231	1	1969
1232	2	4568
1233	2	3768
1234	0	7892
1234	1	1808
1235	2	875
1236	0	4430
1236	1	1080
1237	0	7878
1237	1	4100
1238	0	433
1238	1	4100
1239	0	5233
1239	1	4644
1240	2	4506
1241	0	2655
1241	1	6718
1242	0	5233
1242	1	283
1243	2	1582
1244	0	4606
1244	1	7509
1245	0	1474
1245	1	7302
1246	2	8514
1247	0	1170
1247	1	4918
1248	0	4833
1248	1	4918
1249	2	4922
1250	0	4212
1250	1	7739
1251	2	6913
1252	0	2880
1252	1	7739
1253	0	5093
1253	1	7295
1254	0	7809
1254	1	7295
1255	2	6767
1256	0	4606
1256	1	6767
1257	2	1809
1258	0	553
1258	1	5500
1259	2	6898
1260	2	2848
1261	0	242
1261	1	7739
1262	0	7270
1262	1	5214
1263	0	7809
1263	1	5214
1264	2	6349
1265	0	794
1265	1	6575
1266	0	433
1266	1	5922
1267	2	4685
1268	2	5876
1269	2	5970
1270	0	5858
1270	1	6669
1271	2	4953
1272	0	5541
1272	1	2117
1273	2	6425
1274	0	2674
1274	1	2117
1275	0	663
1275	1	4644
1276	0	3165
1276	1	4644
1277	0	7809
1277	1	7509
1278	0	8124
1278	1	7509
1279	0	7892
1279	1	6718
1280	0	4833
1280	1	5484
1281	2	4906
1282	2	8177
1283	2	804
1284	0	3960
1284	1	8177
1285	0	7809
1285	1	8177
1286	0	5541
1286	1	8177
1287	0	5858
1287	1	3564
1288	0	6138
1288	1	3564
1289	0	2130
1289	1	4644
1290	2	4983
1291	2	978
1292	2	7215
1293	2	8540
1294	0	2674
1294	1	3860
1295	0	7633
1295	1	5736
1296	2	5803
1297	2	7367
1298	0	7892
1298	1	6575
1299	2	5460
1300	2	249
1301	0	7500
1301	1	7419
1302	0	2241
1302	1	7509
1303	0	2001
1303	1	7509
1304	2	4086
1305	2	3930
1306	0	3381
1306	1	6083
1307	2	7611
1308	0	2880
1308	1	3451
1309	2	4787
1310	0	3917
1310	1	3451
1311	2	2057
1312	2	5882
1313	0	7270
1313	1	3945
1314	0	3381
1314	1	4816
1315	0	1258
1315	1	4816
1316	2	699
1317	0	3165
1317	1	2117
1318	0	47
1318	1	2088
1319	0	3601
1319	1	2808
1320	0	4606
1320	1	2808
1321	2	430
1322	0	7270
1322	1	7637
1323	0	2106
1323	1	283
1324	0	5541
1324	1	830
1325	2	6537
1326	0	7270
1326	1	1960
1327	0	7826
1327	1	2761
1328	0	2106
1328	1	213
1329	2	352
1330	2	570
1331	0	2106
1331	1	5420
1332	0	5462
1332	1	2614
1333	2	5834
1334	0	2674
1334	1	8526
1335	0	8250
1335	1	6023
1336	0	7892
1336	1	5500
1337	2	8550
1338	2	3594
1339	2	5214
1340	0	7809
1340	1	8465
1341	0	3960
1341	1	4100
1342	0	4606
1342	1	4100
1343	0	2333
1343	1	4100
1344	0	2106
1344	1	7904
1345	0	3381
1345	1	7904
1346	0	7912
1346	1	560
1347	2	7992
1348	0	223
1348	1	7872
1349	0	7633
1349	1	7872
1350	2	8609
1351	0	5353
1351	1	4644
1352	0	4606
1352	1	7607
1353	2	158
1354	2	7933
1355	0	7809
1355	1	6015
1356	0	4212
1356	1	3404
1357	0	7292
1357	1	6083
1358	0	5093
1358	1	6083
1359	2	7051
1360	0	2880
1360	1	4816
1361	0	3165
1361	1	4816
1362	2	6792
1363	2	6502
1364	0	4606
1364	1	7424
1365	2	80
1366	0	5453
1366	1	5500
1367	2	3856
1368	0	5858
1368	1	3989
1369	0	8602
1369	1	3989
1370	0	5799
1370	1	6663
1371	0	2655
1371	1	1498
1372	0	433
1372	1	3989
1373	0	3917
1373	1	3061
1374	0	4135
1374	1	3061
1375	0	3093
1375	1	355
1376	0	7878
1376	1	355
1377	0	2880
1377	1	858
1378	0	5541
1378	1	7419
1379	0	7892
1379	1	7419
1380	0	3165
1380	1	5500
1381	0	5193
1381	1	804
1382	2	6886
1383	0	7809
1383	1	5798
1384	0	4606
1384	1	5798
1385	0	5541
1385	1	3989
1386	0	930
1386	1	233
1387	2	233
1388	2	2233
1389	0	7813
1389	1	7419
1390	0	2655
1390	1	5494
1391	0	433
1391	1	6669
1392	0	7270
1392	1	6669
1393	0	7633
1393	1	6083
1394	0	5541
1394	1	6575
1395	2	577
1396	2	6984
1397	2	6263
1398	2	6813
1399	0	7500
1399	1	2761
1400	0	7809
1400	1	4030
1401	0	7499
1401	1	1080
1402	0	4663
1402	1	1080
1403	0	2297
1403	1	1080
1404	0	3327
1404	1	7739
1405	2	4090
1406	0	2297
1406	1	4816
1407	0	5799
1407	1	4816
1408	0	242
1408	1	8177
1409	0	7270
1409	1	7989
1410	0	7500
1410	1	2117
1411	0	2130
1411	1	2117
1412	0	2674
1412	1	1473
1413	0	7809
1413	1	1473
1414	0	5462
1414	1	4100
1415	2	6983
1416	0	4060
1416	1	6663
1417	0	2106
1417	1	8225
1418	2	4816
1419	0	8250
1419	1	7872
1420	0	663
1420	1	7872
1421	0	8250
1421	1	1860
1422	2	6445
1423	2	7414
1424	0	7892
1424	1	2614
1425	0	5541
1425	1	2614
1426	0	663
1426	1	6083
1427	2	3769
1428	2	2098
1429	2	36
1430	0	4606
1430	1	4639
1431	0	3917
1431	1	4816
1432	0	4606
1432	1	73
1433	2	5737
1434	0	2674
1434	1	1498
1435	0	2297
1435	1	1498
1436	2	3530
1437	2	6683
1438	2	799
1439	0	2100
1439	1	3564
1440	2	2220
1441	2	3485
1442	0	1672
1442	1	8551
1443	0	7416
1443	1	6718
1444	2	6024
1445	0	6562
1445	1	6015
1446	0	2130
1446	1	6015
1447	2	4481
1448	0	5093
1448	1	6015
1449	2	7453
1450	0	6459
1450	1	6718
1451	2	4576
1452	0	7270
1452	1	7295
1453	2	7295
1454	0	7328
1454	1	6718
1455	0	3093
1455	1	6718
1456	0	8265
1456	1	6718
1457	0	1436
1457	1	6718
1458	0	246
1458	1	6718
1459	2	2924
1460	2	8561
1461	0	2674
1461	1	6015
1462	2	4952
1463	2	6503
1464	2	4550
1465	2	4553
1466	2	7781
1467	0	2551
1467	1	2131
1468	2	3228
1469	0	4606
1469	1	5630
1470	2	4518
1471	0	1508
1471	1	8188
1472	0	5201
1472	1	8188
1473	0	2706
1473	1	8188
1474	0	5103
1474	1	8188
1475	2	6275
1476	2	4296
1477	0	8443
1477	1	4644
1478	2	7293
1479	2	1297
1480	2	1958
1481	0	5353
1481	1	5500
1482	0	7921
1482	1	5500
1483	2	7163
1484	2	4738
1485	0	4838
1485	1	648
1486	2	3915
1487	0	3381
1487	1	6853
1488	2	6694
1489	0	1135
1489	1	5798
1490	2	8623
1491	0	5562
1491	1	6853
1492	0	7809
1492	1	7486
1493	0	2880
1493	1	8368
1494	0	4538
1494	1	510
1495	2	5683
1496	0	4606
1496	1	3469
1497	0	433
1497	1	3860
1498	2	5310
1499	0	6353
1499	1	8516
1500	0	4606
1500	1	1860
1501	0	7270
1501	1	3404
1502	0	7500
1502	1	5185
1503	0	2773
1503	1	5185
1504	0	1508
1504	1	2561
1505	2	1311
1506	2	5377
1507	2	7329
1508	0	7633
1508	1	6853
1509	0	8443
1509	1	6718
1510	2	4751
1511	0	6294
1511	1	6718
1512	2	5664
1513	0	7892
1513	1	5828
1514	2	6350
1515	0	7500
1515	1	6718
1516	2	821
1517	2	56
1518	2	8594
1519	0	7892
1519	1	6853
1520	2	5963
1521	0	4606
1521	1	2761
1522	2	7558
1523	2	5181
1524	0	7270
1524	1	3564
1525	2	1290
1526	2	2482
1527	2	3690
1528	0	7197
1528	1	2966
1529	2	2341
1530	0	7392
1530	1	6718
1531	0	6138
1531	1	2966
1532	0	5579
1532	1	2966
1533	0	5541
1533	1	4030
1534	0	1508
1534	1	6876
1535	2	2908
1536	0	7197
1536	1	8594
1537	0	7633
1537	1	5484
1538	0	5103
1538	1	1960
1539	0	7156
1539	1	1285
1540	2	2170
1541	0	433
1541	1	3469
1542	0	2130
1542	1	4816
1543	0	223
1543	1	6669
1544	2	3801
1545	2	210
1546	2	1723
1547	2	2263
1548	2	8198
1549	0	6459
1549	1	2966
1550	0	5799
1550	1	2966
1551	0	1258
1551	1	2966
1552	0	7878
1552	1	3850
1553	2	3348
1554	2	1049
1555	0	6236
1555	1	2808
1556	2	4117
1557	0	5353
1557	1	283
1558	2	7381
1559	0	246
1559	1	2088
1560	0	2015
1560	1	2088
1561	0	8443
1561	1	2088
1562	0	223
1562	1	6920
1563	2	1438
1564	0	5233
1564	1	1285
1565	2	7202
1566	2	4839
1567	2	2104
1568	0	2106
1568	1	4644
1569	2	5835
1570	0	7809
1570	1	5995
1571	0	5799
1571	1	6853
1572	2	7985
1573	2	2422
1574	2	7126
1575	2	2927
1576	0	433
1576	1	233
1577	0	433
1577	1	7509
1578	0	5093
1578	1	283
1579	0	5541
1579	1	2808
1580	2	116
1581	2	8373
1582	0	617
1582	1	3860
1583	0	663
1583	1	3860
1584	2	5973
1585	0	5562
1585	1	510
1586	0	5858
1586	1	1498
1587	0	7392
1587	1	7739
1588	2	2731
1589	0	1547
1589	1	7739
1590	0	3093
1590	1	7739
1591	0	3381
1591	1	510
1592	0	242
1592	1	510
1593	0	5573
1593	1	392
1594	0	2106
1594	1	392
1595	0	3093
1595	1	392
1596	0	433
1596	1	392
1597	2	6710
1598	2	5458
1599	2	1209
1600	2	6949
1601	0	5103
1601	1	6083
1602	2	3187
1603	2	6539
1604	0	4606
1604	1	5828
1605	0	3581
1605	1	2117
1606	0	4113
1606	1	2614
1607	0	7878
1607	1	5922
1608	2	7152
1609	0	7809
1609	1	5922
1610	2	6499
1611	2	450
1612	0	3165
1612	1	3404
1613	0	2130
1613	1	7419
1614	2	1331
1615	2	6688
1616	0	7270
1616	1	2076
1617	0	7809
1617	1	2076
1618	0	7892
1618	1	4030
1619	0	339
1619	1	7739
1620	0	2706
1620	1	7739
1621	0	6011
1621	1	7739
1622	2	2644
1623	2	2473
1624	0	1508
1624	1	5420
1625	2	294
1626	0	5103
1626	1	510
1627	0	2106
1627	1	510
1628	2	7420
1629	2	281
1630	0	5863
1630	1	3850
1631	2	3989
1632	0	5462
1632	1	3989
1633	2	3613
1634	0	4606
1634	1	5214
1635	2	1817
1636	0	983
1636	1	7739
1637	0	986
1637	1	7739
1638	2	7159
1639	2	4144
1640	0	7892
1640	1	560
1641	0	2780
1641	1	1930
1642	0	3445
1642	1	6083
1643	0	5233
1643	1	510
1644	0	1508
1644	1	2169
1645	0	5462
1645	1	3882
1646	0	663
1646	1	3882
1647	2	4400
1648	0	1474
1648	1	283
1649	0	2674
1649	1	1860
1650	2	2950
1651	2	2267
1652	0	7620
1652	1	3850
1653	2	4928
1654	0	4606
1654	1	8188
1655	2	217
1656	0	7921
1656	1	3850
1657	0	5799
1657	1	3850
1658	2	8494
1659	2	720
1660	0	2706
1660	1	1285
1661	0	2880
1661	1	8188
1662	2	887
1663	2	1473
1664	0	4135
1664	1	1473
1665	0	4135
1665	1	3564
1666	2	6494
1667	0	1258
1667	1	1285
1668	0	3445
1668	1	3850
1669	0	7633
1669	1	3564
1670	0	2769
1670	1	4861
1671	0	2106
1671	1	4861
1672	0	3445
1672	1	4861
1673	2	6388
1674	2	1819
1675	0	2706
1675	1	3564
1676	2	29
1677	0	4833
1677	1	6083
1678	2	602
1679	0	3917
1679	1	1285
1680	0	1508
1680	1	6575
1681	2	3796
1682	0	5579
1682	1	7295
1683	0	433
1683	1	5828
1684	0	2106
1684	1	1285
1685	0	3381
1685	1	7295
1686	0	2130
1686	1	7295
1687	0	2106
1687	1	6575
1688	0	7809
1688	1	5539
1689	0	3445
1689	1	6414
1690	0	1547
1690	1	4644
1691	2	3396
1692	2	5774
1693	0	7270
1693	1	4523
1694	0	1508
1694	1	4523
1695	0	6732
1695	1	1930
1696	0	7270
1696	1	1930
1697	0	5353
1697	1	5828
1698	2	523
1699	0	3581
1699	1	2169
1700	0	2743
1700	1	3244
1701	0	6732
1701	1	3244
1702	0	47
1702	1	6920
1703	0	175
1703	1	3694
1704	0	175
1704	1	5420
1705	2	7044
1706	2	8163
1707	0	663
1707	1	1969
1708	2	5659
1709	0	7809
1709	1	8417
1710	2	5738
1711	0	433
1711	1	73
1712	0	3917
1712	1	73
1713	0	433
1713	1	3956
1714	2	4499
1715	2	8179
1716	0	8250
1716	1	2892
1717	2	3708
1718	0	5541
1718	1	1498
1719	0	2880
1719	1	1498
1720	0	4833
1720	1	7933
1721	0	2130
1721	1	2761
1722	2	5258
1723	0	5541
1723	1	5258
1724	2	6758
1725	0	8055
1725	1	2808
1726	0	433
1726	1	5214
1727	2	2920
1728	0	7500
1728	1	2088
1729	2	5539
1730	2	5178
1731	0	246
1731	1	4644
1732	0	5541
1732	1	4644
1733	2	463
1734	0	5462
1734	1	4030
1735	0	246
1735	1	355
1736	0	5541
1736	1	355
1737	0	5353
1737	1	355
1738	2	355
1739	0	2880
1739	1	4030
1740	2	3253
1741	2	1692
1742	2	2362
1743	2	858
1744	0	246
1744	1	5828
1745	0	7921
1745	1	2761
1746	0	246
1746	1	2761
1747	0	433
1747	1	3117
1748	0	7809
1748	1	3117
1749	2	2892
1750	0	3704
1750	1	233
1751	0	2706
1751	1	4030
1752	0	3093
1752	1	4030
1753	2	3667
1754	0	433
1754	1	7872
1755	0	930
1755	1	1080
1756	2	6414
1757	0	115
1757	1	1080
1758	0	4833
1758	1	3694
1759	0	175
1759	1	1080
1760	2	3226
1761	0	1170
1761	1	278
1762	0	433
1762	1	6110
1763	2	951
1764	0	1895
1764	1	2148
1765	2	6181
1766	2	1328
1767	2	1369
1768	0	2880
1768	1	2755
1769	0	6011
1769	1	3956
1770	0	5858
1770	1	3956
1771	0	3960
1771	1	3956
1772	0	7809
1772	1	6656
1773	0	6294
1773	1	6656
1774	2	7870
1775	0	6011
1775	1	2088
1776	2	8607
1777	0	2655
1777	1	2088
1778	0	7809
1778	1	3729
1779	0	4251
1779	1	3729
1780	0	5541
1780	1	4510
1781	0	2333
1781	1	4510
1782	0	7809
1782	1	4100
1783	2	763
1784	2	760
1785	2	518
1786	0	3165
1786	1	1969
1787	0	246
1787	1	1969
1788	0	2636
1788	1	1969
1789	2	4920
1790	0	7839
1790	1	3882
1791	0	4664
1791	1	3564
1792	2	4584
1793	0	4606
1793	1	4644
1794	0	4606
1794	1	1065
1795	2	4378
1796	2	3653
1797	0	5468
1797	1	3989
1798	0	7892
1798	1	4100
1799	0	3165
1799	1	4041
1800	0	2655
1800	1	3564
1801	0	3206
1801	1	3244
1802	0	5462
1802	1	3244
1803	0	4135
1803	1	2808
1804	0	2780
1804	1	2808
1805	0	2106
1805	1	3451
1806	2	4420
1807	0	2780
1807	1	6669
1808	0	4606
1808	1	4816
1809	0	2710
1809	1	2169
1810	0	2297
1810	1	2169
1811	0	242
1811	1	2169
1812	2	1707
1813	0	2106
1813	1	1860
1814	2	1131
1815	0	7618
1815	1	7424
1816	2	4535
1817	2	7660
1818	2	3642
1819	2	742
1820	0	7878
1820	1	560
1821	2	7816
1822	2	4792
1823	2	3842
1824	2	1769
1825	0	6011
1825	1	6920
1826	0	3517
1826	1	3244
1827	0	4606
1827	1	931
1828	2	2024
1829	0	3165
1829	1	8225
1830	2	4988
1831	2	3008
1832	2	6656
1833	0	1436
1833	1	3404
1834	0	7270
1834	1	8551
1835	0	5799
1835	1	8551
1836	0	5233
1836	1	1473
1837	0	4606
1837	1	3244
1838	2	4865
1839	0	7500
1839	1	3244
1840	0	433
1840	1	4644
1841	2	15
1842	0	7809
1842	1	4578
1843	2	3037
1844	2	4288
1845	0	3165
1845	1	7419
1846	0	3165
1846	1	3850
1847	2	695
1848	0	2106
1848	1	7419
1849	0	8281
1849	1	3564
1850	0	7809
1850	1	6767
1851	0	3165
1851	1	283
1852	2	1853
1853	0	4606
1853	1	8551
1854	0	47
1854	1	3451
1855	0	5462
1855	1	3451
1856	0	5579
1856	1	2761
1857	2	1207
1858	0	5579
1858	1	3882
1859	0	2333
1859	1	8188
1860	2	2134
1861	0	1474
1861	1	8188
1862	0	5799
1862	1	8188
1863	0	5495
1863	1	6718
1864	2	7093
1865	2	6981
1866	0	5784
1866	1	6718
1867	2	6242
1868	0	3075
1868	1	6718
1869	0	5319
1869	1	6718
1870	0	7809
1870	1	8368
1871	0	8140
1871	1	6718
1872	2	5636
1873	2	1762
1874	2	2885
1875	2	2429
1876	0	2297
1876	1	5500
1877	2	3295
1878	0	4606
1878	1	5500
1879	0	433
1879	1	5500
1880	0	2204
1880	1	2117
1881	0	5541
1881	1	6083
1882	0	5103
1882	1	5500
1883	2	413
1884	2	1866
1885	0	4606
1885	1	4230
1886	2	3735
1887	0	7892
1887	1	5798
1888	0	7809
1888	1	4230
1889	2	8618
1890	0	2880
1890	1	5995
1891	0	7892
1891	1	7904
1892	0	1508
1892	1	5500
1893	2	5859
1894	0	433
1894	1	1285
1895	0	403
1895	1	1285
1896	0	3381
1896	1	1285
1897	0	7251
1897	1	1080
1898	0	5453
1898	1	8526
1899	0	5799
1899	1	648
1900	0	4135
1900	1	648
1901	0	7892
1901	1	648
1902	0	7350
1902	1	648
1903	0	3165
1903	1	648
1904	0	7892
1904	1	7730
1905	2	7435
1906	2	3517
1907	0	1967
1907	1	4578
1908	2	5421
1909	2	171
1910	0	5193
1910	1	3850
1911	0	7270
1911	1	5995
1912	2	5995
1913	2	2215
1914	2	416
1915	0	2577
1915	1	3469
1916	2	892
1917	0	2880
1917	1	7295
1918	0	8237
1918	1	6853
1919	0	2880
1919	1	6853
1920	2	5999
1921	0	5541
1921	1	510
1922	0	2880
1922	1	510
1923	2	4238
1924	0	5579
1924	1	8465
1925	0	8237
1925	1	4644
1926	0	2100
1926	1	3860
1927	2	6162
1928	2	7885
1929	0	5579
1929	1	510
1930	0	2706
1930	1	8551
1931	0	4664
1931	1	8551
1932	0	3389
1932	1	6718
1933	0	4737
1933	1	6718
1934	2	569
1935	0	254
1935	1	2761
1936	0	3093
1936	1	5185
1937	2	3945
1938	2	7138
1939	0	5541
1939	1	56
1940	0	6138
1940	1	4644
1941	2	2863
1942	2	5376
1943	0	4888
1943	1	560
1944	0	1436
1944	1	560
1945	2	1141
1946	0	2655
1946	1	6853
1947	2	1419
1948	2	473
1949	0	1967
1949	1	1413
1950	0	6526
1950	1	6718
1951	0	3206
1951	1	6718
1952	2	7173
1953	2	8438
1954	2	8190
1955	2	461
1956	2	2983
1957	0	5193
1957	1	2966
1958	0	3601
1958	1	6718
1959	2	2575
1960	0	7892
1960	1	2355
1961	2	2355
1962	2	2942
1963	0	433
1963	1	7295
1964	0	2880
1964	1	560
1965	0	4833
1965	1	4578
1966	0	7270
1966	1	4578
1967	2	5035
1968	0	7270
1968	1	8177
1969	2	5850
1970	0	2706
1970	1	6656
1971	0	3381
1971	1	2808
1972	0	5103
1972	1	2808
1973	0	7892
1973	1	73
1974	0	5541
1974	1	5484
1975	2	3606
1976	0	5799
1976	1	283
1977	2	6594
1978	0	7809
1978	1	6594
1979	0	3581
1979	1	8465
1980	0	2706
1980	1	8465
1981	2	6373
1982	0	2880
1982	1	5484
1983	0	600
1983	1	7419
1984	0	7500
1984	1	3564
1985	0	4135
1985	1	2117
1986	0	6547
1986	1	2117
1987	0	2880
1987	1	2169
1988	0	5541
1988	1	5828
1989	0	5093
1989	1	7419
1990	2	5826
1991	0	6138
1991	1	6669
1992	2	4846
1993	0	3381
1993	1	3564
1994	0	2130
1994	1	3860
1995	2	6194
1996	0	8237
1996	1	283
1997	2	830
1998	0	6221
1998	1	6920
1999	2	8196
2000	2	3076
2001	2	7538
2002	0	7633
2002	1	2966
2003	2	365
2004	2	726
2005	0	2780
2005	1	510
2006	0	2130
2006	1	3945
2007	0	4833
2007	1	6023
2008	2	2866
2009	0	2106
2009	1	5484
2010	2	7181
2011	0	3165
2011	1	1285
2012	0	6318
2012	1	1285
2013	0	5233
2013	1	688
2014	2	6546
2015	0	2130
2015	1	1791
2016	0	5233
2016	1	1274
2017	2	7175
2018	2	8086
2019	2	8489
2020	2	5700
2021	2	8294
2022	2	6432
2023	0	8237
2023	1	5828
2024	2	8636
2025	0	1436
2025	1	5828
2026	0	2880
2026	1	3882
2027	2	293
2028	0	1436
2028	1	7739
2029	0	656
2029	1	7739
2030	2	1519
2031	2	28
2032	2	5746
2033	2	4164
2034	2	6328
2035	0	7270
2035	1	1969
2036	0	4833
2036	1	4510
2037	0	2214
2037	1	283
2038	0	2297
2038	1	278
2039	0	5093
2039	1	5828
2040	0	6217
2040	1	7739
2041	0	7892
2041	1	7509
2042	2	7535
2043	0	7270
2043	1	5922
2044	0	2880
2044	1	5922
2045	2	3693
2046	0	3581
2046	1	2088
2047	0	5541
2047	1	2088
2048	0	663
2048	1	2088
2049	0	2015
2049	1	560
2050	2	771
2051	2	1847
2052	0	3381
2052	1	2777
2053	0	5093
2053	1	2777
2054	0	2130
2054	1	2777
2055	0	2311
2055	1	6015
2056	0	5453
2056	1	6015
2057	2	5300
2058	2	8306
2059	0	7270
2059	1	4100
2060	2	6609
2061	2	6160
2062	0	7754
2062	1	6718
2063	0	6353
2063	1	3860
2064	2	1549
2065	2	6033
2066	2	8038
2067	2	7907
2068	0	433
2068	1	5695
2069	2	5162
2070	0	5541
2070	1	5695
2071	0	4430
2071	1	3645
2072	2	4984
2073	0	3093
2073	1	804
2074	0	5579
2074	1	804
2075	2	1322
2076	0	7693
2076	1	6718
2077	2	7638
2078	0	2880
2078	1	7509
2079	0	7921
2079	1	2755
2080	0	5579
2080	1	2755
2081	2	7909
2082	0	7912
2082	1	7419
2083	0	1763
2083	1	7419
2084	0	3381
2084	1	2117
2085	2	6428
2086	2	4461
2087	0	1967
2087	1	1285
2088	0	115
2088	1	1285
2089	2	4837
2090	0	1474
2090	1	1285
2091	0	2333
2091	1	1285
2092	2	5217
2093	2	2199
2094	0	2674
2094	1	5832
2095	0	3704
2095	1	5695
2096	0	2674
2096	1	5695
2097	0	7270
2097	1	7302
2098	2	7850
2099	0	2880
2099	1	1930
2100	0	5541
2100	1	1930
2101	0	2100
2101	1	1930
2102	0	7892
2102	1	2169
2103	0	7892
2103	1	734
2104	2	3841
2105	0	3381
2105	1	2761
2106	2	1323
2107	0	7118
2107	1	2761
2108	0	5799
2108	1	2122
2109	0	246
2109	1	2122
2110	0	2880
2110	1	6669
2111	2	7192
2112	0	7270
2112	1	858
2113	0	5103
2113	1	858
2114	0	7633
2114	1	858
2115	0	2130
2115	1	5922
2116	0	3381
2116	1	5922
2117	2	4087
2118	0	8250
2118	1	233
2119	0	7229
2119	1	3850
2120	2	2395
2121	0	7892
2121	1	3956
2122	2	950
2123	0	1672
2123	1	1631
2124	0	2674
2124	1	1631
2125	2	6212
2126	2	1631
2127	0	1474
2127	1	2088
2128	0	8124
2128	1	1930
2129	0	919
2129	1	858
2130	0	5799
2130	1	858
2131	0	7500
2131	1	6083
2132	2	4168
2133	2	8326
2134	2	5648
2135	2	4995
2136	0	433
2136	1	3244
2137	2	2662
2138	0	7892
2138	1	5484
2139	2	3893
2140	0	6138
2140	1	1930
2141	2	4423
2142	0	3704
2142	1	1930
2143	0	2880
2143	1	6575
2144	0	6459
2144	1	5922
2145	0	5541
2145	1	5922
2146	0	3327
2146	1	5922
2147	0	1895
2147	1	3244
2148	2	7497
2149	2	5705
2150	2	290
2151	0	2880
2151	1	1631
2152	0	1258
2152	1	1631
2153	2	6992
2154	0	6138
2154	1	4030
2155	0	5579
2155	1	4030
2156	0	2106
2156	1	2808
2157	2	5273
2158	2	1757
2159	2	3031
2160	0	2880
2160	1	6199
2161	0	878
2161	1	560
2162	0	7921
2162	1	3882
2163	0	4606
2163	1	3882
2164	2	5261
2165	0	7921
2165	1	3956
2166	0	8191
2166	1	3956
2167	2	4310
2168	0	2106
2168	1	3564
2169	0	605
2169	1	3404
2170	2	1695
2171	2	5989
2172	0	433
2172	1	1969
2173	2	4688
2174	0	7921
2174	1	6039
2175	0	7809
2175	1	6039
2176	2	3684
2177	0	5562
2177	1	688
2178	0	2780
2178	1	688
2179	0	2130
2179	1	7454
2180	0	2706
2180	1	7454
2181	0	254
2181	1	5484
2182	0	47
2182	1	5484
2183	0	7892
2183	1	1285
2184	0	7697
2184	1	3565
2185	2	3128
2186	2	844
2187	2	734
2188	0	115
2188	1	1808
2189	2	321
2190	0	7270
2190	1	8154
2191	0	5233
2191	1	8154
2192	0	2636
2192	1	3860
2193	2	1103
2194	0	1508
2194	1	7295
2195	0	6337
2195	1	7295
2196	0	4606
2196	1	2355
2197	0	7557
2197	1	1808
2198	0	5824
2198	1	5420
2199	0	1106
2199	1	5695
2200	2	4123
2201	0	5103
2201	1	8154
2202	0	7633
2202	1	4861
2203	2	6927
2204	0	242
2204	1	4861
2205	0	2880
2205	1	1473
2206	2	4719
2207	0	3327
2207	1	7424
2208	2	5473
2209	0	6138
2209	1	7295
2210	2	2011
2211	2	3565
2212	0	7270
2212	1	5760
2213	0	7633
2213	1	5760
2214	2	406
2215	2	4861
2216	0	254
2216	1	1080
2217	2	7400
2218	2	7796
2219	0	2130
2219	1	3404
2220	2	5533
2221	0	5858
2221	1	2122
2222	2	1715
2223	2	4452
2224	2	5675
2225	0	668
2225	1	4510
2226	2	3096
2227	0	433
2227	1	3451
2228	0	2130
2228	1	3451
2229	0	2706
2229	1	6920
2230	0	4005
2230	1	797
2231	0	4664
2231	1	797
2232	0	2106
2232	1	2117
2233	0	1899
2233	1	3850
2234	0	2311
2234	1	560
2235	2	2207
2236	0	1508
2236	1	1930
2237	0	3870
2237	1	1930
2238	0	2880
2238	1	5178
2239	0	2015
2239	1	3451
2240	2	6647
2241	2	4465
2242	2	7594
2243	2	8112
2244	0	1170
2244	1	3564
2245	2	4349
2246	0	5858
2246	1	5484
2247	0	1508
2247	1	3404
2248	0	1174
2248	1	4816
2249	0	668
2249	1	3451
2250	2	8037
2251	0	7921
2251	1	1791
2252	0	5233
2252	1	1791
2253	0	5103
2253	1	1791
2254	0	2706
2254	1	1791
2255	0	2743
2255	1	1791
2256	0	5462
2256	1	1080
2257	0	5579
2257	1	8188
2258	2	2703
2259	0	7633
2259	1	8188
2260	0	6562
2260	1	8188
2261	0	7620
2261	1	2117
2262	0	246
2262	1	5500
2263	0	5233
2263	1	5500
2264	2	2548
2265	2	8521
2266	2	7099
2267	0	3327
2267	1	5500
2268	2	1851
2269	0	3381
2269	1	5500
2270	2	7544
2271	0	4430
2271	1	8368
2272	0	5541
2272	1	5500
2273	0	5007
2273	1	6718
2274	2	3995
2275	2	1133
2276	2	1999
2277	0	3310
2277	1	6718
2278	2	3415
2279	2	1939
2280	0	7809
2280	1	5006
2281	2	5006
2282	2	3975
2283	2	4667
2284	0	4942
2284	1	6718
2285	0	6547
2285	1	6718
2286	0	3704
2286	1	6718
2287	2	6179
2288	2	6473
2289	0	7921
2289	1	6718
2290	0	1436
2290	1	2761
2291	2	8615
2292	2	7761
2293	0	2333
2293	1	6663
2294	0	223
2294	1	4465
2295	0	7500
2295	1	4523
2296	0	7809
2296	1	4523
2297	0	7270
2297	1	2148
2298	0	5103
2298	1	2148
2299	2	3136
2300	0	3093
2300	1	3404
2301	0	2130
2301	1	283
2302	2	241
2303	2	1836
2304	0	7878
2304	1	648
2305	0	7809
2305	1	648
2306	0	3917
2306	1	8188
2307	0	2743
2307	1	510
2308	0	6138
2308	1	510
2309	0	663
2309	1	510
2310	0	4663
2310	1	510
2311	0	4790
2311	1	510
2312	0	7892
2312	1	4230
2313	2	5695
2314	2	1406
2315	2	4736
2316	0	7270
2316	1	4816
2317	0	5103
2317	1	4816
2318	2	5593
2319	2	5095
2320	0	7270
2320	1	804
2321	2	4250
2322	0	8251
2322	1	6110
2323	0	7892
2323	1	6767
2324	0	2106
2324	1	3469
2325	0	7270
2325	1	3469
2326	0	5103
2326	1	3469
2327	0	5799
2327	1	3564
2328	0	1508
2328	1	7430
2329	0	3517
2329	1	7419
2330	0	1508
2330	1	1791
2331	0	3093
2331	1	6015
2332	0	2674
2332	1	4816
2333	0	2106
2333	1	4816
2334	2	3110
2335	0	4664
2335	1	1968
2336	0	4790
2336	1	4644
2337	0	4212
2337	1	8465
2338	0	1895
2338	1	6718
2339	2	8420
2340	0	7197
2340	1	6876
2341	0	605
2341	1	6718
2342	2	8272
2343	0	5103
2343	1	2966
2344	0	2415
2344	1	6718
2345	0	1895
2345	1	2966
2346	0	8644
2346	1	5828
2347	2	1798
2348	2	5899
2349	0	7809
2349	1	4457
2350	2	7305
2351	2	1656
2352	2	62
2353	2	8526
2354	2	2354
2355	0	6337
2355	1	5630
2356	0	7892
2356	1	4465
2357	0	6221
2357	1	1274
2358	2	1274
2359	0	6011
2359	1	1274
2360	0	2706
2360	1	287
2361	0	5579
2361	1	283
2362	0	5103
2362	1	283
2363	2	8033
2364	0	663
2364	1	283
2365	2	4433
2366	2	6047
2367	2	2051
2368	2	7309
2369	0	7392
2369	1	5420
2370	2	6512
2371	0	2710
2371	1	2966
2372	2	2006
2373	0	7349
2373	1	6718
2374	2	7763
2375	0	242
2375	1	1285
2376	0	2551
2376	1	1960
2377	2	8444
2378	2	3806
2379	2	4501
2380	0	7270
2380	1	6015
2381	0	3825
2381	1	1285
2382	2	1365
2383	2	722
2384	2	2980
2385	2	6884
2386	0	7633
2386	1	2148
2387	0	7892
2387	1	2148
2388	0	7620
2388	1	6083
2389	0	3381
2389	1	6015
2390	0	5541
2390	1	6015
2391	2	3149
2392	0	6138
2392	1	3860
2393	0	3445
2393	1	2169
2394	0	225
2394	1	8225
2395	0	2674
2395	1	392
2396	0	2106
2396	1	4510
2397	0	7500
2397	1	5828
2398	2	7372
2399	2	1530
2400	2	2899
2401	2	5027
2402	2	2798
2403	0	5858
2403	1	7739
2404	0	553
2404	1	8368
2405	2	8122
2406	2	8425
2407	2	87
2408	2	3210
2409	0	3960
2409	1	6015
2410	0	433
2410	1	7904
2411	0	2311
2411	1	7739
2412	2	4651
2413	2	4061
2414	2	4492
2415	0	3704
2415	1	5214
2416	0	3445
2416	1	8368
2417	0	5858
2417	1	8368
2418	2	3539
2419	2	3344
2420	0	6011
2420	1	5484
2421	2	4104
2422	2	5671
2423	0	4833
2423	1	8368
2424	0	7921
2424	1	6767
2425	0	6562
2425	1	3451
2426	0	6136
2426	1	4644
2427	2	3763
2428	2	494
2429	0	6221
2429	1	3404
2430	0	2706
2430	1	2808
2431	2	6808
2432	0	8250
2432	1	6663
2433	0	2674
2433	1	6767
2434	0	4833
2434	1	6767
2435	2	7258
2436	0	1989
2436	1	7424
2437	0	4266
2437	1	1285
2438	2	5477
2439	0	7809
2439	1	4041
2440	0	2706
2440	1	3244
2441	0	5600
2441	1	3850
2442	0	2743
2442	1	1285
2443	0	5103
2443	1	1838
2444	0	7633
2444	1	1838
2445	0	7270
2445	1	1838
2446	0	5193
2446	1	6575
2447	2	4526
2448	2	642
2449	2	266
2450	0	3381
2450	1	5695
2451	0	7809
2451	1	8526
2452	0	8250
2452	1	7739
2453	0	1258
2453	1	5484
2454	2	7280
2455	0	4606
2455	1	1808
2456	2	5630
2457	2	263
2458	0	237
2458	1	2122
2459	0	5573
2459	1	1808
2460	0	175
2460	1	1460
2461	0	1508
2461	1	7607
2462	0	5579
2462	1	7607
2463	2	6899
2464	2	7179
2465	0	4606
2465	1	8368
2466	0	3093
2466	1	6083
2467	2	3205
2468	2	6232
2469	2	6709
2470	2	3024
2471	0	433
2471	1	7989
2472	2	1520
2473	0	7809
2473	1	8227
2474	0	5541
2474	1	4230
2475	0	8602
2475	1	4230
2476	0	4606
2476	1	6663
2477	0	7270
2477	1	7904
2478	0	6221
2478	1	7904
2479	0	6011
2479	1	7904
2480	0	5103
2480	1	7081
2481	0	5233
2481	1	7419
2482	2	4187
2483	2	1006
2484	0	1672
2484	1	2122
2485	2	4329
2486	0	1474
2486	1	8225
2487	2	5492
2488	0	5353
2488	1	2614
2489	2	1506
2490	0	433
2490	1	797
2491	2	3263
2492	0	115
2492	1	2808
2493	0	2674
2493	1	2808
2494	0	6011
2494	1	2117
2495	0	2880
2495	1	2117
2496	0	5541
2496	1	6920
2497	0	668
2497	1	7739
2498	2	8260
2499	2	6491
2500	0	223
2500	1	2169
2501	2	5125
2502	0	4606
2502	1	1843
2503	2	6306
2504	2	1732
2505	0	5541
2505	1	1969
2506	2	3135
2507	2	7829
2508	0	5541
2508	1	3451
2509	0	7270
2509	1	233
2510	0	3327
2510	1	233
2511	0	5858
2511	1	233
2512	0	2333
2512	1	5484
2513	2	6947
2514	2	1803
2515	0	6577
2515	1	1080
2516	2	1222
2517	2	7961
2518	0	8191
2518	1	1808
2519	0	2674
2519	1	5214
2520	0	2297
2520	1	5214
2521	2	6313
2522	0	5462
2522	1	2966
2523	0	2100
2523	1	2966
2524	0	2674
2524	1	2966
2525	0	4606
2525	1	5943
2526	2	4128
2527	2	7383
2528	0	3075
2528	1	3860
2529	0	5353
2529	1	3860
2530	2	3138
2531	2	3065
2532	0	1348
2532	1	6718
2533	2	6866
2534	0	6011
2534	1	3945
2535	0	8250
2535	1	8465
2536	0	919
2536	1	5484
2537	0	6137
2537	1	233
2538	0	4606
2538	1	2614
2539	0	2706
2539	1	2614
2540	0	1135
2540	1	1808
2541	0	2015
2541	1	2122
2542	2	789
2543	0	7270
2543	1	6594
2544	0	5103
2544	1	5420
2545	2	3361
2546	2	4789
2547	2	5846
2548	0	3381
2548	1	4644
2549	0	5093
2549	1	4644
2550	2	5001
2551	0	8281
2551	1	8551
2552	2	2588
2553	0	403
2553	1	4816
2554	0	735
2554	1	560
2555	0	7809
2555	1	1968
2556	2	5965
2557	2	2994
2558	0	3823
2558	1	3850
2559	0	1672
2559	1	3404
2560	2	425
2561	0	1185
2561	1	6718
2562	2	3503
2563	0	656
2563	1	6718
2564	0	2214
2564	1	6718
2565	2	126
2566	0	1508
2566	1	8438
2567	0	6526
2567	1	1413
2568	0	5353
2568	1	1413
2569	0	4606
2569	1	1413
2570	2	1413
2571	0	7270
2571	1	5539
2572	0	5103
2572	1	5539
2573	0	3165
2573	1	5539
2574	0	7892
2574	1	3565
2575	2	7815
2576	0	3499
2576	1	5420
2577	0	4606
2577	1	5484
2578	0	3825
2578	1	5214
2579	2	2518
2580	2	3687
2581	0	8250
2581	1	8368
2582	0	6337
2582	1	2808
2583	2	907
2584	0	4606
2584	1	1968
2585	2	41
2586	0	4606
2586	1	1631
2587	0	433
2587	1	1631
2588	0	600
2588	1	6993
2589	2	4106
2590	2	8585
2591	2	5622
2592	0	115
2592	1	3860
2593	2	3033
2594	2	3383
2595	0	600
2595	1	6083
2596	2	8627
2597	0	4833
2597	1	3451
2598	2	3941
2599	2	2671
2600	2	5745
2601	0	7620
2601	1	6853
2602	0	5541
2602	1	2169
2603	0	8319
2603	1	3850
2604	2	4289
2605	2	67
2606	0	7809
2606	1	2012
2607	0	433
2607	1	2012
2608	0	4135
2608	1	3850
2609	2	2177
2610	2	4354
2611	0	5799
2611	1	510
2612	2	4955
2613	2	6074
2614	2	1041
2615	0	1135
2615	1	3850
2616	0	4888
2616	1	1968
2617	0	6011
2617	1	1968
2618	2	6238
2619	2	2627
2620	0	6011
2620	1	2808
2621	0	6337
2621	1	1285
2622	0	5799
2622	1	5214
2623	0	7500
2623	1	5214
2624	0	242
2624	1	5214
2625	0	6294
2625	1	1205
2626	0	5541
2626	1	3404
2627	0	242
2627	1	6049
2628	0	5093
2628	1	2761
2629	0	7921
2629	1	1808
2630	0	8251
2630	1	1808
2631	2	133
2632	0	4833
2632	1	3564
2633	0	2297
2633	1	2117
2634	0	5103
2634	1	5214
2635	0	1246
2635	1	7419
2636	2	1067
2637	0	433
2637	1	4816
2638	0	433
2638	1	5420
2639	0	7809
2639	1	2777
2640	0	5579
2640	1	3850
2641	0	6138
2641	1	6083
2642	0	6137
2642	1	3850
2643	2	5613
2644	0	8065
2644	1	6669
2645	2	6106
2646	0	5468
2646	1	3850
2647	0	2956
2647	1	2088
2648	0	5579
2648	1	2088
2649	0	2706
2649	1	2088
2650	0	2870
2650	1	7739
2651	2	5073
2652	0	1135
2652	1	2755
2653	0	3601
2653	1	283
2654	2	5727
2655	0	5468
2655	1	2761
2656	0	2333
2656	1	3956
2657	2	4599
2658	0	7809
2658	1	2614
2659	0	663
2659	1	2614
2660	0	4560
2660	1	6015
2661	2	3524
2662	2	5197
2663	0	4606
2663	1	5995
2664	0	5939
2664	1	5828
2665	0	7878
2665	1	688
2666	2	1048
2667	2	3360
2668	0	930
2668	1	4230
2669	2	2753
2670	2	8006
2671	0	4822
2671	1	1838
2672	2	8557
2673	0	2106
2673	1	7509
2674	2	7678
2675	0	3445
2675	1	7509
2676	0	1170
2676	1	1080
2677	0	3917
2677	1	688
2678	2	4434
2679	0	4135
2679	1	1808
2680	2	7945
2681	2	8148
2682	2	8301
2683	2	3477
2684	0	7809
2684	1	1843
2685	0	433
2685	1	2614
2686	0	8281
2686	1	7607
2687	0	1254
2687	1	2088
2688	0	3389
2688	1	8465
2689	0	5233
2689	1	6199
2690	0	7270
2690	1	8465
2691	0	7500
2691	1	560
2692	0	2297
2692	1	5918
2693	0	7809
2693	1	5918
2694	2	6370
2695	0	7809
2695	1	7904
2696	2	2959
2697	2	5895
2698	2	2090
2699	2	6028
2700	2	8283
2701	0	6011
2701	1	7419
2702	2	5326
2703	0	7197
2703	1	7664
2704	2	561
2705	0	3165
2705	1	5214
2706	0	986
2706	1	8188
2707	0	2108
2707	1	5832
2708	2	3956
2709	2	5907
2710	2	8173
2711	0	3165
2711	1	5484
2712	0	5353
2712	1	8225
2713	0	7197
2713	1	7419
2714	0	7270
2714	1	6767
2715	2	2189
2716	0	6337
2716	1	8465
2717	2	1151
2718	0	8602
2718	1	4816
2719	2	3772
2720	0	7878
2720	1	510
2721	0	1135
2721	1	4816
2722	2	2446
2723	0	1547
2723	1	6767
2724	2	2661
2725	0	2106
2725	1	2012
2726	0	6138
2726	1	648
2727	2	4858
2728	0	7826
2728	1	560
2729	2	8362
2730	0	5573
2730	1	4106
2731	0	6294
2731	1	1255
2732	0	223
2732	1	5185
2733	0	8035
2733	1	6718
2734	0	617
2734	1	5185
2735	2	637
2736	2	7929
2737	2	7479
2738	0	1738
2738	1	7419
2739	0	3445
2739	1	3302
2740	2	6678
2741	0	1672
2741	1	6718
2742	0	5353
2742	1	3399
2743	0	4606
2743	1	3399
2744	0	7809
2744	1	3399
2745	0	1474
2745	1	6718
2746	0	403
2746	1	6718
2747	0	4664
2747	1	1080
2748	0	2297
2748	1	6257
2749	0	5233
2749	1	6257
2750	0	5103
2750	1	2117
2751	2	2442
2752	0	1288
2752	1	2117
2753	0	1436
2753	1	5420
2754	0	663
2754	1	5420
2755	0	6294
2755	1	830
2756	2	1250
2757	2	7601
2758	2	421
2759	2	6198
2760	0	2297
2760	1	560
2761	0	223
2761	1	8368
2762	0	3601
2762	1	8368
2763	0	3327
2763	1	688
2764	0	2297
2764	1	688
2765	0	433
2765	1	5832
2766	0	5799
2766	1	2671
2767	0	5799
2767	1	7419
2768	2	5956
2769	2	7644
2770	0	6294
2770	1	2088
2771	0	433
2771	1	5484
2772	0	7633
2772	1	2755
2773	0	2130
2773	1	6199
2774	0	6285
2774	1	6199
2775	2	3773
2776	0	6138
2776	1	1960
2777	2	2146
2778	2	615
2779	2	4527
2780	2	3940
2781	2	564
2782	2	2318
2783	2	7859
2784	0	3206
2784	1	560
2785	0	5462
2785	1	6575
2786	0	1801
2786	1	4545
2787	0	663
2787	1	1080
2788	0	7156
2788	1	1080
2789	0	5424
2789	1	2755
2790	2	260
2791	0	2333
2791	1	4030
2792	2	7301
2793	0	7878
2793	1	6110
2794	2	5977
2795	2	2143
2796	2	1712
2797	0	7270
2797	1	2808
2798	0	7633
2798	1	2808
2799	2	5567
2800	0	6011
2800	1	7454
2801	0	2130
2801	1	3850
2802	0	2655
2802	1	7419
2803	0	8602
2803	1	5922
2804	2	7352
2805	0	4899
2805	1	3850
2806	0	433
2806	1	1080
2807	0	7557
2807	1	1080
2808	0	5858
2808	1	1285
2809	0	3483
2809	1	1285
2810	0	4833
2810	1	1285
2811	2	3302
2812	0	4790
2812	1	7739
2813	2	4344
2814	0	5541
2814	1	2777
2815	0	7813
2815	1	2777
2816	0	1258
2816	1	5922
2817	2	8103
2818	2	2836
2819	0	7156
2819	1	6083
2820	2	3158
2821	0	8124
2821	1	5185
2822	0	4606
2822	1	2755
2823	0	433
2823	1	1838
2824	0	7809
2824	1	1413
2825	0	371
2825	1	7739
2826	0	4888
2826	1	7739
2827	2	1179
2828	0	6020
2828	1	3780
2829	0	2333
2829	1	6015
2830	0	5858
2830	1	4545
2831	2	6682
2832	2	4070
2833	0	590
2833	1	8368
2834	0	6138
2834	1	5484
2835	2	1993
2836	2	1662
2837	2	2353
2838	2	2010
2839	0	223
2839	1	3451
2840	2	4668
2841	2	8446
2842	0	2297
2842	1	1960
2843	0	7500
2843	1	7904
2844	0	5541
2844	1	7904
2845	2	2896
2846	0	5103
2846	1	3860
2847	0	223
2847	1	7739
2848	0	7270
2848	1	3061
2849	0	7809
2849	1	3061
2850	0	5337
2850	1	6853
2851	0	1436
2851	1	4644
2852	0	1895
2852	1	7739
2853	0	2674
2853	1	560
2854	2	514
2855	0	5462
2855	1	6083
2856	0	7809
2856	1	3882
2857	0	2674
2857	1	3882
2858	0	5103
2858	1	1969
2859	0	5541
2859	1	3956
2860	0	5824
2860	1	4100
2861	2	2764
2862	0	5462
2862	1	7424
2863	2	6868
2864	0	6138
2864	1	7302
2865	0	8124
2865	1	7302
2866	2	608
2867	0	433
2867	1	8227
2868	2	991
2869	0	2415
2869	1	1808
2870	2	3737
2871	2	5910
2872	2	7922
2873	0	2743
2873	1	2755
2874	0	433
2874	1	2755
2875	0	8602
2875	1	8551
2876	0	3917
2876	1	6920
2877	0	6138
2877	1	7424
2878	0	1508
2878	1	1395
2879	2	2777
2880	0	5453
2880	1	4816
2881	0	5193
2881	1	283
2882	2	4105
2883	0	3206
2883	1	1285
2884	0	2015
2884	1	1285
2885	0	2130
2885	1	1285
2886	2	5752
2887	0	1895
2887	1	3451
2888	0	3165
2888	1	3451
2889	0	3165
2889	1	3956
2890	2	8581
2891	2	5244
2892	2	6079
2893	0	2674
2893	1	7424
2894	0	7892
2894	1	4041
2895	0	7557
2895	1	830
2896	0	358
2896	1	830
2897	0	5858
2897	1	830
2898	0	2504
2898	1	2755
2899	2	6132
2900	0	4606
2900	1	3174
2901	2	1491
2902	0	2880
2902	1	5214
2903	0	6221
2903	1	5695
2904	0	5541
2904	1	858
2905	0	3445
2905	1	858
2906	0	2880
2906	1	5539
2907	0	5453
2907	1	510
2908	2	7028
2909	0	4606
2909	1	2122
2910	0	6816
2910	1	2122
2911	0	2743
2911	1	4644
2912	0	3027
2912	1	560
2913	0	2106
2913	1	8368
2914	0	4560
2914	1	3564
2915	0	4606
2915	1	4861
2916	0	2404
2916	1	4861
2917	0	7633
2917	1	5922
2918	2	482
2919	2	7375
2920	2	229
2921	2	2060
2922	2	8622
2923	2	8528
2924	0	2655
2924	1	7652
2925	0	7839
2925	1	8465
2926	2	3749
2927	0	2333
2927	1	6110
2928	0	2674
2928	1	518
2929	0	3517
2929	1	4644
2930	2	1682
2931	2	6256
2932	2	7768
2933	0	7826
2933	1	8465
2934	2	3249
2935	2	4485
2936	2	8117
2937	0	6526
2937	1	6015
2938	2	5971
2939	2	7290
2940	2	5919
2941	0	5858
2941	1	6083
2942	0	5462
2942	1	648
2943	0	2706
2943	1	4644
2944	2	3682
2945	0	5573
2945	1	4861
2946	2	4019
2947	0	7693
2947	1	4030
2948	0	1436
2948	1	4030
2949	2	7584
2950	2	5397
2951	0	5093
2951	1	7739
2952	2	7984
2953	0	1763
2953	1	560
2954	2	4486
2955	0	7270
2955	1	1473
2956	0	6011
2956	1	1473
2957	0	5368
2957	1	2777
2958	0	7874
2958	1	6083
2959	2	3055
2960	0	2311
2960	1	355
2961	2	3061
2962	0	1895
2962	1	3850
2963	2	2481
2964	2	5931
2965	0	4135
2965	1	2169
2966	0	7633
2966	1	6575
2967	2	2889
2968	2	3467
2969	2	525
2970	2	2646
2971	0	7500
2971	1	4644
2972	2	6676
2973	2	4440
2974	2	4803
2975	0	4606
2975	1	2076
2976	0	7633
2976	1	8549
2977	0	7809
2977	1	8549
2978	0	553
2978	1	3945
2979	2	1456
2980	0	959
2980	1	2169
2981	0	6138
2981	1	4100
2982	0	7500
2982	1	4100
2983	0	2880
2983	1	2777
2984	0	7270
2984	1	2777
2985	0	2106
2985	1	2777
2986	2	3050
2987	0	7118
2987	1	1930
2988	0	2706
2988	1	1930
2989	2	6454
2990	0	5579
2990	1	1930
2991	2	6227
2992	0	242
2992	1	560
2993	2	1906
2994	2	411
2995	2	8030
2996	0	1967
2996	1	4644
2997	0	5468
2997	1	1808
2998	0	8237
2998	1	2117
2999	0	5541
2999	1	1631
3000	0	4606
3000	1	6083
3001	0	5093
3001	1	2966
3002	0	6011
3002	1	5499
3003	0	5579
3003	1	8177
3004	2	3892
3005	2	1030
3006	2	3387
3007	2	8052
3008	2	4016
3009	0	2743
3009	1	560
3010	0	5337
3010	1	560
3011	0	6138
3011	1	560
3012	0	3381
3012	1	8188
3013	0	246
3013	1	560
3014	0	3093
3014	1	283
3015	2	3742
3016	0	5319
3016	1	4816
3017	0	1258
3017	1	3059
3018	0	7809
3018	1	3059
3019	0	2130
3019	1	3061
3020	0	2880
3020	1	3061
3021	0	225
3021	1	3850
3022	2	1472
3023	2	6944
3024	0	7156
3024	1	4122
3025	0	2100
3025	1	1080
3026	0	5579
3026	1	797
3027	0	2577
3027	1	4230
3028	0	7892
3028	1	8154
3029	2	8154
3030	0	1508
3030	1	3565
3031	0	3445
3031	1	2098
3032	2	3038
3033	0	5541
3033	1	6656
3034	2	4541
3035	0	4266
3035	1	7739
3036	0	5541
3036	1	4100
3037	2	1293
3038	2	2150
3039	2	1881
3040	0	2880
3040	1	2614
3041	0	433
3041	1	6993
3042	0	4302
3042	1	2117
3043	2	2445
3044	2	624
3045	2	1018
3046	0	2100
3046	1	2808
3047	0	3581
3047	1	7419
3048	2	1965
3049	0	5353
3049	1	4230
3050	2	5964
3051	0	5462
3051	1	797
3052	0	4606
3052	1	4030
3053	0	7500
3053	1	4030
3054	0	6732
3054	1	4030
3055	0	6138
3055	1	3882
3056	0	7500
3056	1	3882
3057	2	816
3058	0	5541
3058	1	8225
3059	0	433
3059	1	8225
3060	0	7693
3060	1	8225
3061	0	5579
3061	1	8225
3062	0	5353
3062	1	2761
3063	0	5462
3063	1	5500
3064	0	2636
3064	1	5500
3065	0	223
3065	1	5500
3066	0	1672
3066	1	8177
3067	2	2008
3068	0	433
3068	1	804
3069	0	4669
3069	1	804
3070	0	2880
3070	1	2076
3071	2	2076
3072	0	5858
3072	1	1473
3073	0	3327
3073	1	2122
3074	0	6318
3074	1	8177
3075	0	1801
3075	1	3404
3076	2	5406
3077	2	3937
3078	0	5541
3078	1	648
3079	0	5353
3079	1	648
3080	0	8237
3080	1	648
3081	2	1272
3082	0	3327
3082	1	6853
3083	2	4730
3084	0	7892
3084	1	1080
3085	0	7809
3085	1	2098
3086	0	2780
3086	1	4816
3087	0	5541
3087	1	4816
3088	2	6049
3089	0	617
3089	1	510
3090	0	3327
3090	1	510
3091	0	7633
3091	1	510
3092	0	242
3092	1	3469
3093	2	3999
3094	2	6098
3095	0	2706
3095	1	6853
3096	0	3517
3096	1	6853
3097	2	4114
3098	2	3468
3099	2	2137
3100	0	1135
3100	1	6718
3101	0	663
3101	1	3451
3102	0	1672
3102	1	283
3103	2	5322
3104	2	6611
3105	0	8250
3105	1	3645
3106	2	2840
3107	0	6459
3107	1	4030
3108	2	3194
3109	0	8251
3109	1	6718
3110	0	5353
3110	1	2966
3111	0	6337
3111	1	4639
3112	2	3771
3113	0	5093
3113	1	560
3114	2	5555
3115	0	433
3115	1	1274
3116	0	663
3116	1	1274
3117	2	3338
3118	0	2352
3118	1	6718
3119	2	4572
3120	2	1550
3121	0	878
3121	1	6718
3122	2	633
3123	0	3870
3123	1	4644
3124	0	3327
3124	1	4578
3125	0	242
3125	1	4578
3126	0	8250
3126	1	3302
3127	0	7892
3127	1	1205
3128	0	3381
3128	1	7509
3129	0	2674
3129	1	3945
3130	0	3327
3130	1	6333
3131	0	7270
3131	1	6333
3132	2	8505
3133	0	6236
3133	1	6718
3134	0	7892
3134	1	2755
3135	2	2083
3136	2	7610
3137	2	7759
3138	0	7197
3138	1	6024
3139	2	8005
3140	2	4691
3141	0	668
3141	1	1285
3142	0	8538
3142	1	1285
3143	0	1135
3143	1	1285
3144	2	6013
3145	0	4135
3145	1	1285
3146	0	3075
3146	1	8465
3147	0	3165
3147	1	560
3148	0	7892
3148	1	4644
3149	0	3093
3149	1	2169
3150	0	433
3150	1	3399
3151	0	5515
3151	1	2169
3152	2	2613
3153	0	3870
3153	1	6015
3154	2	3189
3155	0	1135
3155	1	7739
3156	2	269
3157	2	7162
3158	0	5573
3158	1	6853
3159	0	4606
3159	1	7454
3160	2	3048
3161	0	1672
3161	1	5828
3162	2	3211
3163	2	6921
3164	0	2706
3164	1	5420
3165	0	1876
3165	1	7739
3166	2	1408
3167	0	3960
3167	1	7739
3168	2	6544
3169	0	2130
3169	1	7739
3170	0	1258
3170	1	6575
3171	0	4606
3171	1	1255
3172	2	4438
3173	0	919
3173	1	6575
3174	0	5233
3174	1	6083
3175	0	5541
3175	1	2755
3176	0	6795
3176	1	6083
3177	0	6138
3177	1	3611
3178	2	2459
3179	2	891
3180	0	7350
3180	1	6083
3181	2	2717
3182	0	3206
3182	1	7739
3183	2	3906
3184	2	4258
3185	0	1801
3185	1	742
3186	0	3960
3186	1	742
3187	0	7809
3187	1	742
3188	0	7633
3188	1	742
3189	2	3407
3190	0	5579
3190	1	3860
3191	2	5417
3192	0	1170
3192	1	7730
3193	2	1182
3194	2	4764
3195	2	778
3196	0	5579
3196	1	688
3197	0	3917
3197	1	5828
3198	0	3327
3198	1	283
3199	2	2853
3200	0	6562
3200	1	283
3201	2	7217
3202	0	3704
3202	1	6015
3203	2	6440
3204	0	7500
3204	1	4510
3205	0	1258
3205	1	2088
3206	0	3165
3206	1	2088
3207	2	2559
3208	0	7809
3208	1	8154
3209	0	8443
3209	1	797
3210	2	2962
3211	0	5103
3211	1	5922
3212	0	5103
3212	1	4545
3213	0	6447
3213	1	5736
3214	0	4606
3214	1	4545
3215	0	8602
3215	1	6083
3216	2	8599
3217	2	7050
3218	2	5589
3219	0	3381
3219	1	8465
3220	2	8227
3221	0	433
3221	1	718
3222	0	7137
3222	1	6083
3223	2	7260
3224	2	7291
3225	0	433
3225	1	6594
3226	2	2499
3227	0	3165
3227	1	6594
3228	0	7809
3228	1	5760
3229	0	7878
3229	1	5760
3230	0	2106
3230	1	1080
3231	2	2138
3232	0	5233
3232	1	73
3233	2	1526
3234	0	1436
3234	1	1969
3235	0	6011
3235	1	1969
3236	2	1941
3237	0	6447
3237	1	3404
3238	2	3699
3239	2	6355
3240	0	1801
3240	1	7739
3241	2	33
3242	0	7500
3242	1	6920
3243	0	1508
3243	1	1473
3244	0	5103
3244	1	1473
3245	2	8552
3246	0	2415
3246	1	1631
3247	2	3933
3248	0	2106
3248	1	6853
3249	0	4606
3249	1	7295
3250	2	530
3251	0	3165
3251	1	6853
3252	0	7292
3252	1	3451
3253	0	5337
3253	1	4644
3254	0	2333
3254	1	3945
3255	0	7809
3255	1	1560
3256	2	7718
3257	2	739
3258	2	660
3259	0	5103
3259	1	6575
3260	0	8281
3260	1	6575
3261	0	7878
3261	1	5484
3262	0	5579
3262	1	5484
3263	0	8191
3263	1	3850
3264	0	4606
3264	1	5178
3265	0	7809
3265	1	5832
3266	0	2880
3266	1	518
3267	2	4885
3268	0	8250
3268	1	3694
3269	0	4135
3269	1	5484
3270	0	7137
3270	1	8227
3271	0	4838
3271	1	2169
3272	2	6422
3273	0	7878
3273	1	7424
3274	0	3581
3274	1	3404
3275	0	4302
3275	1	3404
3276	2	6670
3277	0	6337
3277	1	7872
3278	2	7855
3279	0	7270
3279	1	3451
3280	2	7396
3281	2	2501
3282	0	7633
3282	1	6594
3283	2	814
3284	0	7270
3284	1	3882
3285	0	7633
3285	1	3882
3286	0	2880
3286	1	6083
3287	0	3917
3287	1	4510
3288	0	4942
3288	1	1473
3289	2	4138
3290	0	4135
3290	1	3882
3291	2	3826
3292	2	7632
3293	2	7077
3294	0	246
3294	1	4100
3295	0	5799
3295	1	2777
3296	2	7844
3297	2	3365
3298	0	2204
3298	1	5484
3299	0	7754
3299	1	2117
3300	0	4606
3300	1	4041
3301	0	223
3301	1	4041
3302	0	7392
3302	1	7419
3303	0	2297
3303	1	6015
3304	0	5233
3304	1	2117
3305	2	5451
3306	0	7878
3306	1	8154
3307	2	3740
3308	2	6020
3309	2	3422
3310	2	4564
3311	2	2664
3312	2	7862
3313	0	5353
3313	1	3882
3314	0	2956
3314	1	7419
3315	0	5462
3315	1	5006
3316	2	5142
3317	2	8490
3318	2	4894
3319	0	3960
3319	1	6083
3320	2	5099
3321	2	5653
3322	2	964
3323	0	3381
3323	1	4122
3324	0	2130
3324	1	4122
3325	0	5799
3325	1	4030
3326	0	5233
3326	1	4030
3327	0	5103
3327	1	4030
3328	0	7270
3328	1	4030
3329	0	7633
3329	1	4030
3330	0	3381
3330	1	4030
3331	0	7809
3331	1	287
3332	0	1508
3332	1	1808
3333	2	5616
3334	0	553
3334	1	74
3335	2	997
3336	2	6416
3337	0	4890
3337	1	1971
3338	2	2066
3339	0	5201
3339	1	2761
3340	0	2880
3340	1	2761
3341	0	7500
3341	1	6656
3342	2	7905
3343	0	6240
3343	1	1969
3344	2	3045
3345	2	8456
3346	0	5579
3346	1	5995
3347	0	7878
3347	1	5995
3348	0	8136
3348	1	2088
3349	0	242
3349	1	6083
3350	0	1899
3350	1	6083
3351	2	8157
3352	2	6157
3353	0	7500
3353	1	1080
3354	2	7172
3355	0	1700
3355	1	283
3356	0	4833
3356	1	3302
3357	2	7887
3358	0	4664
3358	1	1473
3359	2	5119
3360	0	3917
3360	1	355
3361	2	7031
3362	2	3252
3363	0	6011
3363	1	5539
3364	0	6236
3364	1	5539
3365	0	2297
3365	1	3451
3366	0	3445
3366	1	2307
3367	0	2674
3367	1	1838
3368	0	5434
3368	1	6083
3369	0	4606
3369	1	8177
3370	2	5280
3371	2	7953
3372	2	904
3373	0	8237
3373	1	3404
3374	0	1895
3374	1	4100
3375	0	5103
3375	1	7419
3376	2	8182
3377	0	4833
3377	1	8225
3378	0	5858
3378	1	6015
3379	2	7938
3380	0	6138
3380	1	858
3381	0	8124
3381	1	858
3382	2	3173
3383	0	3165
3383	1	2761
3384	2	7745
3385	0	4606
3385	1	2098
3386	2	4255
3387	2	7166
3388	2	7579
3389	2	4364
3390	0	2880
3390	1	4510
3391	2	5075
3392	0	7878
3392	1	7509
3393	0	5541
3393	1	8188
3394	2	1289
3395	0	7292
3395	1	560
3396	2	8459
3397	2	2707
3398	2	5257
3399	2	8451
3400	0	5223
3400	1	355
3401	2	2488
3402	2	3214
3403	0	3381
3403	1	4639
3404	0	1436
3404	1	1473
3405	0	5353
3405	1	3244
3406	0	4606
3406	1	7302
3407	0	3106
3407	1	7302
3408	0	5337
3408	1	2122
3409	0	433
3409	1	2122
3410	0	6459
3410	1	2122
3411	0	3581
3411	1	3780
3412	0	433
3412	1	3780
3413	2	5065
3414	0	7633
3414	1	6920
3415	2	1511
3416	0	3445
3416	1	74
3417	0	4606
3417	1	3945
3418	2	4223
3419	0	2297
3419	1	6920
3420	0	7809
3420	1	73
3421	0	7349
3421	1	7295
3422	2	314
3423	0	7892
3423	1	6110
3424	0	14
3424	1	6083
3425	2	8605
3426	0	6236
3426	1	2761
3427	0	2214
3427	1	3404
3428	0	7892
3428	1	2098
3429	0	1474
3429	1	3860
3430	2	4686
3431	0	4664
3431	1	8188
3432	0	2241
3432	1	8188
3433	0	7392
3433	1	8188
3434	0	1436
3434	1	1791
3435	0	5799
3435	1	4644
3436	0	8644
3436	1	4816
3437	2	152
3438	2	7993
3439	2	1845
3440	2	7065
3441	2	7249
3442	2	312
3443	2	146
3444	2	6974
3445	2	8224
3446	0	3027
3446	1	8225
3447	2	74
3448	2	3828
3449	0	5858
3449	1	5500
3450	2	965
3451	0	5468
3451	1	5922
3452	0	6547
3452	1	283
3453	2	6779
3454	2	6806
3455	0	3106
3455	1	3565
3456	0	5462
3456	1	560
3457	0	1258
3457	1	233
3458	0	254
3458	1	283
3459	2	1718
3460	0	8237
3460	1	5185
3461	2	7869
3462	0	4669
3462	1	2117
3463	2	341
3464	2	4932
3465	0	6137
3465	1	8368
3466	2	7204
3467	2	190
3468	2	1367
3469	0	2130
3469	1	648
3470	2	7212
3471	0	2106
3471	1	648
3472	2	7100
3473	2	2403
3474	0	5541
3474	1	3860
3475	2	4979
3476	2	40
3477	2	3495
3478	0	5541
3478	1	6663
3479	0	2880
3479	1	8465
3480	0	7633
3480	1	8465
3481	0	5579
3481	1	3404
3482	0	2780
3482	1	3404
3483	0	242
3483	1	5420
3484	0	6011
3484	1	3989
3485	2	2772
3486	0	1508
3486	1	107
3487	0	4060
3487	1	4816
3488	2	3102
3489	0	2880
3489	1	1205
3490	0	3165
3490	1	1205
3491	0	1967
3491	1	8225
3492	0	3106
3492	1	8225
3493	0	2130
3493	1	5185
3494	0	3165
3494	1	8188
3495	0	358
3495	1	6718
3496	0	5093
3496	1	3469
3497	0	3093
3497	1	3469
3498	0	2880
3498	1	1968
3499	0	7156
3499	1	7419
3500	0	5541
3500	1	2966
3501	2	5301
3502	0	7878
3502	1	2966
3503	0	2706
3503	1	2966
3504	2	4714
3505	0	2743
3505	1	2966
3506	0	663
3506	1	2966
3507	2	5823
3508	2	8002
3509	2	8634
3510	0	5541
3510	1	5539
3511	0	5858
3511	1	7904
3512	0	4888
3512	1	7904
3513	0	663
3513	1	3404
3514	0	8443
3514	1	3404
3515	0	2655
3515	1	1473
3516	2	1420
3517	0	358
3517	1	3850
3518	2	6850
3519	0	2333
3519	1	8621
3520	0	959
3520	1	5630
3521	0	3601
3521	1	5420
3522	0	2655
3522	1	5420
3523	0	3327
3523	1	6257
3524	0	7270
3524	1	6257
3525	2	1035
3526	2	6891
3527	0	6138
3527	1	2169
3528	2	3239
3529	0	5579
3529	1	3469
3530	2	2524
3531	2	7296
3532	0	1672
3532	1	6853
3533	0	3327
3533	1	8551
3534	0	6149
3534	1	8551
3535	2	2715
3536	0	1903
3536	1	5828
3537	2	6205
3538	2	7667
3539	0	175
3539	1	6023
3540	2	7517
3541	0	2130
3541	1	2808
3542	2	3047
3543	2	191
3544	0	2655
3544	1	5828
3545	0	7892
3545	1	3404
3546	0	7117
3546	1	1285
3547	2	6748
3548	0	7137
3548	1	510
3549	0	1135
3549	1	510
3550	0	5093
3550	1	510
3551	0	14
3551	1	3860
3552	2	5730
3553	2	8353
3554	2	5023
3555	0	2706
3555	1	1413
3556	2	4968
3557	2	4905
3558	0	5193
3558	1	7739
3559	0	2130
3559	1	6663
3560	0	7633
3560	1	6663
3561	0	1254
3561	1	3275
3562	2	90
3563	0	2706
3563	1	4545
3564	0	7392
3564	1	6575
3565	0	2636
3565	1	2808
3566	2	8397
3567	0	3917
3567	1	5922
3568	0	332
3568	1	8225
3569	0	3327
3569	1	3850
3570	0	6294
3570	1	3860
3571	0	1170
3571	1	3645
3572	0	6136
3572	1	6718
3573	2	7506
3574	2	7060
3575	0	7809
3575	1	1838
3576	2	4980
3577	2	8239
3578	2	6519
3579	2	2229
3580	2	3411
3581	0	5468
3581	1	5484
3582	0	3327
3582	1	7302
3583	0	7633
3583	1	7302
3584	0	1254
3584	1	6853
3585	0	3581
3585	1	6853
3586	0	7350
3586	1	6853
3587	2	7300
3588	2	5202
3589	0	7809
3589	1	3513
3590	0	3501
3590	1	2966
3591	2	8107
3592	2	3659
3593	2	4039
3594	0	433
3594	1	3882
3595	0	3917
3595	1	510
3596	2	2349
3597	0	3327
3597	1	3244
3598	2	1500
3599	2	7048
3600	0	5193
3600	1	1080
3601	2	2683
3602	0	2130
3602	1	8368
3603	0	2106
3603	1	3729
3604	2	8390
3605	0	5453
3605	1	6575
3606	2	1495
3607	0	5319
3607	1	7739
3608	2	4191
3609	0	7633
3609	1	688
3610	0	3704
3610	1	931
3611	0	1436
3611	1	2808
3612	2	1044
3613	0	3601
3613	1	2117
3614	0	6331
3614	1	6015
3615	0	433
3615	1	5630
3616	0	3825
3616	1	6015
3617	0	2106
3617	1	6015
3618	2	8183
3619	2	8536
3620	0	7328
3620	1	2117
3621	0	2674
3621	1	4041
3622	0	5863
3622	1	734
3623	2	6905
3624	0	5093
3624	1	2088
3625	0	5541
3625	1	6199
3626	0	7826
3626	1	6199
3627	2	8053
3628	0	2956
3628	1	6083
3629	0	3601
3629	1	6083
3630	0	8281
3630	1	6083
3631	2	5071
3632	2	4902
3633	0	242
3633	1	2088
3634	2	4069
3635	2	837
3636	0	6137
3636	1	2755
3637	0	4135
3637	1	2755
3638	0	47
3638	1	3404
3639	0	7874
3639	1	3404
3640	0	7921
3640	1	8227
3641	2	8385
3642	0	2311
3642	1	1631
3643	2	4937
3644	2	945
3645	0	3093
3645	1	3989
3646	0	433
3646	1	1843
3647	2	6597
3648	2	2549
3649	0	4606
3649	1	648
3650	2	5883
3651	0	3823
3651	1	3780
3652	0	3327
3652	1	3451
3653	2	4488
3654	0	3581
3654	1	5214
3655	0	4669
3655	1	7872
3656	2	6664
3657	0	1967
3657	1	6083
3658	0	3704
3658	1	3564
3659	2	5885
3660	0	1672
3660	1	518
3661	0	242
3661	1	6920
3662	0	5573
3662	1	5420
3663	2	5449
3664	2	7725
3665	2	5094
3666	0	1672
3666	1	4100
3667	0	1672
3667	1	2148
3668	2	5825
3669	0	3075
3669	1	3404
3670	2	3652
3671	2	7492
3672	2	3117
3673	0	3825
3673	1	2088
3674	0	5824
3674	1	7419
3675	0	3093
3675	1	7419
3676	0	223
3676	1	7419
3677	2	6558
3678	0	7826
3678	1	3451
3679	0	3704
3679	1	2117
3680	0	7557
3680	1	3860
3681	0	7270
3681	1	287
3682	0	7156
3682	1	287
3683	0	3381
3683	1	287
3684	0	3601
3684	1	3850
3685	2	3259
3686	0	2655
3686	1	6947
3687	0	8602
3687	1	3404
3688	0	6459
3688	1	2169
3689	0	2780
3689	1	7424
3690	0	7270
3690	1	6920
3691	0	641
3691	1	7295
3692	0	2106
3692	1	1205
3693	0	7921
3693	1	5214
3694	0	7633
3694	1	2169
3695	2	1212
3696	0	403
3696	1	3565
3697	0	7892
3697	1	1969
3698	2	8061
3699	0	663
3699	1	355
3700	0	4560
3700	1	7509
3701	2	6302
3702	0	5541
3702	1	5943
3703	0	433
3703	1	4041
3704	2	6329
3705	0	4664
3705	1	688
3706	0	487
3706	1	5420
3707	0	8250
3707	1	2169
3708	2	8378
3709	0	3381
3709	1	8368
3710	0	5799
3710	1	5420
3711	0	1211
3711	1	4030
3712	2	4964
3713	2	8464
3714	2	7104
3715	0	8065
3715	1	3956
3716	0	1899
3716	1	3956
3717	0	5183
3717	1	4030
3718	2	7467
3719	0	2297
3719	1	4030
3720	2	6782
3721	0	3444
3721	1	3850
3722	0	5434
3722	1	3850
3723	0	175
3723	1	6920
3724	0	8443
3724	1	1473
3725	0	2130
3725	1	8465
3726	0	6221
3726	1	8465
3727	0	5353
3727	1	8465
3728	0	3093
3728	1	213
3729	0	5579
3729	1	213
3730	2	3946
3731	0	945
3731	1	4523
3732	0	3075
3732	1	2088
3733	2	6874
3734	0	4606
3734	1	5922
3735	2	7478
3736	0	2130
3736	1	6575
3737	0	5103
3737	1	6015
3738	0	2706
3738	1	5828
3739	2	3974
3740	0	2655
3740	1	4100
3741	0	2956
3741	1	518
3742	0	6138
3742	1	518
3743	0	2106
3743	1	7424
3744	0	223
3744	1	8225
3745	2	5782
3746	0	3165
3746	1	7509
3747	2	1036
3748	2	2827
3749	0	1508
3749	1	4644
3750	0	6011
3750	1	4644
3751	0	2106
3751	1	3882
3752	2	5563
3753	2	769
3754	0	1258
3754	1	6083
3755	2	2029
3756	0	2636
3756	1	355
3757	2	5224
3758	0	1258
3758	1	1473
3759	0	2015
3759	1	4100
3760	0	1436
3760	1	4100
3761	0	7921
3761	1	4578
3762	0	7392
3762	1	8368
3763	0	2655
3763	1	2808
3764	2	6970
3765	2	2182
3766	2	2519
3767	0	7270
3767	1	1413
3768	0	7633
3768	1	1413
3769	2	1665
3770	0	5799
3770	1	287
3771	0	3327
3771	1	3945
3772	0	5462
3772	1	3945
3773	0	2333
3773	1	3404
3774	2	1169
3775	2	6545
3776	0	3445
3776	1	3945
3777	0	7270
3777	1	3989
3778	0	1508
3778	1	2117
3779	0	7251
3779	1	5630
3780	2	1375
3781	0	7921
3781	1	1969
3782	0	1508
3782	1	6083
3783	0	5579
3783	1	4100
3784	0	6221
3784	1	4100
3785	0	2743
3785	1	4100
3786	0	663
3786	1	4100
3787	2	3318
3788	2	1660
3789	2	2242
3790	0	2880
3790	1	7302
3791	0	5799
3791	1	7302
3792	0	3960
3792	1	648
3793	2	6475
3794	2	1616
3795	2	1284
3796	0	2780
3796	1	2761
3797	0	6236
3797	1	6083
3798	2	7657
3799	0	919
3799	1	5006
3800	0	7500
3800	1	5420
3801	2	6975
3802	0	4606
3802	1	804
3803	0	8191
3803	1	4230
3804	0	7633
3804	1	4230
3805	0	3870
3805	1	4230
3806	2	7054
3807	2	5440
3808	0	1895
3808	1	4230
3809	0	2655
3809	1	4603
3810	2	4156
3811	0	2100
3811	1	3404
3812	2	7421
3813	0	433
3813	1	6767
3814	2	7469
3815	2	3843
3816	0	5093
3816	1	4816
3817	2	234
3818	2	3816
3819	0	7633
3819	1	5500
3820	0	5468
3820	1	5500
3821	0	2106
3821	1	1843
3822	0	6138
3822	1	1843
3823	0	2706
3823	1	5500
3824	0	3093
3824	1	2117
3825	0	5233
3825	1	797
3826	0	7500
3826	1	1791
3827	0	5858
3827	1	2117
3828	0	2311
3828	1	2117
3829	0	959
3829	1	283
3830	2	3572
3831	0	7270
3831	1	797
3832	2	7185
3833	0	2100
3833	1	3945
3834	0	3445
3834	1	5758
3835	0	3381
3835	1	5798
3836	0	242
3836	1	797
3837	0	2706
3837	1	797
3838	2	4907
3839	0	930
3839	1	6718
3840	2	7460
3841	2	4376
3842	0	6562
3842	1	6718
3843	2	304
3844	2	6509
3845	2	8302
3846	0	5541
3846	1	2122
3847	0	7270
3847	1	2671
3848	0	7809
3848	1	2671
3849	0	7633
3849	1	2117
3850	0	7892
3850	1	3882
3851	0	4302
3851	1	8368
3852	0	5541
3852	1	3469
3853	2	6059
3854	0	2130
3854	1	5500
3855	0	8191
3855	1	5500
3856	0	6285
3856	1	6575
3857	0	7416
3857	1	6575
3858	0	3791
3858	1	3469
3859	0	5233
3859	1	2755
3860	0	4606
3860	1	4578
3861	0	663
3861	1	2755
3862	0	2706
3862	1	3860
3863	0	5579
3863	1	5567
3864	0	4135
3864	1	510
3865	2	1911
3866	0	3825
3866	1	4122
3867	0	5541
3867	1	4122
3868	0	4606
3868	1	4122
3869	0	5579
3869	1	648
3870	2	5292
3871	2	2113
3872	0	5233
3872	1	648
3873	2	1021
3874	2	6821
3875	2	6606
3876	0	5541
3876	1	6606
3877	0	919
3877	1	4644
3878	2	5115
3879	2	3593
3880	0	6889
3880	1	6718
3881	2	3535
3882	0	6171
3882	1	6718
3883	2	2826
3884	0	794
3884	1	1413
3885	2	7533
3886	2	4067
3887	2	3014
3888	0	4135
3888	1	6083
3889	2	810
3890	2	7081
3891	2	8298
3892	0	2333
3892	1	560
3893	0	2100
3893	1	1285
3894	0	6294
3894	1	1285
3895	0	1174
3895	1	1285
3896	0	7892
3896	1	4578
3897	0	246
3897	1	5420
3898	0	7156
3898	1	6920
3899	0	1288
3899	1	6920
3900	2	2472
3901	0	6054
3901	1	1969
3902	2	1238
3903	0	4790
3903	1	8368
3904	0	5799
3904	1	2088
3905	0	6447
3905	1	1285
3906	0	589
3906	1	1285
3907	0	3381
3907	1	648
3908	2	1127
3909	0	1508
3909	1	4816
3910	0	1474
3910	1	5828
3911	2	8218
3912	0	7349
3912	1	6853
3913	0	3165
3913	1	6199
3914	2	359
3915	0	5562
3915	1	3611
3916	2	4441
3917	0	6137
3917	1	1930
3918	2	27
3919	0	5579
3919	1	5828
3920	0	5201
3920	1	7739
3921	0	7156
3921	1	7739
3922	2	5158
3923	0	332
3923	1	1080
3924	0	246
3924	1	2808
3925	0	1258
3925	1	3860
3926	0	3381
3926	1	2966
3927	0	1508
3927	1	3860
3928	2	3260
3929	2	5943
3930	2	3511
3931	0	5784
3931	1	7739
3932	2	5443
3933	0	5579
3933	1	7739
3934	2	542
3935	2	6534
3936	0	1967
3936	1	3860
3937	2	6189
3938	0	6221
3938	1	510
3939	0	3704
3939	1	6110
3940	2	1478
3941	0	2214
3941	1	6015
3942	0	1508
3942	1	3187
3943	2	5946
3944	0	2706
3944	1	5484
3945	0	3165
3945	1	287
3946	0	5193
3946	1	1473
3947	0	7620
3947	1	4545
3948	0	8493
3948	1	7739
3949	2	3007
3950	0	7500
3950	1	7739
3951	2	372
3952	0	254
3952	1	5922
3953	0	5579
3953	1	5922
3954	0	1967
3954	1	6718
3955	0	6973
3955	1	6718
3956	0	5462
3956	1	1969
3957	0	7809
3957	1	3611
3958	0	3093
3958	1	2088
3959	0	668
3959	1	6023
3960	0	7132
3960	1	2088
3961	0	7557
3961	1	7050
3962	2	6852
3963	0	7633
3963	1	5828
3964	0	3601
3964	1	1285
3965	0	1436
3965	1	3564
3966	0	3704
3966	1	6853
3967	2	5017
3968	0	641
3968	1	4644
3969	0	1258
3969	1	5933
3970	2	5933
3971	0	5453
3971	1	3564
3972	0	1436
3972	1	2088
3973	2	5236
3974	2	2545
3975	2	3604
3976	0	5462
3976	1	8465
3977	2	1371
3978	0	7500
3978	1	1808
3979	0	4606
3979	1	6199
3980	0	433
3980	1	3174
3981	0	5541
3981	1	7730
3982	2	75
3983	2	5815
3984	0	403
3984	1	1969
3985	0	2880
3985	1	5828
3986	2	1816
3987	2	1766
3988	0	5201
3988	1	1285
3989	2	2463
3990	0	3825
3990	1	4510
3991	2	251
3992	0	3581
3992	1	6083
3993	0	3093
3993	1	7295
3994	0	8251
3994	1	3860
3995	2	6241
3996	0	7892
3996	1	8465
3997	2	4165
3998	0	1436
3998	1	4523
3999	2	3018
4000	0	663
4000	1	7739
4001	2	6517
4002	0	7251
4002	1	7509
4003	2	8049
4004	0	242
4004	1	3564
4005	0	1258
4005	1	2169
4006	2	4126
4007	0	3093
4007	1	2122
4008	0	5541
4008	1	7993
4009	2	7088
4010	2	932
4011	2	2542
4012	2	3041
4013	0	2880
4013	1	2148
4014	0	2427
4014	1	6083
4015	0	7633
4015	1	5539
4016	2	867
4017	2	4650
4018	0	2106
4018	1	804
4019	0	2106
4019	1	1473
4020	0	6138
4020	1	1473
4021	0	4135
4021	1	2671
4022	2	5084
4023	2	4577
4024	2	3199
4025	0	2352
4025	1	1930
4026	2	7910
4027	2	3271
4028	0	175
4028	1	3564
4029	0	3093
4029	1	3860
4030	0	2106
4030	1	8188
4031	0	7500
4031	1	7509
4032	2	3712
4033	0	6138
4033	1	1808
4034	0	7500
4034	1	6575
4035	0	7892
4035	1	7607
4036	2	2462
4037	0	1508
4037	1	3850
4038	0	7921
4038	1	6853
4039	0	6732
4039	1	7509
4040	0	7892
4040	1	2777
4041	2	807
4042	2	3329
4043	0	1672
4043	1	3860
4044	0	433
4044	1	6199
4045	2	1953
4046	0	2655
4046	1	6199
4047	0	4566
4047	1	4457
4048	2	4157
4049	2	6218
4050	0	5858
4050	1	4030
4051	0	663
4051	1	4030
4052	0	6221
4052	1	4030
4053	0	7350
4053	1	4030
4054	0	5579
4054	1	6083
4055	0	7270
4055	1	3174
4056	0	6331
4056	1	8368
4057	0	4606
4057	1	734
4058	2	1392
4059	2	5598
4060	0	7809
4060	1	7081
4061	0	1436
4061	1	931
4062	0	5541
4062	1	931
4063	0	3581
4063	1	6015
4064	0	7921
4064	1	6015
4065	2	1300
4066	0	7392
4066	1	6853
4067	0	4606
4067	1	5803
4068	0	3952
4068	1	283
4069	0	3960
4069	1	858
4070	0	1135
4070	1	7509
4071	0	2674
4071	1	7509
4072	2	3119
4073	2	5743
4074	0	4135
4074	1	1969
4075	0	8237
4075	1	8465
4076	0	254
4076	1	6083
4077	2	8343
4078	0	2108
4078	1	4230
4079	2	7231
4080	0	5462
4080	1	2088
4081	0	7156
4081	1	2088
4082	2	1134
4083	2	6749
4084	0	656
4084	1	858
4085	0	4663
4085	1	858
4086	0	4663
4086	1	4644
4087	2	38
4088	0	5193
4088	1	7509
4089	0	5093
4089	1	7509
4090	0	6011
4090	1	7509
4091	2	6351
4092	2	7221
4093	0	3165
4093	1	4030
4094	0	663
4094	1	1473
4095	0	433
4095	1	8465
4096	0	2100
4096	1	7419
4097	0	6011
4097	1	560
4098	0	5007
4098	1	6575
4099	2	6418
4100	0	7874
4100	1	1375
4101	2	2871
4102	2	5409
4103	2	2987
4104	0	5541
4104	1	1065
4105	0	3601
4105	1	804
4106	0	2674
4106	1	2761
4107	0	5541
4107	1	4465
4108	2	4455
4109	0	3327
4109	1	8225
4110	0	668
4110	1	2892
4111	0	7892
4111	1	830
4112	0	433
4112	1	2777
4113	0	7557
4113	1	2761
4114	0	5579
4114	1	1968
4115	0	7270
4115	1	3565
4116	0	358
4116	1	3565
4117	2	456
4118	0	668
4118	1	799
4119	0	246
4119	1	3404
4120	0	919
4120	1	3404
4121	0	1508
4121	1	2098
4122	0	4606
4122	1	1791
4123	0	5541
4123	1	1791
4124	0	6337
4124	1	5500
4125	0	8319
4125	1	5500
4126	0	4246
4126	1	1473
4127	0	2956
4127	1	3564
4128	0	2130
4128	1	8188
4129	0	4606
4129	1	2671
4130	0	6221
4130	1	6669
4131	0	8035
4131	1	1969
4132	0	5353
4132	1	1969
4133	0	7921
4133	1	283
4134	2	5511
4135	0	663
4135	1	3945
4136	0	8644
4136	1	6718
4137	0	7826
4137	1	6718
4138	2	3393
4139	0	2769
4139	1	6718
4140	0	7270
4140	1	3729
4141	0	7633
4141	1	3729
4142	0	7197
4142	1	1274
4143	0	5353
4143	1	1274
4144	2	23
4145	2	8246
4146	0	762
4146	1	6718
4147	0	4135
4147	1	4816
4148	2	6854
4149	2	6711
4150	0	2706
4150	1	3469
4151	2	1228
4152	2	2081
4153	0	2100
4153	1	283
4154	0	5453
4154	1	3469
4155	0	246
4155	1	3469
4156	2	2705
4157	0	7878
4157	1	3469
4158	2	1122
4159	0	4135
4159	1	1843
4160	2	557
4161	0	7392
4161	1	6083
4162	0	6732
4162	1	6083
4163	2	5597
4164	0	7197
4164	1	5828
4165	0	6342
4165	1	560
4166	0	4302
4166	1	1205
4167	0	1508
4167	1	283
4168	2	2346
4169	0	7892
4169	1	804
4170	2	2105
4171	2	5905
4172	0	1801
4172	1	6083
4173	2	5585
4174	0	7292
4174	1	5484
4175	0	7328
4175	1	283
4176	0	3206
4176	1	5828
4177	0	1258
4177	1	2671
4178	0	6138
4178	1	2671
4179	0	6294
4179	1	3404
4180	0	7878
4180	1	8368
4181	0	6011
4181	1	8551
4182	0	2655
4182	1	2536
4183	0	4664
4183	1	2536
4184	2	3392
4185	0	2674
4185	1	6110
4186	0	4669
4186	1	6853
4187	0	4302
4187	1	2614
4188	0	4135
4188	1	560
4189	0	4664
4189	1	5185
4190	0	5799
4190	1	5185
4191	0	2015
4191	1	7419
4192	0	8493
4192	1	7419
4193	0	5233
4193	1	5828
4194	0	4669
4194	1	560
4195	0	5103
4195	1	4861
4196	0	8602
4196	1	1285
4197	2	296
4198	2	526
4199	0	7892
4199	1	7424
4200	0	5233
4200	1	4816
4201	2	725
4202	0	4888
4202	1	5420
4203	2	1910
4204	2	7624
4205	0	6285
4205	1	1285
4206	0	4669
4206	1	3860
4207	0	5103
4207	1	6920
4208	0	5093
4208	1	5420
4209	0	7756
4209	1	464
4210	2	3802
4211	2	3923
4212	0	2674
4212	1	5828
4213	0	6221
4213	1	3860
4214	0	8443
4214	1	3860
4215	2	5542
4216	0	3327
4216	1	6575
4217	0	254
4217	1	3860
4218	2	1734
4219	0	8237
4219	1	1285
4220	0	5453
4220	1	1285
4221	0	7892
4221	1	1843
4222	2	7271
4223	0	1508
4223	1	3186
4224	0	7137
4224	1	2966
4225	0	5858
4225	1	2966
4226	0	4833
4226	1	2966
4227	0	1170
4227	1	3694
4228	0	930
4228	1	3860
4229	2	7764
4230	2	4659
4231	2	7524
4232	0	1258
4232	1	5828
4233	0	5462
4233	1	2808
4234	0	2674
4234	1	5922
4235	0	1672
4235	1	5922
4236	0	4790
4236	1	3860
4237	2	1514
4238	0	7416
4238	1	6083
4239	2	4849
4240	0	7892
4240	1	5539
4241	0	617
4241	1	3564
4242	2	6750
4243	0	4135
4243	1	2777
4244	2	3438
4245	2	4077
4246	0	5600
4246	1	3729
4247	0	3704
4247	1	3729
4248	0	930
4248	1	3729
4249	0	2674
4249	1	3174
4250	0	6817
4250	1	797
4251	2	7240
4252	0	2674
4252	1	1930
4253	0	1254
4253	1	1930
4254	0	4642
4254	1	1560
4255	2	3582
4256	0	2655
4256	1	3117
4257	2	8228
4258	0	2870
4258	1	1080
4259	0	47
4259	1	1080
4260	0	7633
4260	1	8154
4261	2	8220
4262	0	6138
4262	1	6110
4263	2	5517
4264	0	3381
4264	1	2346
4265	0	6337
4265	1	2346
4266	0	7270
4266	1	2346
4267	0	7809
4267	1	2346
4268	0	668
4268	1	2169
4269	0	1436
4269	1	7419
4270	0	5434
4270	1	1285
4271	0	2880
4271	1	3611
4272	2	5
4273	2	5854
4274	2	5760
4275	0	1508
4275	1	5484
4276	0	5337
4276	1	3564
4277	0	223
4277	1	4523
4278	0	2880
4278	1	8154
4279	0	919
4279	1	8154
4280	0	1436
4280	1	355
4281	2	349
4282	0	3581
4282	1	8282
4283	0	5799
4283	1	1473
4284	0	7392
4284	1	7730
4285	0	6138
4285	1	6575
4286	0	5353
4286	1	6015
4287	2	193
4288	2	307
4289	0	487
4289	1	6920
4290	0	1967
4290	1	5828
4291	0	6337
4291	1	3244
4292	2	7930
4293	0	4664
4293	1	3469
4294	2	3789
4295	0	3825
4295	1	2117
4296	0	2880
4296	1	3945
4297	2	5247
4298	2	8559
4299	0	2100
4299	1	3850
4300	0	6054
4300	1	2966
4301	0	2106
4301	1	2966
4302	2	5121
4303	2	4173
4304	2	7195
4305	0	7633
4305	1	6015
4306	0	2706
4306	1	2307
4307	2	3717
4308	2	2887
4309	2	2203
4310	0	7693
4310	1	7739
4311	2	986
4312	2	4427
4313	0	1135
4313	1	7081
4314	2	3399
4315	0	3601
4315	1	3564
4316	2	7142
4317	0	3823
4317	1	5567
4318	0	8035
4318	1	3469
4319	0	7328
4319	1	6015
4320	0	5799
4320	1	6015
4321	0	433
4321	1	8526
4322	0	4606
4322	1	5736
4323	0	3445
4323	1	5736
4324	0	1258
4324	1	5539
4325	0	6221
4325	1	6083
4326	2	8621
4327	2	2256
4328	2	8396
4329	0	1967
4329	1	283
4330	0	2880
4330	1	4644
4331	0	2130
4331	1	2148
4332	0	3381
4332	1	7302
4333	0	2407
4333	1	6083
4334	2	2307
4335	0	7809
4335	1	518
4336	2	6184
4337	2	7616
4338	0	3825
4338	1	797
4339	2	6581
4340	2	5350
4341	2	5100
4342	0	3381
4342	1	5185
4343	2	1774
4344	0	3917
4344	1	8225
4345	0	7328
4345	1	7739
4346	0	2769
4346	1	6015
4347	0	358
4347	1	4041
4348	2	4151
4349	2	2579
4350	2	4330
4351	0	4664
4351	1	5922
4352	0	6285
4352	1	5922
4353	0	7892
4353	1	2122
4354	0	4606
4354	1	213
4355	0	1739
4355	1	1473
4356	0	7892
4356	1	3729
4357	0	2297
4357	1	3850
4358	2	2802
4359	2	3312
4360	2	6401
4361	0	4507
4361	1	858
4362	0	1258
4362	1	858
4363	2	6197
4364	0	1271
4364	1	5420
4365	2	2003
4366	0	1254
4366	1	1969
4367	2	8289
4368	2	2358
4369	2	1388
4370	0	2333
4370	1	6083
4371	0	1254
4371	1	1560
4372	0	7892
4372	1	3789
4373	0	4606
4373	1	3789
4374	0	7500
4374	1	5539
4375	0	2297
4375	1	4644
4376	0	6221
4376	1	4644
4377	0	6138
4377	1	797
4378	0	242
4378	1	4644
4379	2	1759
4380	0	4606
4380	1	5760
4381	0	2880
4381	1	7730
4382	0	7809
4382	1	7730
4383	2	3306
4384	0	6337
4384	1	3789
4385	2	4635
4386	0	242
4386	1	3451
4387	0	5233
4387	1	3451
4388	0	7557
4388	1	3729
4389	0	246
4389	1	3882
4390	0	433
4390	1	3789
4391	0	3093
4391	1	3789
4392	0	2706
4392	1	3789
4393	2	8423
4394	0	6011
4394	1	8188
4395	0	7500
4395	1	1285
4396	2	4682
4397	2	6607
4398	2	2629
4399	0	5453
4399	1	4644
4400	0	2106
4400	1	7730
4401	2	6439
4402	2	1411
4403	0	4606
4403	1	8526
4404	0	5858
4404	1	8526
4405	0	5233
4405	1	3404
4406	0	3952
4406	1	7904
4407	0	2780
4407	1	5828
4408	0	115
4408	1	4100
4409	2	7273
4410	0	7349
4410	1	7419
4411	0	6331
4411	1	797
4412	0	930
4412	1	1255
4413	2	7527
4414	2	1065
4415	0	2404
4415	1	5484
4416	0	8237
4416	1	2808
4417	0	7921
4417	1	2808
4418	0	2710
4418	1	2088
4419	2	4811
4420	0	433
4420	1	355
4421	2	2120
4422	0	2880
4422	1	3989
4423	0	5434
4423	1	3989
4424	0	7839
4424	1	5539
4425	0	7892
4425	1	5760
4426	2	315
4427	2	2936
4428	2	4692
4429	2	522
4430	0	5393
4430	1	3404
4431	2	6740
4432	0	4401
4432	1	3117
4433	2	4957
4434	0	1508
4434	1	6740
4435	0	7912
4435	1	4644
4436	0	3499
4436	1	2117
4437	0	4833
4437	1	7021
4438	2	5482
4439	0	1895
4439	1	2169
4440	2	2376
4441	0	7921
4441	1	2117
4442	0	1135
4442	1	1065
4443	2	4236
4444	0	1672
4444	1	560
4445	2	6485
4446	0	3381
4446	1	2148
4447	0	7500
4447	1	3860
4448	0	3825
4448	1	3945
4449	2	337
4450	0	1258
4450	1	3564
4451	2	552
4452	0	2674
4452	1	804
4453	2	7521
4454	2	4331
4455	0	4046
4455	1	6718
4456	2	4071
4457	2	1334
4458	0	5858
4458	1	5420
4459	2	6885
4460	0	1895
4460	1	1808
4461	2	4781
4462	0	2297
4462	1	3564
4463	2	7734
4464	2	7940
4465	0	7500
4465	1	1205
4466	0	1672
4466	1	7419
4467	2	88
4468	2	4643
4469	2	1677
4470	2	5912
4471	2	4083
4472	0	4899
4472	1	6015
4473	0	5541
4473	1	6876
4474	0	4888
4474	1	2536
4475	0	4888
4475	1	797
4476	0	1508
4476	1	797
4477	2	5791
4478	2	6968
4479	2	3074
4480	2	3267
4481	0	2780
4481	1	4578
4482	2	7130
4483	2	6018
4484	0	6138
4484	1	3789
4485	0	2655
4485	1	5798
4486	0	7633
4486	1	4816
4487	2	3743
4488	2	1963
4489	2	4336
4490	0	1436
4490	1	648
4491	0	2743
4491	1	648
4492	0	7500
4492	1	1843
4493	2	4532
4494	0	6285
4494	1	4578
4495	0	553
4495	1	234
4496	0	2015
4496	1	234
4497	0	2130
4497	1	4578
4498	0	5462
4498	1	4578
4499	2	897
4500	2	8529
4501	0	7270
4501	1	1968
4502	2	5903
4503	0	3165
4503	1	510
4504	0	5541
4504	1	4578
4505	0	5093
4505	1	4578
4506	0	5337
4506	1	283
4507	2	7784
4508	0	2333
4508	1	4545
4509	0	6221
4509	1	6853
4510	0	663
4510	1	6853
4511	0	433
4511	1	6575
4512	2	3918
4513	0	7809
4513	1	3789
4514	2	1867
4515	0	5453
4515	1	2966
4516	0	7292
4516	1	2966
4517	2	2611
4518	2	4291
4519	2	1796
4520	0	7892
4520	1	6663
4521	2	6250
4522	0	7892
4522	1	5178
4523	0	2100
4523	1	5828
4524	0	5453
4524	1	2117
4525	0	5453
4525	1	3860
4526	0	6955
4526	1	1285
4527	0	2710
4527	1	1285
4528	0	6526
4528	1	510
4529	2	6543
4530	2	6907
4531	2	6129
4532	0	5201
4532	1	1274
4533	2	6374
4534	2	166
4535	0	1254
4535	1	6015
4536	0	1258
4536	1	6015
4537	2	8187
4538	0	7874
4538	1	1285
4539	0	6294
4539	1	4644
4540	2	819
4541	0	1895
4541	1	7730
4542	0	2100
4542	1	8368
4543	2	7947
4544	2	825
4545	2	6784
4546	2	1716
4547	2	2679
4548	2	3966
4549	0	3601
4549	1	510
4550	0	2015
4550	1	510
4551	0	6236
4551	1	2076
4552	0	1258
4552	1	2076
4553	0	5579
4553	1	7419
4554	0	2333
4554	1	5185
4555	0	7132
4555	1	858
4556	0	3581
4556	1	858
4557	0	7892
4557	1	5185
4558	0	3327
4558	1	4861
4559	2	3291
4560	0	5468
4560	1	4861
4561	0	7809
4561	1	7050
4562	0	4606
4562	1	7730
4563	2	3264
4564	0	6526
4564	1	6920
4565	0	8124
4565	1	2088
4566	0	794
4566	1	1080
4567	0	7892
4567	1	7872
4568	0	5233
4568	1	1413
4569	2	5164
4570	2	3238
4571	0	5541
4571	1	1255
4572	2	5558
4573	0	6138
4573	1	3404
4574	2	7711
4575	2	7671
4576	0	2655
4576	1	7730
4577	0	7839
4577	1	6015
4578	2	7218
4579	2	1744
4580	0	4084
4580	1	1285
4581	0	3889
4581	1	1285
4582	0	3165
4582	1	1473
4583	0	6337
4583	1	4230
4584	0	433
4584	1	7730
4585	0	6011
4585	1	2761
4586	0	3581
4586	1	1473
4587	0	5233
4587	1	5539
4588	0	668
4588	1	7077
4589	2	5013
4590	0	223
4590	1	5832
4591	0	2106
4591	1	688
4592	2	5524
4593	0	2780
4593	1	4644
4594	2	7846
4595	2	8295
4596	0	1895
4596	1	5539
4597	0	4135
4597	1	3451
4598	2	7274
4599	2	1532
4600	0	3381
4600	1	804
4601	0	3430
4601	1	3850
4602	0	4833
4602	1	7077
4603	0	1899
4603	1	688
4604	0	7892
4604	1	3174
4605	2	2031
4606	0	656
4606	1	3945
4607	0	4833
4607	1	2761
4608	0	4606
4608	1	2536
4609	2	1901
4610	0	6137
4610	1	2169
4611	0	5799
4611	1	2169
4612	0	6011
4612	1	2671
4613	0	7633
4613	1	2307
4614	0	7809
4614	1	2307
4615	0	2880
4615	1	804
4616	0	2297
4616	1	4639
4617	0	6011
4617	1	287
4618	2	326
4619	2	7656
4620	2	4262
4621	0	6011
4621	1	3469
4622	0	7809
4622	1	4639
4623	0	5541
4623	1	1473
4624	0	1508
4624	1	6015
4625	0	2108
4625	1	1631
4626	0	286
4626	1	6199
4627	2	1191
4628	0	959
4628	1	7419
4629	0	5541
4629	1	3945
4630	0	1254
4630	1	6718
4631	2	6548
4632	0	6337
4632	1	6718
4633	0	4113
4633	1	7419
4634	2	6017
4635	0	1672
4635	1	8368
4636	2	4193
4637	0	6138
4637	1	4639
4638	0	5193
4638	1	4639
4639	0	2297
4639	1	3945
4640	0	1258
4640	1	3945
4641	2	8257
4642	2	3390
4643	0	433
4643	1	3945
4644	0	7156
4644	1	4644
4645	2	791
4646	2	8014
4647	0	5393
4647	1	3956
4648	0	175
4648	1	1808
4649	2	2746
4650	0	5462
4650	1	2169
4651	0	3068
4651	1	5185
4652	2	4825
4653	2	5525
4654	0	7892
4654	1	464
4655	2	464
4656	0	3381
4656	1	6257
4657	0	4302
4657	1	3451
4658	0	6138
4658	1	3451
4659	0	7292
4659	1	2169
4660	2	6411
4661	0	3960
4661	1	2808
4662	0	3581
4662	1	5828
4663	0	254
4663	1	3850
4664	2	7762
4665	0	7809
4665	1	2536
4666	0	7156
4666	1	6656
4667	0	3075
4667	1	3451
4668	0	4251
4668	1	3850
4669	2	6308
4670	2	5022
4671	0	2674
4671	1	6199
4672	0	1258
4672	1	6199
4673	2	7021
4674	0	6136
4674	1	804
4675	2	7546
4676	0	5093
4676	1	6853
4677	0	959
4677	1	6663
4678	0	7500
4678	1	510
4679	0	6221
4679	1	4545
4680	2	4450
4681	0	2100
4681	1	797
4682	0	2297
4682	1	8225
4683	0	7270
4683	1	8225
4684	0	5579
4684	1	3564
4685	2	2302
4686	0	7878
4686	1	3882
4687	2	7615
4688	2	2909
4689	0	3165
4689	1	6669
4690	0	223
4690	1	1375
4691	0	6337
4691	1	1375
4692	0	7839
4692	1	6718
4693	0	5193
4693	1	6015
4694	0	6285
4694	1	1838
4695	0	5353
4695	1	5484
4696	0	6447
4696	1	6083
4697	2	1706
4698	0	8124
4698	1	688
4699	0	6138
4699	1	688
4700	0	2333
4700	1	6575
4701	0	242
4701	1	4510
4702	0	2880
4702	1	8551
4703	2	4569
4704	2	5335
4705	0	2880
4705	1	6920
4706	2	489
4707	0	4606
4707	1	7989
4708	0	3381
4708	1	7989
4709	2	2359
4710	0	6138
4710	1	1285
4711	2	381
4712	0	4790
4712	1	1285
4713	0	1474
4713	1	7904
4714	0	1763
4714	1	6767
4715	2	988
4716	0	1738
4716	1	6767
4717	0	47
4717	1	8551
4718	0	1258
4718	1	8551
4719	2	8407
4720	0	8366
4720	1	1969
4721	0	2551
4721	1	4510
4722	2	506
4723	2	5454
4724	2	5873
4725	2	901
4726	0	7892
4726	1	8225
4727	0	2710
4727	1	560
4728	0	3165
4728	1	1808
4729	0	6236
4729	1	1285
4730	2	319
4731	0	6221
4731	1	5484
4732	0	7156
4732	1	1473
4733	2	3748
4734	2	288
4735	2	5646
4736	0	433
4736	1	1413
4737	2	3366
4738	0	2780
4738	1	1413
4739	0	2880
4739	1	6656
4740	2	7520
4741	0	7892
4741	1	3061
4742	0	8124
4742	1	4030
4743	0	6054
4743	1	5484
4744	0	3917
4744	1	5484
4745	0	7620
4745	1	3860
4746	0	5541
4746	1	7302
4747	0	4606
4747	1	233
4748	0	223
4748	1	6718
4749	0	2130
4749	1	1413
4750	0	3917
4750	1	6015
4751	0	7197
4751	1	6015
4752	2	650
4753	2	6615
4754	2	2375
4755	2	7675
4756	0	3960
4756	1	8551
4757	0	2655
4757	1	6669
4758	0	433
4758	1	8551
4759	2	6273
4760	0	1135
4760	1	2761
4761	2	5342
4762	0	1895
4762	1	510
4763	0	433
4763	1	8368
4764	0	7826
4764	1	3860
4765	2	3163
4766	2	2165
4767	0	6138
4767	1	3469
4768	0	6138
4768	1	3565
4769	0	5858
4769	1	3945
4770	0	7892
4770	1	1065
4771	0	5541
4771	1	7872
4772	2	5394
4773	0	8602
4773	1	6718
4774	2	4192
4775	2	7808
4776	0	4302
4776	1	5185
4777	2	3904
4778	0	5093
4778	1	3404
4779	0	6011
4779	1	4639
4780	0	7270
4780	1	6110
4781	2	5792
4782	0	668
4782	1	3904
4783	0	5814
4783	1	6767
4784	0	7773
4784	1	6083
4785	2	5472
4786	2	3446
4787	0	8250
4787	1	3904
4788	2	2888
4789	2	6989
4790	0	6294
4790	1	2117
4791	0	919
4791	1	2117
4792	0	5858
4792	1	8225
4793	0	3704
4793	1	6083
4794	0	7392
4794	1	5828
4795	2	5107
4796	0	6337
4796	1	804
4797	2	7289
4798	0	1508
4798	1	560
4799	2	2547
4800	2	6340
4801	0	3327
4801	1	2808
4802	0	2311
4802	1	2755
4803	0	4833
4803	1	2117
4804	0	1672
4804	1	7295
4805	0	5541
4805	1	7295
4806	0	6732
4806	1	2169
4807	0	930
4807	1	283
4808	0	115
4808	1	1843
4809	0	6136
4809	1	6853
4810	0	8124
4810	1	6853
4811	0	5453
4811	1	3451
4812	0	2674
4812	1	5027
4813	0	6138
4813	1	5828
4814	0	986
4814	1	5828
4815	0	7892
4815	1	7050
4816	2	1756
4817	0	1967
4817	1	8368
4818	0	4560
4818	1	4644
4819	2	7228
4820	2	3909
4821	0	919
4821	1	6015
4822	0	2674
4822	1	5630
4823	0	1474
4823	1	6853
4824	2	7587
4825	0	7197
4825	1	1311
4826	2	5256
4827	2	6224
4828	0	1895
4828	1	283
4829	2	5263
4830	0	6136
4830	1	797
4831	0	1254
4831	1	797
4832	0	4664
4832	1	4030
4833	0	2655
4833	1	4030
4834	0	47
4834	1	6663
4835	0	2780
4835	1	6575
4836	2	3247
4837	2	6986
4838	0	237
4838	1	5214
4839	0	7921
4839	1	5539
4840	2	8151
4841	0	5579
4841	1	5736
4842	0	4664
4842	1	5736
4843	2	5966
4844	2	1964
4845	0	1672
4845	1	5420
4846	0	2214
4846	1	6663
4847	0	433
4847	1	5736
4848	2	7097
4849	2	5608
4850	2	6406
4851	0	246
4851	1	3244
4852	2	7024
4853	0	5462
4853	1	3860
4854	2	1728
4855	0	7620
4855	1	1498
4856	2	7652
4857	0	2880
4857	1	5394
4858	0	7809
4858	1	5394
4859	0	7328
4859	1	5214
4860	0	4669
4860	1	7419
4861	2	5239
4862	0	5462
4862	1	2777
4863	0	7892
4863	1	3611
4864	0	5462
4864	1	3399
4865	0	254
4865	1	3399
4866	0	8250
4866	1	1285
4867	0	1214
4867	1	510
4868	0	7892
4868	1	5922
4869	0	2880
4869	1	4100
4870	0	7156
4870	1	1969
4871	0	2439
4871	1	4122
4872	0	6318
4872	1	7739
4873	2	7167
4874	2	833
4875	0	7416
4875	1	5922
4876	0	7839
4876	1	1285
4877	0	3075
4877	1	3564
4878	0	7633
4878	1	355
4879	2	1208
4880	0	673
4880	1	2536
4881	0	3165
4881	1	5420
4882	2	6168
4883	2	7033
4884	0	6294
4884	1	5214
4885	2	2564
4886	0	6221
4886	1	355
4887	0	1258
4887	1	1808
4888	2	4241
4889	2	8575
4890	0	6562
4890	1	3850
4891	0	4833
4891	1	6669
4892	0	358
4892	1	6669
4893	0	4606
4893	1	1560
4894	0	2780
4894	1	1560
4895	0	1672
4895	1	4644
4896	0	2100
4896	1	6015
4897	0	3825
4897	1	8225
4898	2	6372
4899	0	242
4899	1	8225
4900	0	7270
4900	1	4041
4901	0	5799
4901	1	4041
4902	0	7236
4902	1	4545
4903	2	6391
4904	0	7719
4904	1	3404
4905	2	861
4906	2	5275
4907	0	930
4907	1	5828
4908	0	433
4908	1	7419
4909	0	7892
4909	1	7989
4910	0	7270
4910	1	1080
4911	0	1436
4911	1	3956
4912	0	2674
4912	1	3729
4913	2	3579
4914	0	2108
4914	1	7295
4915	0	8265
4915	1	5185
4916	0	4302
4916	1	6920
4917	2	6086
4918	0	7633
4918	1	7509
4919	0	7270
4919	1	8417
4920	0	5103
4920	1	7295
4921	2	1165
4922	0	3601
4922	1	5484
4923	0	3165
4923	1	5828
4924	0	663
4924	1	3244
4925	0	4833
4925	1	6575
4926	0	5579
4926	1	5178
4927	0	1106
4927	1	1285
4928	0	5579
4928	1	4644
4929	0	7809
4929	1	1255
4930	0	7270
4930	1	5832
4931	0	5453
4931	1	858
4932	0	5579
4932	1	6575
4933	0	4833
4933	1	797
4934	2	4757
4935	0	7878
4935	1	5185
4936	0	5093
4936	1	734
4937	0	4833
4937	1	734
4938	2	6940
4939	2	2736
4940	0	2106
4940	1	7295
4941	0	7350
4941	1	7295
4942	2	5571
4943	2	6818
4944	0	7133
4944	1	3850
4945	0	7813
4945	1	2671
4946	0	5353
4946	1	3404
4947	2	9
4948	2	4618
4949	0	7156
4949	1	8225
4950	0	3960
4950	1	8225
4951	2	8431
4952	2	2231
4953	0	7500
4953	1	1255
4954	0	3381
4954	1	2088
4955	0	2311
4955	1	2088
4956	0	4606
4956	1	1498
4957	0	7809
4957	1	1498
4958	0	5579
4958	1	1498
4959	2	3150
4960	2	7431
4961	0	5579
4961	1	8154
4962	0	7633
4962	1	6023
4963	0	7921
4963	1	5922
4964	0	3327
4964	1	4100
4965	2	1822
4966	0	7270
4966	1	8227
4967	0	7633
4967	1	8227
4968	0	3075
4968	1	7739
4969	0	5462
4969	1	688
4970	0	6138
4970	1	8465
4971	0	7892
4971	1	5567
4972	2	3144
4973	0	3825
4973	1	74
4974	2	5371
4975	0	3745
4975	1	4100
4976	0	2655
4976	1	8465
4977	0	4606
4977	1	8465
4978	0	6294
4978	1	7989
4979	0	8250
4979	1	6414
4980	0	2880
4980	1	3404
4981	2	5254
4982	2	770
4983	2	3287
4984	2	5383
4985	2	5430
4986	0	7270
4986	1	4457
4987	2	3357
4988	0	5799
4988	1	8465
4989	2	4384
4990	0	5353
4990	1	7509
4991	2	2652
4992	0	5453
4992	1	4030
4993	0	254
4993	1	4030
4994	0	1258
4994	1	4030
4995	0	2015
4995	1	4030
4996	0	7557
4996	1	5484
4997	0	3825
4997	1	2761
4998	2	736
4999	0	7133
4999	1	2117
5000	2	5932
5001	0	3823
5001	1	8225
5002	2	6089
5003	2	6182
5004	0	4833
5004	1	6015
5005	0	5784
5005	1	3780
5006	0	7809
5006	1	3780
5007	2	1505
5008	2	3925
5009	2	4462
5010	2	8458
5011	0	6294
5011	1	4041
5012	2	5800
5013	2	3166
5014	0	5579
5014	1	5539
5015	0	7633
5015	1	797
5016	2	1356
5017	0	1672
5017	1	4041
5018	0	2130
5018	1	4030
5019	0	3093
5019	1	3244
5020	0	2130
5020	1	464
5021	0	7809
5021	1	464
5022	0	7236
5022	1	3945
5023	0	2880
5023	1	5695
5024	0	1508
5024	1	8029
5025	2	5141
5026	0	3581
5026	1	5500
5027	0	1436
5027	1	5539
5028	0	2655
5028	1	5178
5029	0	6138
5029	1	2088
5030	0	919
5030	1	2761
5031	0	4135
5031	1	797
5032	2	7199
5033	2	1805
5034	2	5270
5035	0	5799
5035	1	4122
5036	2	4099
5037	0	1474
5037	1	5500
5038	0	2917
5038	1	5500
5039	0	6221
5039	1	5500
5040	0	4566
5040	1	3469
5041	2	2739
5042	2	8510
5043	0	7878
5043	1	5500
5044	0	14
5044	1	804
5045	0	6011
5045	1	804
5046	0	7328
5046	1	4816
5047	0	8237
5047	1	8188
5048	2	5978
5049	0	5093
5049	1	797
5050	0	6562
5050	1	804
5051	0	1508
5051	1	804
5052	0	403
5052	1	2117
5053	0	3165
5053	1	1065
5054	0	433
5054	1	1065
5055	0	433
5055	1	213
5056	0	2108
5056	1	6575
5057	0	7270
5057	1	1843
5058	0	4566
5058	1	5798
5059	2	460
5060	2	4040
5061	2	2806
5062	2	2708
5063	2	7814
5064	2	6804
5065	2	3502
5066	2	5191
5067	0	2941
5067	1	797
5068	2	5402
5069	0	1135
5069	1	797
5070	0	5858
5070	1	797
5071	0	5233
5071	1	5832
5072	0	1258
5072	1	5832
5073	2	2045
5074	0	7500
5074	1	3404
5075	2	5890
5076	0	4606
5076	1	7652
5077	2	6442
5078	2	5864
5079	0	2880
5079	1	1843
5080	0	3917
5080	1	797
5081	0	5541
5081	1	797
5082	0	2439
5082	1	797
5083	0	3704
5083	1	797
5084	2	5829
5085	0	254
5085	1	1838
5086	0	1288
5086	1	6718
5087	0	5093
5087	1	1791
5088	0	3381
5088	1	73
5089	2	4051
5090	0	6795
5090	1	2761
5091	0	5183
5091	1	2761
5092	2	5897
5093	2	4172
5094	0	2636
5094	1	6718
5095	0	8250
5095	1	283
5096	0	6337
5096	1	4644
5097	0	8351
5097	1	6718
5098	0	5103
5098	1	4639
5099	2	4653
5100	0	5103
5100	1	804
5101	0	983
5101	1	804
5102	0	2333
5102	1	2966
5103	0	2769
5103	1	3860
5104	0	4888
5104	1	6718
5105	0	174
5105	1	6718
5106	0	7813
5106	1	6718
5107	2	890
5108	0	2655
5108	1	4644
5109	0	617
5109	1	4644
5110	0	433
5110	1	3729
5111	0	115
5111	1	3729
5112	0	3445
5112	1	797
5113	0	1801
5113	1	1285
5114	2	122
5115	0	1254
5115	1	4545
5116	2	1318
5117	0	1258
5117	1	6257
5118	2	6257
5119	0	5462
5119	1	283
5120	2	4372
5121	2	4494
5122	0	7826
5122	1	4545
5123	0	5541
5123	1	4545
5124	0	4833
5124	1	4269
5125	0	3027
5125	1	2117
5126	2	1130
5127	0	6459
5127	1	8465
5128	2	5117
5129	0	433
5129	1	5798
5130	0	47
5130	1	1960
5131	0	5541
5131	1	1960
5132	2	1335
5133	2	7134
5134	0	5468
5134	1	560
5135	2	7691
5136	0	7620
5136	1	2169
5137	0	3327
5137	1	797
5138	2	1016
5139	2	8637
5140	2	3051
5141	2	4009
5142	2	5126
5143	0	4302
5143	1	3850
5144	2	2700
5145	2	1232
5146	0	1258
5146	1	6853
5147	0	5453
5147	1	6853
5148	0	254
5148	1	3564
5149	2	5179
5150	0	462
5150	1	283
5151	2	7798
5152	2	6299
5153	0	3825
5153	1	6718
5154	2	7190
5155	0	4084
5155	1	3244
5156	2	7148
5157	0	8237
5157	1	7050
5158	2	7744
5159	2	4216
5160	0	3917
5160	1	3564
5161	2	647
5162	2	6652
5163	0	2311
5163	1	3882
5164	0	254
5164	1	2755
5165	0	1258
5165	1	3451
5166	0	3644
5166	1	5484
5167	0	2655
5167	1	6594
5168	0	2880
5168	1	6663
5169	0	2297
5169	1	364
5170	2	6044
5171	2	3100
5172	0	4663
5172	1	3451
5173	0	673
5173	1	1560
5174	0	6337
5174	1	7904
5175	0	7500
5175	1	1838
5176	0	242
5176	1	1838
5177	2	79
5178	0	3381
5178	1	1838
5179	0	6459
5179	1	8526
5180	0	2311
5180	1	510
5181	0	3327
5181	1	6015
5182	0	5233
5182	1	1080
5183	0	7270
5183	1	5394
5184	0	663
5184	1	5394
5185	2	4543
5186	2	1984
5187	0	7921
5187	1	8154
5188	2	8548
5189	0	3581
5189	1	2777
5190	2	1144
5191	0	668
5191	1	3564
5192	0	223
5192	1	4122
5193	0	5579
5193	1	5760
5194	0	254
5194	1	5760
5195	0	4060
5195	1	2355
5196	0	3165
5196	1	2355
5197	0	2941
5197	1	804
5198	0	1474
5198	1	3564
5199	0	4606
5199	1	2307
5200	2	5262
5201	0	3381
5201	1	3404
5202	2	5169
5203	2	8344
5204	0	5562
5204	1	1285
5205	0	5093
5205	1	5185
5206	0	4113
5206	1	2117
5207	0	7892
5207	1	1838
5208	2	8442
5209	0	5541
5209	1	3565
5210	0	1672
5210	1	2777
5211	0	8191
5211	1	355
5212	0	6138
5212	1	1838
5213	2	4439
5214	0	1895
5214	1	287
5215	0	7892
5215	1	3399
5216	0	5453
5216	1	648
5217	0	1436
5217	1	2117
5218	0	8124
5218	1	6083
5219	0	7118
5219	1	7739
5220	0	1254
5220	1	3061
5221	0	8250
5221	1	3061
5222	2	5906
5223	2	6990
5224	2	7513
5225	2	3209
5226	2	215
5227	0	47
5227	1	3882
5228	0	3745
5228	1	6083
5229	2	5211
5230	0	2880
5230	1	1838
5231	2	5987
5232	0	1474
5232	1	7424
5233	0	6294
5233	1	4030
5234	2	3513
5235	2	4702
5236	0	8124
5236	1	2777
5237	0	1258
5237	1	5185
5238	0	2015
5238	1	5185
5239	0	3093
5239	1	560
5240	0	3381
5240	1	4041
5241	0	433
5241	1	5539
5242	0	663
5242	1	8188
5243	2	7389
5244	2	6430
5245	2	2814
5246	0	2100
5246	1	1808
5247	2	5111
5248	0	2674
5248	1	4644
5249	0	3327
5249	1	4644
5250	2	4912
5251	2	8024
5252	0	3581
5252	1	3564
5253	0	3165
5253	1	3564
5254	2	1398
5255	2	939
5256	0	2297
5256	1	1838
5257	0	2655
5257	1	3244
5258	0	5103
5258	1	4230
5259	0	433
5259	1	8154
5260	2	5390
5261	2	58
5262	2	183
5263	0	2880
5263	1	2307
5264	2	4585
5265	0	6221
5265	1	3956
5266	0	2674
5266	1	3956
5267	0	5103
5267	1	4457
5268	0	5784
5268	1	4457
5269	0	7132
5269	1	4030
5270	0	2655
5270	1	2148
5271	0	4606
5271	1	2148
5272	0	2706
5272	1	648
5273	0	2015
5273	1	8549
5274	0	7416
5274	1	4100
5275	2	6277
5276	0	2780
5276	1	1205
5277	2	6462
5278	0	8250
5278	1	5646
5279	0	5434
5279	1	7989
5280	0	1436
5280	1	3850
5281	2	6857
5282	0	2333
5282	1	2169
5283	2	3608
5284	0	2574
5284	1	2088
5285	0	6011
5285	1	1808
5286	0	7557
5286	1	1255
5287	0	7229
5287	1	6718
5288	2	4779
5289	2	7482
5290	0	6337
5290	1	2169
5291	2	4520
5292	0	5353
5292	1	2777
5293	0	246
5293	1	2777
5294	2	7462
5295	0	4663
5295	1	931
5296	0	6171
5296	1	804
5297	0	5799
5297	1	804
5298	0	5353
5298	1	560
5299	2	4413
5300	0	4060
5300	1	560
5301	0	175
5301	1	560
5302	2	4514
5303	2	2372
5304	0	6337
5304	1	2117
5305	2	3301
5306	0	2130
5306	1	3469
5307	2	8001
5308	2	3808
5309	0	5799
5309	1	3565
5310	0	4642
5310	1	3565
5311	0	3445
5311	1	2892
5312	2	7743
5313	0	5353
5313	1	1808
5314	0	3337
5314	1	283
5315	0	7500
5315	1	8183
5316	0	174
5316	1	2098
5317	0	8251
5317	1	688
5318	2	8313
5319	2	3080
5320	2	7800
5321	0	6138
5321	1	5500
5322	2	4482
5323	0	242
5323	1	2307
5324	0	3960
5324	1	2307
5325	2	8584
5326	0	5698
5326	1	1791
5327	0	223
5327	1	3469
5328	2	4097
5329	0	7633
5329	1	4457
5330	0	4833
5330	1	2892
5331	2	1928
5332	0	1258
5332	1	8188
5333	2	2095
5334	0	1679
5334	1	6718
5335	2	4808
5336	2	3377
5337	0	3704
5337	1	7419
5338	0	5233
5338	1	6853
5339	2	4197
5340	2	7965
5341	2	4601
5342	0	5858
5342	1	1808
5343	2	333
5344	0	47
5344	1	2761
5345	0	3581
5345	1	2098
5346	2	2819
5347	0	7500
5347	1	7295
5348	0	6011
5348	1	5500
5349	0	3445
5349	1	7077
5350	0	254
5350	1	5500
5351	2	1879
5352	0	983
5352	1	1375
5353	0	6011
5353	1	1375
5354	0	7270
5354	1	1375
5355	0	2655
5355	1	648
5356	2	8013
5357	2	6843
5358	2	5944
5359	0	2407
5359	1	2307
5360	0	2706
5360	1	7295
5361	0	2674
5361	1	6853
5362	0	7137
5362	1	3860
5363	0	2311
5363	1	3860
5364	0	2710
5364	1	510
5365	0	2106
5365	1	1375
5366	2	5405
5367	0	663
5367	1	688
5368	0	5541
5368	1	6257
5369	2	6736
5370	0	1967
5370	1	560
5371	0	2710
5371	1	6718
5372	0	2001
5372	1	5185
5373	2	3011
5374	0	2333
5374	1	510
5375	2	4523
5376	0	3165
5376	1	6015
5377	0	2333
5377	1	283
5378	0	5541
5378	1	8551
5379	0	7349
5379	1	8551
5380	0	2333
5380	1	1080
5381	0	663
5381	1	1285
5382	0	7892
5382	1	8177
5383	2	2960
5384	2	8617
5385	2	300
5386	0	3327
5386	1	4545
5387	0	5337
5387	1	6199
5388	0	7892
5388	1	5736
5389	0	2577
5389	1	4545
5390	0	4606
5390	1	287
5391	2	1157
5392	0	1508
5392	1	8368
5393	0	1672
5393	1	6920
5394	0	6138
5394	1	5420
5395	2	1216
5396	0	2743
5396	1	2088
5397	0	2130
5397	1	2088
5398	0	433
5398	1	2088
5399	0	983
5399	1	6015
5400	2	531
5401	0	6011
5401	1	8368
5402	0	2100
5402	1	1960
5403	2	7547
5404	0	5353
5404	1	1960
5405	0	2333
5405	1	1838
5406	0	5353
5406	1	510
5407	2	4379
5408	2	957
5409	0	6221
5409	1	2755
5410	2	6604
5411	0	6294
5411	1	510
5412	0	6294
5412	1	8368
5413	2	6757
5414	0	930
5414	1	560
5415	0	1967
5415	1	6110
5416	0	7392
5416	1	2808
5417	0	6221
5417	1	2808
5418	2	2533
5419	2	4933
5420	2	7067
5421	0	1436
5421	1	6853
5422	2	7101
5423	0	3075
5423	1	5828
5424	2	3078
5425	2	4263
5426	0	1672
5426	1	5539
5427	2	1674
5428	0	4664
5428	1	2307
5429	2	7006
5430	0	7500
5430	1	2307
5431	2	7860
5432	2	4136
5433	0	1672
5433	1	2808
5434	0	4473
5434	1	3860
5435	2	1635
5436	0	5541
5436	1	3564
5437	0	254
5437	1	4100
5438	0	2015
5438	1	2117
5439	0	5233
5439	1	3945
5440	0	3165
5440	1	6083
5441	0	5799
5441	1	5736
5442	2	6107
5443	2	4985
5444	2	4424
5445	0	5541
5445	1	8465
5446	0	47
5446	1	1413
5447	0	2100
5447	1	1413
5448	0	5424
5448	1	6853
5449	0	4302
5449	1	6083
5450	0	6171
5450	1	6083
5451	0	6562
5451	1	6083
5452	2	4389
5453	2	750
5454	2	829
5455	2	5821
5456	2	5718
5457	0	6011
5457	1	518
5458	0	7892
5458	1	3244
5459	0	8237
5459	1	6083
5460	0	7545
5460	1	8368
5461	2	6413
5462	0	1672
5462	1	7424
5463	0	3165
5463	1	7424
5464	0	5541
5464	1	718
5465	2	6429
5466	2	8135
5467	2	4108
5468	0	2106
5468	1	2148
5469	0	4606
5469	1	3729
5470	0	254
5470	1	3729
5471	0	6221
5471	1	797
5472	0	4560
5472	1	283
5473	2	1714
5474	0	3437
5474	1	124
5475	2	124
5476	0	2106
5476	1	6669
5477	2	4118
5478	0	5799
5478	1	6083
5479	2	198
5480	2	3546
5481	0	2956
5481	1	4100
5482	0	4060
5482	1	1969
5483	0	2655
5483	1	2777
5484	0	1763
5484	1	2777
5485	2	5984
5486	2	2191
5487	2	4362
5488	0	14
5488	1	7904
5489	0	5093
5489	1	5695
5490	2	2222
5491	0	2655
5491	1	858
5492	0	5579
5492	1	2777
5493	0	6459
5493	1	4122
5494	2	3730
5495	0	5453
5495	1	6993
5496	0	7500
5496	1	1969
5497	2	45
5498	0	5468
5498	1	3564
5499	2	3569
5500	0	2880
5500	1	2088
5501	0	3381
5501	1	5828
5502	2	5736
5503	2	715
5504	2	635
5505	2	1790
5506	0	2655
5506	1	1080
5507	0	2106
5507	1	2755
5508	0	5453
5508	1	2355
5509	0	7270
5509	1	2307
5510	0	8265
5510	1	2307
5511	2	961
5512	0	433
5512	1	1375
5513	0	4606
5513	1	1375
5514	0	5858
5514	1	1080
5515	0	5579
5515	1	7424
5516	0	7270
5516	1	931
5517	0	6337
5517	1	6015
5518	2	2185
5519	2	6741
5520	0	2880
5520	1	5798
5521	0	3644
5521	1	5420
5522	0	8036
5522	1	7739
5523	2	7664
5524	0	47
5524	1	8188
5525	0	5353
5525	1	6575
5526	0	223
5526	1	6575
5527	2	2830
5528	0	5353
5528	1	3565
5529	0	4560
5529	1	5828
5530	0	7137
5530	1	1285
5531	2	3628
5532	2	1431
5533	0	7633
5533	1	3956
5534	2	4604
5535	2	8491
5536	0	5319
5536	1	6083
5537	0	3381
5537	1	5420
5538	2	1462
5539	0	7270
5539	1	2012
5540	0	2130
5540	1	6083
5541	2	1321
5542	0	1436
5542	1	2777
5543	2	4174
5544	2	5682
5545	2	3265
5546	2	7597
5547	0	1672
5547	1	7179
5548	0	2880
5548	1	7179
5549	0	3917
5549	1	7872
5550	2	1344
5551	2	2149
5552	2	3298
5553	2	551
5554	0	5814
5554	1	5943
5555	2	8603
5556	0	3165
5556	1	5567
5557	0	4135
5557	1	5922
5558	0	2333
5558	1	688
5559	0	2674
5559	1	3061
5560	0	668
5560	1	3061
5561	0	6138
5561	1	6767
5562	0	5462
5562	1	355
5563	2	4032
5564	2	3439
5565	2	192
5566	0	1508
5566	1	6920
5567	0	4302
5567	1	7302
5568	0	4566
5568	1	518
5569	0	2655
5569	1	5943
5570	0	4606
5570	1	1205
5571	2	3586
5572	2	8292
5573	0	3381
5573	1	2307
5574	0	8493
5574	1	1808
5575	0	5103
5575	1	1808
5576	0	7500
5576	1	8154
5577	0	5093
5577	1	688
5578	0	3093
5578	1	688
5579	2	6768
5580	0	7500
5580	1	233
5581	2	446
5582	0	6337
5582	1	4545
5583	0	47
5583	1	688
5584	2	4632
5585	2	920
5586	0	1436
5586	1	6083
5587	2	6483
5588	2	5844
5589	0	3206
5589	1	4100
5590	0	4669
5590	1	4644
5591	2	6671
5592	2	5874
5593	0	4664
5593	1	560
5594	0	4664
5594	1	601
5595	2	2363
5596	0	2674
5596	1	8465
5597	0	8281
5597	1	797
5598	0	433
5598	1	1498
5599	0	5103
5599	1	355
5600	2	6251
5601	2	3616
5602	0	553
5602	1	5758
5603	2	5030
5604	0	7809
5604	1	7941
5605	0	7270
5605	1	6656
5606	0	5103
5606	1	6656
5607	0	4266
5607	1	3451
5608	2	4031
5609	2	1772
5610	2	6141
5611	2	768
5612	0	433
5612	1	1960
5613	0	3093
5613	1	2761
5614	0	8250
5614	1	7077
5615	2	3309
5616	0	2333
5616	1	7419
5617	2	3648
5618	0	4664
5618	1	7509
5619	0	6732
5619	1	1473
5620	0	1508
5620	1	2122
5621	0	5353
5621	1	3564
5622	0	7500
5622	1	3451
5623	2	417
5624	2	2342
5625	0	7118
5625	1	4816
5626	2	5340
5627	0	5233
5627	1	7872
5628	2	1083
5629	0	6526
5629	1	8188
5630	2	2635
5631	0	1135
5631	1	3404
5632	0	7921
5632	1	1080
5633	2	3890
5634	0	2674
5634	1	718
5635	0	7251
5635	1	3989
5636	2	6935
5637	0	8644
5637	1	1984
5638	2	143
5639	0	2880
5639	1	7904
5640	2	6292
5641	2	2085
5642	0	7133
5642	1	6718
5643	2	2166
5644	0	7839
5644	1	1860
5645	0	7839
5645	1	5828
5646	2	2005
5647	0	8348
5647	1	6718
5648	2	1088
5649	0	3704
5649	1	3860
5650	0	8191
5650	1	6718
5651	2	447
5652	2	1825
5653	0	1899
5653	1	6718
5654	0	2880
5654	1	5630
5655	0	3960
5655	1	5500
5656	2	438
5657	2	3788
5658	2	2675
5659	2	6844
5660	0	4302
5660	1	2671
5661	0	4560
5661	1	6718
5662	2	8589
5663	0	7270
5663	1	234
5664	0	487
5664	1	234
5665	0	4135
5665	1	5500
5666	0	2956
5666	1	510
5667	2	2672
5668	2	8025
5669	2	1883
5670	0	7892
5670	1	5630
5671	0	3960
5671	1	510
5672	2	7529
5673	0	246
5673	1	648
5674	2	6214
5675	0	4135
5675	1	3565
5676	0	5863
5676	1	648
5677	0	5573
5677	1	6083
5678	0	2130
5678	1	804
5679	2	2665
5680	0	3027
5680	1	1791
5681	0	2880
5681	1	1969
5682	0	7892
5682	1	3469
5683	0	7197
5683	1	6853
5684	0	656
5684	1	3404
5685	0	7633
5685	1	7933
5686	2	971
5687	0	8237
5687	1	1930
5688	0	2106
5688	1	3945
5689	0	2333
5689	1	8368
5690	0	5353
5690	1	518
5691	2	3251
5692	0	433
5692	1	518
5693	0	7878
5693	1	5178
5694	2	2506
5695	0	7878
5695	1	8225
5696	2	2726
5697	0	5579
5697	1	5185
5698	0	1672
5698	1	5185
5699	2	3184
5700	0	3791
5700	1	560
5701	0	3517
5701	1	560
5702	2	8097
5703	2	6187
5704	0	6698
5704	1	6718
5705	0	8319
5705	1	6718
5706	2	2694
5707	2	2740
5708	0	7809
5708	1	234
5709	0	7500
5709	1	5922
5710	2	5923
5711	2	6777
5712	0	5103
5712	1	4578
5713	2	8158
5714	0	5573
5714	1	1285
5715	0	7892
5715	1	2671
5716	0	6236
5716	1	4545
5717	0	433
5717	1	4545
5718	0	3165
5718	1	4545
5719	2	5649
5720	0	1258
5720	1	4545
5721	0	7892
5721	1	4545
5722	2	1055
5723	0	2001
5723	1	5420
5724	2	5502
5725	0	8237
5725	1	2088
5726	0	6221
5726	1	2088
5727	2	7041
5728	2	2759
5729	0	919
5729	1	1285
5730	2	6261
5731	0	5233
5731	1	3860
5732	0	7270
5732	1	5918
5733	0	3381
5733	1	1080
5734	2	8560
5735	2	7661
5736	0	7156
5736	1	2777
5737	0	5799
5737	1	1285
5738	2	835
5739	0	5863
5739	1	3860
5740	2	4990
5741	2	1698
5742	0	5858
5742	1	6920
5743	2	8633
5744	2	2872
5745	0	2706
5745	1	688
5746	0	5858
5746	1	3860
5747	0	2204
5747	1	5736
5748	0	1258
5748	1	5736
5749	0	7499
5749	1	5736
5750	0	8237
5750	1	5736
5751	2	5423
5752	2	3289
5753	0	5103
5753	1	2346
5754	0	1258
5754	1	2346
5755	0	4833
5755	1	4221
5756	2	6097
5757	2	6154
5758	0	6221
5758	1	7739
5759	0	4899
5759	1	7739
5760	2	3015
5761	0	242
5761	1	6015
5762	0	7500
5762	1	283
5763	0	4606
5763	1	718
5764	0	358
5764	1	2088
5765	2	112
5766	0	2655
5766	1	6015
5767	2	4359
5768	2	704
5769	0	7892
5769	1	7652
5770	2	3542
5771	2	6751
5772	0	2706
5772	1	1969
5773	0	7633
5773	1	3645
5774	2	3741
5775	0	5103
5775	1	5394
5776	0	5462
5776	1	2536
5777	2	2536
5778	2	7382
5779	2	1037
5780	0	5233
5780	1	6015
5781	0	4664
5781	1	6663
5782	0	8250
5782	1	6735
5783	2	5822
5784	0	5103
5784	1	2169
5785	2	6531
5786	0	5007
5786	1	1285
5787	0	1672
5787	1	5178
5788	0	4669
5788	1	6718
5789	2	6765
5790	0	2297
5790	1	510
5791	0	5573
5791	1	4816
5792	0	5103
5792	1	3061
5793	0	2880
5793	1	5500
5794	2	6282
5795	2	5050
5796	0	5174
5796	1	7424
5797	0	4855
5797	1	6993
5798	0	5353
5798	1	5539
5799	0	7892
5799	1	3578
5800	0	7137
5800	1	5420
5801	0	3581
5801	1	5758
5802	2	632
5803	2	3829
5804	0	2106
5804	1	4030
5805	0	3381
5805	1	6199
5806	2	5029
5807	0	7892
5807	1	287
5808	0	5462
5808	1	7419
5809	0	6011
5809	1	6083
5810	0	8237
5810	1	560
5811	2	2817
5812	0	7156
5812	1	3564
5813	0	5858
5813	1	5828
5814	0	6795
5814	1	4578
5815	0	3027
5815	1	6718
5816	2	7571
5817	2	3063
5818	0	3601
5818	1	3187
5819	0	2130
5819	1	1473
5820	0	7633
5820	1	1473
5821	0	4888
5821	1	1838
5822	0	4664
5822	1	8526
5823	0	1474
5823	1	6083
5824	0	1258
5824	1	4861
5825	2	1652
5826	2	4934
5827	0	3581
5827	1	8444
5828	0	5698
5828	1	283
5829	2	3060
5830	0	7892
5830	1	1560
5831	2	4047
5832	0	2106
5832	1	4545
5833	0	656
5833	1	4545
5834	2	6314
5835	2	6982
5836	0	4135
5836	1	6199
5837	0	462
5837	1	2012
5838	0	5541
5838	1	5995
5839	0	2015
5839	1	5995
5840	0	1508
5840	1	1285
5841	0	2674
5841	1	4230
5842	0	3704
5842	1	4230
5843	0	7270
5843	1	4230
5844	2	2448
5845	2	7012
5846	0	4606
5846	1	3061
5847	0	6447
5847	1	3061
5848	2	6408
5849	0	7892
5849	1	4816
5850	2	4411
5851	0	7251
5851	1	3564
5852	0	7270
5852	1	7424
5853	0	7839
5853	1	7424
5854	0	2551
5854	1	2199
5855	2	3832
5856	0	433
5856	1	234
5857	0	225
5857	1	3860
5858	2	391
5859	2	3506
5860	2	3408
5861	0	3581
5861	1	4644
5862	0	4833
5862	1	3578
5863	0	4606
5863	1	7872
5864	0	5858
5864	1	1274
5865	0	5579
5865	1	6767
5866	0	8191
5866	1	2761
5867	2	3116
5868	2	4976
5869	0	7912
5869	1	3882
5870	2	7496
5871	0	7633
5871	1	804
5872	2	2691
5873	0	47
5873	1	4100
5874	0	3165
5874	1	4100
5875	0	2015
5875	1	1930
5876	0	7878
5876	1	1930
5877	2	1200
5878	2	2466
5879	2	3479
5880	0	7137
5880	1	4100
5881	2	3677
5882	0	7292
5882	1	3780
5883	0	5201
5883	1	3780
5884	0	7270
5884	1	3780
5885	2	4285
5886	2	3780
5887	0	3581
5887	1	7295
5888	2	5298
5889	2	1827
5890	0	433
5890	1	7951
5891	2	3250
5892	0	2100
5892	1	5420
5893	0	2106
5893	1	5500
5894	2	468
5895	0	3601
5895	1	5500
5896	0	5698
5896	1	5500
5897	2	4184
5898	2	1644
5899	2	3591
5900	0	2100
5900	1	830
5901	2	815
5902	0	5462
5902	1	8188
5903	0	1967
5903	1	8188
5904	2	8433
5905	0	8644
5905	1	1438
5906	0	6135
5906	1	8188
5907	2	554
5908	0	7270
5908	1	1274
5909	0	5579
5909	1	6015
5910	0	1801
5910	1	1080
5911	2	4613
5912	0	4113
5912	1	6718
5913	2	6533
5914	2	626
5915	0	7444
5915	1	5500
5916	0	2106
5916	1	3404
5917	0	3307
5917	1	6083
5918	2	2507
5919	2	5064
5920	0	6011
5920	1	3789
5921	0	7921
5921	1	510
5922	0	93
5922	1	510
5923	2	7284
5924	0	7697
5924	1	648
5925	0	3917
5925	1	648
5926	0	7633
5926	1	648
5927	2	1956
5928	0	2880
5928	1	648
5929	0	7813
5929	1	648
5930	0	5814
5930	1	560
5931	2	4634
5932	0	1895
5932	1	3469
5933	2	4483
5934	2	7222
5935	0	1258
5935	1	3404
5936	0	7892
5936	1	1498
5937	0	5462
5937	1	8551
5938	2	3884
5939	0	1801
5939	1	4816
5940	2	1602
5941	2	5271
5942	2	1708
5943	0	4135
5943	1	4545
5944	2	1308
5945	2	7146
5946	0	2015
5946	1	2966
5947	0	7197
5947	1	5252
5948	0	225
5948	1	6718
5949	0	433
5949	1	3059
5950	0	7270
5950	1	3059
5951	0	433
5951	1	6656
5952	0	2780
5952	1	6656
5953	2	8403
5954	0	930
5954	1	3564
5955	0	4606
5955	1	3611
5956	0	5434
5956	1	3611
5957	2	8262
5958	2	8519
5959	2	4626
5960	2	1312
5961	0	223
5961	1	1285
5962	2	8039
5963	0	3445
5963	1	1285
5964	0	3445
5964	1	5217
5965	0	8319
5965	1	1285
5966	0	663
5966	1	560
5967	2	4345
5968	0	7500
5968	1	1187
5969	0	7270
5969	1	1205
5970	0	7633
5970	1	1205
5971	2	6399
5972	0	6732
5972	1	6853
5973	2	7386
5974	0	1258
5974	1	6110
5975	2	4267
5976	0	8191
5976	1	2755
5977	2	6341
5978	0	1106
5978	1	4510
5979	0	1508
5979	1	2088
5980	2	4089
5981	2	4875
5982	0	5093
5982	1	1960
5983	0	3381
5983	1	1960
5984	2	758
5985	0	1508
5985	1	2808
5986	0	5193
5986	1	2088
5987	0	663
5987	1	2169
5988	0	3389
5988	1	6015
5989	0	7874
5989	1	283
5990	0	403
5990	1	560
5991	0	93
5991	1	560
5992	0	4135
5992	1	1838
5993	0	2130
5993	1	1930
5994	2	4348
5995	2	8502
5996	0	433
5996	1	2808
5997	0	663
5997	1	2808
5998	2	4898
5999	2	3567
6000	2	3897
6001	2	5570
6002	0	3823
6002	1	3860
6003	2	2405
6004	0	4135
6004	1	3244
6005	0	2106
6005	1	6110
6006	2	7582
6007	0	3165
6007	1	1375
6008	0	7754
6008	1	6083
6009	2	1770
6010	2	3809
6011	2	8429
6012	2	1389
6013	2	3069
6014	0	7633
6014	1	364
6015	0	3444
6015	1	6083
6016	0	7270
6016	1	3611
6017	0	7620
6017	1	6575
6018	2	1657
6019	2	4863
6020	2	7592
6021	2	2557
6022	0	7693
6022	1	6015
6023	0	3275
6023	1	3451
6024	0	7878
6024	1	7730
6025	2	1202
6026	0	5353
6026	1	7295
6027	2	180
6028	0	4084
6028	1	4030
6029	0	6547
6029	1	4030
6030	2	509
6031	2	4475
6032	0	242
6032	1	233
6033	0	7758
6033	1	233
6034	2	1353
6035	0	5233
6035	1	1560
6036	0	5579
6036	1	4545
6037	0	1254
6037	1	2012
6038	0	5541
6038	1	8549
6039	0	2674
6039	1	2148
6040	0	5337
6040	1	510
6041	0	7349
6041	1	7739
6042	2	7590
6043	0	3165
6043	1	804
6044	0	1672
6044	1	3564
6045	2	3424
6046	0	3601
6046	1	6015
6047	0	2311
6047	1	8227
6048	0	5799
6048	1	8227
6049	2	5459
6050	0	4664
6050	1	1838
6051	2	512
6052	0	5799
6052	1	6669
6053	0	433
6053	1	4230
6054	2	2915
6055	0	3601
6055	1	6663
6056	0	6337
6056	1	3174
6057	0	2130
6057	1	688
6058	2	3212
6059	0	1508
6059	1	688
6060	0	3310
6060	1	7302
6061	0	7892
6061	1	2088
6062	0	5462
6062	1	2671
6063	2	7996
6064	0	7839
6064	1	6083
6065	0	2311
6065	1	7302
6066	0	3430
6066	1	283
6067	0	7892
6067	1	233
6068	2	6378
6069	0	2297
6069	1	7419
6070	2	664
6071	0	3381
6071	1	233
6072	2	5552
6073	0	2880
6073	1	7941
6074	2	7941
6075	0	7633
6075	1	7941
6076	2	4130
6077	0	3445
6077	1	6663
6078	0	2297
6078	1	4510
6079	2	5386
6080	2	5805
6081	0	5579
6081	1	4457
6082	0	14
6082	1	4545
6083	0	2674
6083	1	7730
6084	2	8137
6085	0	7809
6085	1	4484
6086	2	1085
6087	0	2633
6087	1	3564
6088	0	6577
6088	1	2169
6089	0	8366
6089	1	7081
6090	2	2151
6091	0	7270
6091	1	7872
6092	0	3327
6092	1	4230
6093	0	4606
6093	1	234
6094	2	3756
6095	2	2554
6096	0	7156
6096	1	5500
6097	0	4888
6097	1	1560
6098	0	433
6098	1	1560
6099	0	4833
6099	1	5500
6100	2	5173
6101	0	7328
6101	1	6669
6102	0	4135
6102	1	3174
6103	0	358
6103	1	3174
6104	2	7834
6105	2	5990
6106	0	246
6106	1	688
6107	0	5103
6107	1	5995
6108	2	3932
6109	2	7318
6110	2	4571
6111	2	6745
6112	0	6236
6112	1	4578
6113	0	2106
6113	1	4100
6114	0	6732
6114	1	1560
6115	0	5353
6115	1	1473
6116	0	6285
6116	1	4644
6117	0	8237
6117	1	5943
6118	2	6105
6119	0	1672
6119	1	4030
6120	2	4217
6121	2	745
6122	2	8110
6123	0	5579
6123	1	3611
6124	0	6221
6124	1	3611
6125	0	3389
6125	1	648
6126	0	3825
6126	1	5695
6127	0	7813
6127	1	7424
6128	0	5233
6128	1	8551
6129	2	6951
6130	0	7921
6130	1	1838
6131	2	7637
6132	0	7197
6132	1	560
6133	0	6011
6133	1	4030
6134	0	7137
6134	1	4816
6135	2	7760
6136	0	4663
6136	1	283
6137	0	5573
6137	1	4030
6138	0	6221
6138	1	2966
6139	2	7694
6140	2	5187
6141	2	4203
6142	0	246
6142	1	6083
6143	0	5233
6143	1	4230
6144	2	375
6145	0	47
6145	1	5736
6146	0	5541
6146	1	5736
6147	0	5541
6147	1	1968
6148	0	8250
6148	1	3451
6149	2	5044
6150	2	7475
6151	0	6795
6151	1	283
6152	2	5194
6153	0	656
6153	1	6015
6154	2	2000
6155	0	3430
6155	1	6718
6156	2	6243
6157	2	5988
6158	0	2743
6158	1	2117
6159	2	5744
6160	2	2367
6161	0	6137
6161	1	5500
6162	0	2204
6162	1	4918
6163	0	2710
6163	1	5500
6164	0	668
6164	1	5646
6165	0	1672
6165	1	4510
6166	0	668
6166	1	3989
6167	0	7609
6167	1	3404
6168	2	1832
6169	0	3917
6169	1	283
6170	0	5353
6170	1	6669
6171	0	246
6171	1	6669
6172	2	8125
6173	0	1738
6173	1	648
6174	0	4664
6174	1	648
6175	0	7921
6175	1	648
6176	0	2956
6176	1	3565
6177	0	47
6177	1	6669
6178	0	7156
6178	1	6669
6179	0	433
6179	1	5995
6180	2	2695
6181	2	6756
6182	2	6463
6183	0	2100
6183	1	931
6184	2	708
6185	2	6460
6186	2	2681
6187	2	2728
6188	0	47
6188	1	6853
6189	2	7371
6190	2	3716
6191	2	4373
6192	2	611
6193	0	2674
6193	1	1274
6194	0	5468
6194	1	2117
6195	0	47
6195	1	1473
6196	0	7809
6196	1	6257
6197	0	6221
6197	1	5420
6198	2	3153
6199	0	2333
6199	1	7081
6200	2	2677
6201	0	1258
6201	1	7419
6202	0	5468
6202	1	5567
6203	0	7809
6203	1	5567
6204	0	8326
6204	1	5828
6205	0	5579
6205	1	7050
6206	2	2123
6207	0	2674
6207	1	4484
6208	0	5541
6208	1	7282
6209	0	5799
6209	1	2755
6210	0	5573
6210	1	5484
6211	2	7655
6212	0	5193
6212	1	3860
6213	2	6961
6214	0	6171
6214	1	1375
6215	0	2333
6215	1	8551
6216	2	3358
6217	2	1439
6218	0	7892
6218	1	3117
6219	2	8056
6220	0	5579
6220	1	4816
6221	0	3644
6221	1	8368
6222	0	6011
6222	1	1560
6223	0	47
6223	1	7424
6224	2	7596
6225	2	4745
6226	0	1436
6226	1	4545
6227	2	1961
6228	0	4266
6228	1	233
6229	2	4866
6230	2	1615
6231	2	8066
6232	2	5354
6233	2	3602
6234	0	8250
6234	1	3564
6235	0	3537
6235	1	8549
6236	0	5799
6236	1	5828
6237	0	6138
6237	1	2755
6238	0	934
6238	1	1930
6239	0	3327
6239	1	1930
6240	0	8124
6240	1	5922
6241	2	7802
6242	0	6011
6242	1	2777
6243	2	3678
6244	0	5939
6244	1	3564
6245	0	3825
6245	1	3904
6246	0	7892
6246	1	4457
6247	2	4358
6248	0	2333
6248	1	3860
6249	0	7270
6249	1	3244
6250	0	7809
6250	1	931
6251	2	8507
6252	0	2333
6252	1	2117
6253	2	2850
6254	2	2576
6255	2	2719
6256	2	6687
6257	0	8191
6257	1	1473
6258	0	2106
6258	1	233
6259	0	1508
6259	1	233
6260	0	7809
6260	1	1205
6261	2	7078
6262	0	2674
6262	1	1968
6263	0	7156
6263	1	2169
6264	0	5939
6264	1	1080
6265	0	7251
6265	1	1808
6266	0	4888
6266	1	1080
6267	0	1258
6267	1	688
6268	0	2880
6268	1	1080
6269	0	3825
6269	1	8227
6270	0	5103
6270	1	8227
6271	2	3276
6272	2	4063
6273	0	433
6273	1	2307
6274	2	3723
6275	0	5579
6275	1	7904
6276	2	7102
6277	0	5233
6277	1	3117
6278	2	3732
6279	0	1508
6279	1	1968
6280	0	3327
6280	1	1968
6281	0	6011
6281	1	2076
6282	0	8237
6282	1	3061
6283	2	212
6284	2	2591
6285	0	3027
6285	1	283
6286	0	5858
6286	1	1968
6287	0	2204
6287	1	1473
6288	2	4697
6289	0	7809
6289	1	86
6290	0	3430
6290	1	3564
6291	0	5541
6291	1	5376
6292	0	2106
6292	1	1968
6293	2	1076
6294	0	1508
6294	1	6853
6295	2	385
6296	2	6019
6297	2	2238
6298	2	4588
6299	2	4095
6300	2	4819
6301	0	4135
6301	1	5185
6302	0	5103
6302	1	1274
6303	0	4822
6303	1	2169
6304	2	5868
6305	0	8644
6305	1	1285
6306	0	6011
6306	1	797
6307	0	1258
6307	1	4578
6308	0	4430
6308	1	7933
6309	2	7449
6310	0	5468
6310	1	8368
6311	0	7620
6311	1	3469
6312	0	8319
6312	1	2808
6313	0	2015
6313	1	1413
6314	0	5541
6314	1	7607
6315	0	6138
6315	1	7050
6316	0	1474
6316	1	2169
6317	0	8237
6317	1	3729
6318	0	3165
6318	1	3729
6319	0	6011
6319	1	1080
6320	0	4833
6320	1	3904
6321	0	242
6321	1	3645
6322	0	7350
6322	1	2076
6323	2	469
6324	0	7557
6324	1	3564
6325	2	2313
6326	0	1967
6326	1	3850
6327	0	115
6327	1	3850
6328	0	4318
6328	1	6718
6329	0	8237
6329	1	7607
6330	0	5541
6330	1	2355
6331	0	2278
6331	1	804
6332	2	5870
6333	0	3704
6333	1	2761
6334	2	1077
6335	0	6137
6335	1	6669
6336	0	2108
6336	1	7077
6337	0	5541
6337	1	1860
6338	0	5858
6338	1	6575
6339	2	3992
6340	2	1786
6341	0	7878
6341	1	5420
6342	0	2781
6342	1	3564
6343	2	7030
6344	0	2311
6344	1	4457
6345	0	600
6345	1	5420
6346	0	1254
6346	1	5828
6347	0	5799
6347	1	3117
6348	0	5462
6348	1	3564
6349	0	3165
6349	1	8465
6350	0	6331
6350	1	1413
6351	0	2106
6351	1	1413
6352	0	5799
6352	1	1413
6353	0	2880
6353	1	4639
6354	0	919
6354	1	8551
6355	0	6138
6355	1	5539
6356	2	7889
6357	0	7251
6357	1	6414
6358	2	6908
6359	0	2880
6359	1	1255
6360	2	2255
6361	0	7137
6361	1	4644
6362	0	7809
6362	1	5178
6363	0	2880
6363	1	7607
6364	2	1206
6365	2	4528
6366	0	2706
6366	1	7607
6367	0	2297
6367	1	4457
6368	0	2106
6368	1	4457
6369	0	242
6369	1	4457
6370	0	3445
6370	1	1721
6371	0	919
6371	1	4578
6372	0	2108
6372	1	233
6373	2	999
6374	0	5799
6374	1	7509
6375	0	5858
6375	1	7509
6376	0	3445
6376	1	5630
6377	0	899
6377	1	1473
6378	0	5453
6378	1	560
6379	0	7349
6379	1	560
6380	2	7068
6381	0	8216
6381	1	1473
6382	0	7620
6382	1	1285
6383	0	5193
6383	1	8177
6384	2	8105
6385	0	2941
6385	1	8551
6386	0	7349
6386	1	4644
6387	0	919
6387	1	7509
6388	0	4664
6388	1	6083
6389	0	4663
6389	1	5500
6390	0	2780
6390	1	1791
6391	0	6526
6391	1	1285
6392	2	400
6393	0	14
6393	1	6718
6394	0	2214
6394	1	560
6395	0	3981
6395	1	560
6396	0	5579
6396	1	233
6397	0	1899
6397	1	7904
6398	0	919
6398	1	7904
6399	0	4970
6399	1	4816
6400	2	4970
6401	0	2655
6401	1	4816
6402	0	6171
6402	1	797
6403	0	6526
6403	1	5500
6404	2	7915
6405	0	5337
6405	1	8188
6406	0	6337
6406	1	510
6407	0	483
6407	1	8176
6408	2	1646
6409	0	8237
6409	1	287
6410	2	226
6411	0	3381
6411	1	3469
6412	2	318
6413	0	6138
6413	1	1274
6414	2	279
6415	0	2297
6415	1	3645
6416	0	5193
6416	1	4816
6417	0	7350
6417	1	4816
6418	0	242
6418	1	4816
6419	0	1895
6419	1	560
6420	2	7528
6421	2	3750
6422	0	8281
6422	1	6718
6423	0	6149
6423	1	6083
6424	0	2100
6424	1	8549
6425	0	433
6425	1	8549
6426	0	2333
6426	1	5420
6427	0	7777
6427	1	7607
6428	2	5436
6429	2	6788
6430	0	2297
6430	1	5736
6431	0	4302
6431	1	5736
6432	2	8058
6433	0	5462
6433	1	1960
6434	0	3093
6434	1	1960
6435	0	5573
6435	1	1960
6436	0	6221
6436	1	5828
6437	0	7809
6437	1	5506
6438	2	2205
6439	2	8435
6440	0	4833
6440	1	510
6441	0	4606
6441	1	5832
6442	0	3917
6442	1	5832
6443	2	367
6444	2	3665
6445	0	2214
6445	1	7739
6446	0	5462
6446	1	5922
6447	0	5863
6447	1	8282
6448	0	4135
6448	1	7989
6449	2	7010
6450	0	7270
6450	1	35
6451	2	3654
6452	2	7867
6453	2	6728
6454	2	7651
6455	2	8288
6456	2	1810
6457	0	8602
6457	1	1838
6458	2	5411
6459	0	1211
6459	1	3882
6460	2	1350
6461	2	5249
6462	0	2706
6462	1	4623
6463	2	5486
6464	0	2706
6464	1	3399
6465	0	3165
6465	1	3882
6466	2	6222
6467	2	1137
6468	2	1833
6469	0	7693
6469	1	3451
6470	0	6221
6470	1	6015
6471	0	175
6471	1	6718
6472	0	2633
6472	1	3694
6473	0	5462
6473	1	1560
6474	0	2706
6474	1	4041
6475	0	3825
6475	1	2169
6476	0	5579
6476	1	6853
6477	0	1474
6477	1	4644
6478	0	5434
6478	1	283
6479	2	1155
6480	2	7194
6481	0	8191
6481	1	7295
6482	2	4986
6483	0	254
6483	1	7295
6484	2	2553
6485	0	1672
6485	1	8188
6486	2	5176
6487	0	1258
6487	1	1080
6488	2	7447
6489	2	7244
6490	2	636
6491	0	1672
6491	1	7730
6492	2	2329
6493	0	7633
6493	1	6669
6494	0	5799
6494	1	1080
6495	0	5541
6495	1	3061
6496	2	1116
6497	0	1436
6497	1	8368
6498	0	1763
6498	1	6083
6499	0	5337
6499	1	6083
6500	0	2674
6500	1	3399
6501	0	1474
6501	1	3399
6502	2	7640
6503	2	5872
6504	0	2130
6504	1	3882
6505	0	5103
6505	1	3882
6506	0	1672
6506	1	2012
6507	0	6732
6507	1	287
6508	0	4833
6508	1	5185
6509	0	2214
6509	1	8154
6510	0	5353
6510	1	8154
6511	0	1258
6511	1	2117
6512	2	6286
6513	0	1474
6513	1	1080
6514	2	7245
6515	0	4642
6515	1	1969
6516	0	5579
6516	1	1969
6517	0	3704
6517	1	1255
6518	2	5231
6519	0	8124
6519	1	3469
6520	0	242
6520	1	2117
6521	2	3059
6522	0	6221
6522	1	2012
6523	0	8250
6523	1	2932
6524	0	5233
6524	1	6596
6525	2	6511
6526	0	3381
6526	1	6656
6527	2	6620
6528	0	2995
6528	1	6083
6529	2	3402
6530	0	1895
6530	1	2117
6531	0	5468
6531	1	6575
6532	0	2100
6532	1	5539
6533	0	1135
6533	1	6656
6534	0	6137
6534	1	4545
6535	0	403
6535	1	4545
6536	0	7500
6536	1	4545
6537	0	2100
6537	1	4816
6538	0	4266
6538	1	6669
6539	2	1676
6540	0	2297
6540	1	233
6541	0	5562
6541	1	233
6542	0	7328
6542	1	7419
6543	0	4663
6543	1	7739
6544	0	8644
6544	1	2761
6545	0	4606
6545	1	7050
6546	2	7242
6547	2	2685
6548	2	7608
6549	0	5579
6549	1	6920
6550	2	428
6551	0	5093
6551	1	5995
6552	0	3275
6552	1	3882
6553	0	8191
6553	1	7419
6554	0	6973
6554	1	7419
6555	0	3206
6555	1	2117
6556	0	3206
6556	1	7419
6557	0	3165
6557	1	8154
6558	0	2706
6558	1	3451
6559	0	6236
6559	1	2777
6560	0	4833
6560	1	5027
6561	0	2780
6561	1	4100
6562	0	5093
6562	1	3061
6563	2	7709
6564	0	7349
6564	1	5484
6565	2	5615
6566	2	6348
6567	0	433
6567	1	2098
6568	0	6011
6568	1	8183
6569	0	5541
6569	1	8183
6570	0	2636
6570	1	560
6571	2	3170
6572	0	2241
6572	1	3882
6573	0	2674
6573	1	3244
6574	0	5434
6574	1	1438
6575	2	5924
6576	0	2311
6576	1	8154
6577	2	2971
6578	2	2601
6579	0	7921
6579	1	1930
6580	0	1258
6580	1	2122
6581	2	7560
6582	0	7251
6582	1	4861
6583	2	5840
6584	0	2941
6584	1	6083
6585	0	8216
6585	1	3956
6586	2	7206
6587	0	600
6587	1	6920
6588	2	5112
6589	2	1226
6590	0	7921
6590	1	7424
6591	0	6136
6591	1	560
6592	2	3434
6593	0	7499
6593	1	6663
6594	0	4212
6594	1	8227
6595	2	5136
6596	0	2674
6596	1	1843
6597	2	5893
6598	2	5496
6599	2	8531
6600	0	5453
6600	1	287
6601	2	6836
6602	2	4638
6603	2	6640
6604	0	2880
6604	1	464
6605	0	2106
6605	1	464
6606	2	3124
6607	0	2577
6607	1	3404
6608	2	5797
6609	0	5541
6609	1	2536
6610	0	433
6610	1	2536
6611	0	7270
6611	1	3789
6612	2	5518
6613	2	5529
6614	0	7620
6614	1	6015
6615	2	5147
6616	2	3442
6617	0	7826
6617	1	6015
6618	0	3745
6618	1	6718
6619	2	8376
6620	2	1579
6621	2	6415
6622	2	546
6623	0	433
6623	1	287
6624	2	1434
6625	2	6733
6626	0	7350
6626	1	4639
6627	0	5337
6627	1	7904
6628	0	3165
6628	1	7730
6629	0	6955
6629	1	1065
6630	0	1474
6630	1	1065
6631	0	1508
6631	1	5539
6632	2	5685
6633	2	1235
6634	2	3590
6635	0	7328
6635	1	1843
6636	0	4606
6636	1	5394
6637	0	6294
6637	1	4230
6638	0	6732
6638	1	510
6639	2	4319
6640	2	1900
6641	0	3075
6641	1	510
6642	2	6278
6643	0	225
6643	1	510
6644	0	7912
6644	1	648
6645	0	8136
6645	1	648
6646	2	5766
6647	0	2674
6647	1	1065
6648	0	4302
6648	1	3860
6649	0	8366
6649	1	797
6650	2	4317
6651	0	5103
6651	1	3174
6652	0	7878
6652	1	3860
6653	2	7927
6654	0	3093
6654	1	4816
6655	2	2563
6656	0	7719
6656	1	6718
6657	0	6285
6657	1	6853
6658	2	6716
6659	0	5233
6659	1	8188
6660	0	3825
6660	1	233
6661	2	6185
6662	0	1547
6662	1	560
6663	0	4888
6663	1	3789
6664	0	5434
6664	1	560
6665	0	1214
6665	1	8368
6666	2	687
6667	0	175
6667	1	7933
6668	2	2018
6669	0	7921
6669	1	5420
6670	2	7183
6671	2	4511
6672	0	7328
6672	1	2088
6673	2	677
6674	0	7878
6674	1	2088
6675	0	3206
6675	1	1960
6676	0	5233
6676	1	1960
6677	2	6087
6678	2	1717
6679	0	47
6679	1	560
6680	2	3282
6681	0	7156
6681	1	510
6682	0	7197
6682	1	7739
6683	2	153
6684	2	2230
6685	2	1562
6686	0	433
6686	1	3578
6687	2	4965
6688	0	5541
6688	1	1413
6689	0	5337
6689	1	2755
6690	0	2633
6690	1	5646
6691	2	6881
6692	0	3825
6692	1	8368
6693	0	6547
6693	1	5828
6694	0	7847
6694	1	2012
6695	0	4060
6695	1	5500
6696	0	242
6696	1	5922
6697	2	7665
6698	2	7149
6699	2	4623
6700	0	899
6700	1	4623
6701	2	6167
6702	0	6294
6702	1	7739
6703	0	2214
6703	1	1285
6704	0	223
6704	1	7904
6705	0	6236
6705	1	510
6706	2	941
6707	0	2108
6707	1	5943
6708	0	4642
6708	1	6083
6709	0	7777
6709	1	6083
6710	0	8281
6710	1	6663
6711	0	5462
6711	1	1860
6712	2	7819
6713	0	7633
6713	1	4100
6714	0	5579
6714	1	1560
6715	0	6138
6715	1	8551
6716	0	7633
6716	1	1808
6717	0	8136
6717	1	6718
6718	2	3112
6719	0	2674
6719	1	7419
6720	0	7633
6720	1	1969
6721	0	663
6721	1	7419
6722	2	3002
6723	0	5579
6723	1	7872
6724	2	7325
6725	0	959
6725	1	3174
6726	2	6077
6727	0	3327
6727	1	1255
6728	2	5049
6729	0	5201
6729	1	6015
6730	0	7416
6730	1	6015
6731	0	2674
6731	1	8188
6732	0	223
6732	1	283
6733	2	8171
6734	2	8063
6735	0	5541
6735	1	804
6736	0	2636
6736	1	3850
6737	0	5462
6737	1	8227
6738	2	6914
6739	2	1187
6740	0	4259
6740	1	7424
6741	0	7809
6741	1	7652
6742	2	7625
6743	2	864
6744	2	387
6745	0	4302
6745	1	283
6746	2	1788
6747	2	8249
6748	0	5579
6748	1	3399
6749	2	3413
6750	0	7878
6750	1	4041
6751	0	3601
6751	1	1413
6752	0	7270
6752	1	1065
6753	2	4542
6754	0	5579
6754	1	7081
6755	2	35
6756	0	6955
6756	1	5484
6757	0	2769
6757	1	5484
6758	0	3327
6758	1	5484
6759	0	433
6759	1	8621
6760	0	7270
6760	1	8526
6761	0	3075
6761	1	1560
6762	0	4135
6762	1	7295
6763	2	1515
6764	0	2880
6764	1	233
6765	0	5462
6765	1	3174
6766	0	3870
6766	1	6083
6767	0	2941
6767	1	1285
6768	0	2439
6768	1	1285
6769	0	5353
6769	1	1843
6770	2	8571
6771	0	2674
6771	1	2755
6772	0	5573
6772	1	3263
6773	0	1170
6773	1	1285
6774	0	3307
6774	1	1969
6775	2	7055
6776	0	254
6776	1	688
6777	0	6217
6777	1	1791
6778	0	2780
6778	1	1255
6779	0	1436
6779	1	8549
6780	0	5453
6780	1	8549
6781	2	8508
6782	0	2941
6782	1	4030
6783	0	6816
6783	1	3882
6784	2	4145
6785	0	5103
6785	1	464
6786	2	6649
6787	0	2743
6787	1	3882
6788	2	6691
6789	2	500
6790	0	433
6790	1	7081
6791	0	6221
6791	1	7419
6792	0	7500
6792	1	1413
6793	0	7878
6793	1	1969
6794	0	246
6794	1	2117
6795	0	4669
6795	1	8465
6796	0	2130
6796	1	355
6797	2	2733
6798	2	8064
6799	2	1259
6800	2	247
6801	2	5765
6802	0	2577
6802	1	4465
6803	2	4771
6804	0	246
6804	1	8225
6805	0	403
6805	1	2088
6806	0	7777
6806	1	5420
6807	0	4135
6807	1	7419
6808	0	2636
6808	1	5922
6809	2	803
6810	2	1467
6811	2	3895
6812	0	6138
6812	1	355
6813	0	175
6813	1	5484
6814	2	4131
6815	2	4471
6816	0	2674
6816	1	4861
6817	2	5839
6818	2	7345
6819	0	6337
6819	1	7345
6820	0	5453
6820	1	6083
6821	0	3327
6821	1	6663
6822	2	140
6823	0	1195
6823	1	6718
6824	2	6493
6825	0	7633
6825	1	283
6826	0	3206
6826	1	4861
6827	2	2161
6828	0	983
6828	1	6718
6829	2	5635
6830	0	6236
6830	1	560
6831	0	3327
6831	1	560
6832	0	7392
6832	1	3565
6833	2	1217
6834	0	5353
6834	1	1930
6835	0	2780
6835	1	2671
6836	2	18
6837	0	6138
6837	1	7730
6838	0	945
6838	1	2122
6839	0	3581
6839	1	2122
6840	2	6579
6841	2	5189
6842	2	3436
6843	0	6138
6843	1	3780
6844	0	3381
6844	1	8183
6845	0	2130
6845	1	8183
6846	2	2510
6847	2	6253
6848	2	6658
6849	0	6337
6849	1	4816
6850	0	6149
6850	1	1065
6851	0	7809
6851	1	1065
6852	2	4909
6853	0	5462
6853	1	4644
6854	0	5103
6854	1	1843
6855	0	6337
6855	1	797
6856	2	7267
6857	2	1512
6858	2	1430
6859	0	5462
6859	1	3565
6860	0	242
6860	1	5500
6861	0	2311
6861	1	4816
6862	0	1739
6862	1	7419
6863	2	5190
6864	0	3960
6864	1	3404
6865	0	433
6865	1	7607
6866	0	7892
6866	1	7295
6867	0	5353
6867	1	7419
6868	0	2743
6868	1	5567
6869	0	663
6869	1	5567
6870	0	8191
6870	1	287
6871	2	8387
6872	2	7636
6873	2	7692
6874	0	7693
6874	1	648
6875	0	7270
6875	1	4639
6876	2	3394
6877	0	1436
6877	1	6767
6878	0	3165
6878	1	6920
6879	2	8082
6880	0	246
6880	1	3860
6881	2	4281
6882	0	225
6882	1	2755
6883	0	4135
6883	1	2966
6884	0	6137
6884	1	6718
6885	0	3823
6885	1	6718
6886	0	7349
6886	1	1413
6887	0	7500
6887	1	2755
6888	0	2773
6888	1	5484
6889	0	1508
6889	1	287
6890	0	5319
6890	1	510
6891	0	5319
6891	1	2088
6892	2	2336
6893	2	958
6894	0	959
6894	1	7872
6895	0	7809
6895	1	5630
6896	0	4833
6896	1	1378
6897	0	2001
6897	1	8368
6898	0	8452
6898	1	5828
6899	2	4478
6900	0	7557
6900	1	6718
6901	0	5233
6901	1	6110
6902	0	7892
6902	1	688
6903	0	5541
6903	1	4861
6904	0	8191
6904	1	5828
6905	0	2297
6905	1	392
6906	0	5453
6906	1	392
6907	2	1194
6908	2	5642
6909	0	6732
6909	1	7739
6910	0	2743
6910	1	7739
6911	2	4788
6912	2	6315
6913	0	3327
6913	1	5185
6914	0	4790
6914	1	5185
6915	0	2636
6915	1	5185
6916	0	5233
6916	1	5185
6917	0	6136
6917	1	5185
6918	2	3558
6919	2	1086
6920	0	5319
6920	1	1274
6921	0	4606
6921	1	1274
6922	0	5453
6922	1	1274
6923	0	5799
6923	1	1274
6924	0	878
6924	1	283
6925	0	3825
6925	1	1631
6926	2	6766
6927	0	3381
6927	1	5943
6928	0	6011
6928	1	2614
6929	0	6294
6929	1	6767
6930	2	1060
6931	0	3165
6931	1	2148
6932	0	2880
6932	1	5943
6933	0	2333
6933	1	5943
6934	2	5818
6935	2	6734
6936	2	4583
6937	0	403
6937	1	3860
6938	0	3093
6938	1	5922
6939	2	3443
6940	0	5103
6940	1	4100
6941	0	2106
6941	1	3174
6942	0	6138
6942	1	6015
6943	0	4664
6943	1	1498
6944	2	5373
6945	0	617
6945	1	1930
6946	2	382
6947	2	6966
6948	0	4135
6948	1	8225
6949	0	5462
6949	1	510
6950	2	445
6951	0	6577
6951	1	3850
6952	0	7826
6952	1	287
6953	2	1977
6954	2	8530
6955	2	1139
6956	0	8250
6956	1	7933
6957	0	5453
6957	1	2088
6958	2	1336
6959	0	2015
6959	1	3244
6960	0	3165
6960	1	3244
6961	0	6221
6961	1	2761
6962	2	5294
6963	0	242
6963	1	419
6964	2	5640
6965	0	6011
6965	1	2169
6966	0	3106
6966	1	648
6967	2	4312
6968	2	2275
6969	0	2655
6969	1	7424
6970	0	1436
6970	1	7424
6971	2	1052
6972	0	3870
6972	1	2761
6973	2	8051
6974	0	1912
6974	1	7295
6975	0	254
6975	1	1843
6976	0	223
6976	1	7454
6977	0	5434
6977	1	7739
6978	0	1170
6978	1	7739
6979	2	5820
6980	2	6991
6981	0	5201
6981	1	7302
6982	0	2743
6982	1	6853
6983	0	5103
6983	1	7302
6984	0	7878
6984	1	3117
6985	0	7653
6985	1	858
6986	0	5799
6986	1	5006
6987	2	8564
6988	2	8542
6989	2	5447
6990	0	7633
6990	1	4041
6991	2	1352
6992	2	5070
6993	0	2880
6993	1	4041
6994	0	2780
6994	1	287
6995	2	4328
6996	2	7484
6997	0	4113
6997	1	3860
6998	0	6337
6998	1	3860
6999	2	3000
7000	2	1117
7001	0	1895
7001	1	1631
7002	2	4690
7003	0	2941
7003	1	3860
7004	0	2333
7004	1	2808
7005	0	2100
7005	1	510
7006	0	2106
7006	1	1560
7007	2	8440
7008	0	3917
7008	1	233
7009	0	8250
7009	1	8225
7010	0	1258
7010	1	7607
7011	0	7236
7011	1	7509
7012	0	5858
7012	1	8188
7013	2	1380
7014	0	7756
7014	1	7739
7015	0	2001
7015	1	7739
7016	2	2608
7017	0	3327
7017	1	5736
7018	0	7633
7018	1	233
7019	2	6123
7020	0	3905
7020	1	7419
7021	0	8351
7021	1	3404
7022	0	7809
7022	1	718
7023	0	3581
7023	1	718
7024	0	7392
7024	1	4100
7025	0	7392
7025	1	2761
7026	2	5519
7027	0	6294
7027	1	7295
7028	0	433
7028	1	8177
7029	0	673
7029	1	1080
7030	0	6138
7030	1	5832
7031	0	1271
7031	1	6083
7032	0	223
7032	1	5539
7033	0	6337
7033	1	5539
7034	0	5799
7034	1	4861
7035	0	6353
7035	1	7904
7036	0	3165
7036	1	3399
7037	0	5541
7037	1	3399
7038	2	6358
7039	0	6285
7039	1	2761
7040	0	3917
7040	1	7419
7041	0	5093
7041	1	4030
7042	0	2100
7042	1	4030
7043	0	330
7043	1	5500
7044	0	6138
7044	1	283
7045	0	5434
7045	1	8368
7046	0	3381
7046	1	3565
7047	2	8580
7048	0	8366
7048	1	7295
7049	0	6353
7049	1	4861
7050	0	2655
7050	1	5539
7051	0	663
7051	1	6669
7052	0	2333
7052	1	7904
7053	2	4004
7054	0	4664
7054	1	2761
7055	0	5093
7055	1	4457
7056	0	3165
7056	1	1860
7057	2	8115
7058	0	7874
7058	1	1791
7059	0	2706
7059	1	1968
7060	0	5103
7060	1	5567
7061	0	5453
7061	1	3404
7062	2	7015
7063	2	1675
7064	0	6337
7064	1	7607
7065	2	5550
7066	2	2374
7067	0	4606
7067	1	830
7068	0	2706
7068	1	5178
7069	0	2636
7069	1	5567
7070	2	7042
7071	2	5215
7072	2	1857
7073	0	2706
7073	1	8177
7074	0	4664
7074	1	8177
7075	0	5858
7075	1	560
7076	0	3093
7076	1	7904
7077	0	5424
7077	1	2761
7078	0	7826
7078	1	3956
7079	2	3851
7080	2	5790
7081	0	254
7081	1	7607
7082	0	8191
7082	1	510
7083	2	5574
7084	0	5093
7084	1	648
7085	0	2674
7085	1	648
7086	2	4381
7087	2	5076
7088	0	246
7088	1	283
7089	0	6236
7089	1	3404
7090	0	4663
7090	1	804
7091	2	1873
7092	0	2106
7092	1	5185
7093	0	8443
7093	1	5185
7094	2	7472
7095	0	223
7095	1	1413
7096	0	237
7096	1	4578
7097	0	7633
7097	1	4578
7098	0	4302
7098	1	5420
7099	0	5462
7099	1	5420
7100	0	8237
7100	1	5484
7101	2	61
7102	2	39
7103	0	2674
7103	1	4545
7104	0	2333
7104	1	3174
7105	2	6998
7106	2	6841
7107	0	5579
7107	1	4041
7108	2	2890
7109	2	4870
7110	0	7350
7110	1	1560
7111	2	1782
7112	0	4664
7112	1	1969
7113	2	4398
7114	2	4422
7115	0	4664
7115	1	1930
7116	0	3704
7116	1	4030
7117	2	3885
7118	0	267
7118	1	4030
7119	0	5103
7119	1	5736
7120	2	6799
7121	0	5541
7121	1	3174
7122	0	6732
7122	1	2966
7123	0	7633
7123	1	4545
7124	0	7500
7124	1	1560
7125	0	5103
7125	1	6767
7126	0	5487
7126	1	1080
7127	0	3917
7127	1	3399
7128	0	246
7128	1	3399
7129	0	7137
7129	1	3882
7130	0	6526
7130	1	2117
7131	2	6747
7132	2	4709
7133	2	4883
7134	0	7633
7134	1	8183
7135	2	1844
7136	2	1038
7137	0	246
7137	1	8465
7138	0	4135
7138	1	8465
7139	2	2650
7140	2	3462
7141	0	3581
7141	1	6110
7142	2	987
7143	0	3917
7143	1	2012
7144	2	1115
7145	2	3734
7146	2	2937
7147	2	240
7148	0	5018
7148	1	1808
7149	2	4887
7150	2	327
7151	0	286
7151	1	7739
7152	2	6564
7153	0	5541
7153	1	3729
7154	0	3165
7154	1	1560
7155	2	3146
7156	2	8366
7157	0	7878
7157	1	7904
7158	0	1672
7158	1	4545
7159	0	2706
7159	1	3882
7160	0	7892
7160	1	2808
7161	0	433
7161	1	6663
7162	2	5914
7163	0	4084
7163	1	7872
7164	0	4833
7164	1	6993
7165	0	5579
7165	1	2117
7166	0	2706
7166	1	2117
7167	0	7921
7167	1	1285
7168	2	3319
7169	2	1113
7170	2	6053
7171	0	3337
7171	1	8188
7172	0	3960
7172	1	5828
7173	0	115
7173	1	7739
7174	0	7227
7174	1	6199
7175	0	5541
7175	1	283
7176	0	7693
7176	1	6083
7177	0	1967
7177	1	2777
7178	0	5939
7178	1	6083
7179	0	5103
7179	1	1631
7180	2	7639
7181	2	952
7182	2	8071
7183	0	4642
7183	1	560
7184	0	3165
7184	1	2755
7185	0	5353
7185	1	6767
7186	0	5337
7186	1	1808
7187	0	433
7187	1	1808
7188	0	175
7188	1	3271
7189	0	2880
7189	1	6594
7190	0	2108
7190	1	5214
7191	2	8645
7192	2	7963
7193	2	8478
7194	0	7839
7194	1	4545
7195	0	1474
7195	1	3882
7196	2	8455
7197	0	1258
7197	1	7739
7198	2	2492
7199	2	4823
7200	0	2956
7200	1	7295
7201	0	2297
7201	1	1631
7202	2	7278
7203	0	8602
7203	1	3564
7204	0	7500
7204	1	3945
7205	2	5221
7206	0	3165
7206	1	5832
7207	0	5799
7207	1	5832
7208	2	1445
7209	0	1508
7209	1	4230
7210	0	462
7210	1	3860
7211	0	1474
7211	1	1969
7212	0	223
7212	1	3989
7213	0	4606
7213	1	5567
7214	0	2655
7214	1	5567
7215	0	2106
7215	1	2671
7216	0	358
7216	1	2671
7217	0	4664
7217	1	2671
7218	2	457
7219	0	1258
7219	1	6669
7220	0	7892
7220	1	797
7221	2	2025
7222	0	7758
7222	1	5695
7223	0	5858
7223	1	5695
7224	2	5444
7225	2	8640
7226	2	4210
7227	0	8644
7227	1	5214
7228	2	6892
7229	2	5509
7230	0	3327
7230	1	3564
7231	2	5606
7232	2	5842
7233	0	3165
7233	1	233
7234	2	7684
7235	0	3151
7235	1	2614
7236	0	5233
7236	1	2761
7237	2	7967
7238	0	2880
7238	1	8526
7239	0	5784
7239	1	6083
7240	2	1315
7241	2	6865
7242	2	1104
7243	0	673
7243	1	1968
7244	0	5600
7244	1	3860
7245	0	3960
7245	1	3860
7246	0	1436
7246	1	4816
7247	0	5233
7247	1	1968
7248	2	2179
7249	2	5446
7250	2	8354
7251	0	7270
7251	1	5500
7252	2	3095
7253	0	1895
7253	1	5500
7254	2	1213
7255	0	246
7255	1	797
7256	2	7272
7257	0	3381
7257	1	1498
7258	0	3165
7258	1	5178
7259	0	6337
7259	1	648
7260	2	7321
7261	0	2015
7261	1	648
7262	0	47
7262	1	648
7263	0	600
7263	1	1960
7264	2	8625
7265	0	115
7265	1	2761
7266	0	4888
7266	1	3404
7267	2	5331
7268	2	2558
7269	0	3917
7269	1	3860
7270	2	78
7271	0	2780
7271	1	6853
7272	0	433
7272	1	780
7273	2	780
7274	0	919
7274	1	6853
7275	0	3581
7275	1	797
7276	0	7809
7276	1	780
7277	0	5579
7277	1	780
7278	0	6054
7278	1	4816
7279	0	4266
7279	1	4816
7280	0	1882
7280	1	6718
7281	0	4833
7281	1	4484
7282	2	3091
7283	2	2567
7284	0	2130
7284	1	2493
7285	0	5453
7285	1	8551
7286	0	1436
7286	1	8551
7287	0	3327
7287	1	2761
7288	2	3705
7289	2	2087
7290	2	5668
7291	2	6924
7292	0	462
7292	1	4545
7293	2	756
7294	0	2333
7294	1	2088
7295	0	3165
7295	1	7081
7296	0	4606
7296	1	7081
7297	2	7863
7298	2	5281
7299	2	3378
7300	2	3824
7301	0	7620
7301	1	5420
7302	0	8251
7302	1	3404
7303	0	7892
7303	1	7454
7304	2	1443
7305	0	6221
7305	1	3564
7306	0	8250
7306	1	5828
7307	2	6962
7308	0	5541
7308	1	2012
7309	0	2880
7309	1	2012
7310	2	1927
7311	2	7120
7312	0	2655
7312	1	797
7313	2	8358
7314	0	8124
7314	1	510
7315	0	1474
7315	1	510
7316	2	2760
7317	2	7670
7318	2	160
7319	0	3381
7319	1	5214
7320	0	2774
7320	1	6718
7321	0	5453
7321	1	7739
7322	2	5096
7323	0	1801
7323	1	392
7324	2	670
7325	0	4060
7325	1	7302
7326	2	5723
7327	0	1135
7327	1	1255
7328	0	2706
7328	1	4465
7329	0	8237
7329	1	4465
7330	0	1801
7330	1	6663
7331	0	3381
7331	1	6663
7332	0	3704
7332	1	4644
7333	2	5724
7334	2	7900
7335	2	6863
7336	0	3581
7336	1	287
7337	0	6236
7337	1	5832
7338	0	4135
7338	1	5832
7339	0	1508
7339	1	6199
7340	0	246
7340	1	6709
7341	0	7878
7341	1	3404
7342	2	2493
7343	2	7495
7344	2	3376
7345	2	6684
7346	2	3019
7347	0	2204
7347	1	3469
7348	0	2655
7348	1	6083
7349	2	6915
7350	0	2015
7350	1	6015
7351	2	1861
7352	0	8237
7352	1	5922
7353	2	3618
7354	2	3810
7355	0	1174
7355	1	2088
7356	0	2655
7356	1	510
7357	0	1672
7357	1	510
7358	0	2130
7358	1	7509
7359	0	5193
7359	1	287
7360	2	159
7361	0	1895
7361	1	2777
7362	0	3960
7362	1	5185
7363	2	2594
7364	2	4783
7365	0	8443
7365	1	3564
7366	2	1339
7367	0	7416
7367	1	7730
7368	2	4147
7369	2	2261
7370	0	433
7370	1	7652
7371	2	2527
7372	2	4299
7373	2	532
7374	2	4313
7375	2	6830
7376	2	7898
7377	0	254
7377	1	7739
7378	2	1357
7379	0	7350
7379	1	7739
7380	0	663
7380	1	2777
7381	0	3825
7381	1	3956
7382	0	223
7382	1	2098
7383	2	2585
7384	0	1508
7384	1	3331
7385	0	3445
7385	1	4450
7386	0	6138
7386	1	3989
7387	0	7892
7387	1	4510
7388	2	3497
7389	2	6826
7390	0	5103
7390	1	1205
7391	0	589
7391	1	2169
7392	2	4700
7393	0	7633
7393	1	2122
7394	2	6209
7395	2	1854
7396	0	6138
7396	1	8154
7397	0	2100
7397	1	8154
7398	0	794
7398	1	5828
7399	2	5024
7400	0	7813
7400	1	3244
7401	2	1837
7402	2	6478
7403	0	2333
7403	1	6099
7404	0	6459
7404	1	3404
7405	0	433
7405	1	4457
7406	2	6270
7407	2	5245
7408	0	7251
7408	1	233
7409	0	5541
7409	1	5214
7410	0	8250
7410	1	4030
7411	2	3987
7412	2	5166
7413	0	1801
7413	1	3860
7414	0	7809
7414	1	297
7415	0	2130
7415	1	5995
7416	0	7633
7416	1	5214
7417	0	4669
7417	1	7295
7418	0	5233
7418	1	5214
7419	0	2333
7419	1	7295
7420	2	1031
7421	2	3573
7422	0	983
7422	1	2169
7423	2	4460
7424	2	3272
7425	2	2515
7426	2	6918
7427	0	5541
7427	1	287
7428	2	7136
7429	0	5579
7429	1	1473
7430	0	7892
7430	1	3451
7431	2	7865
7432	2	4200
7433	0	6732
7433	1	6718
7434	0	1672
7434	1	3956
7435	0	5481
7435	1	3956
7436	0	2204
7436	1	3956
7437	0	4833
7437	1	3956
7438	0	433
7438	1	931
7439	0	6138
7439	1	4510
7440	0	433
7440	1	2148
7441	0	5353
7441	1	7081
7442	2	5387
7443	0	5541
7443	1	1843
7444	0	433
7444	1	4465
7445	0	7878
7445	1	2761
7446	0	673
7446	1	392
7447	0	332
7447	1	4578
7448	0	1672
7448	1	4639
7449	0	3165
7449	1	2122
7450	2	6246
7451	0	3644
7451	1	392
7452	0	5353
7452	1	1205
7453	0	2204
7453	1	3451
7454	0	8237
7454	1	7872
7455	0	2333
7455	1	804
7456	0	1135
7456	1	804
7457	0	2204
7457	1	7419
7458	0	2743
7458	1	2808
7459	0	6389
7459	1	6718
7460	0	1785
7460	1	6718
7461	2	7572
7462	0	5858
7462	1	283
7463	0	5103
7463	1	8465
7464	0	6337
7464	1	3611
7465	0	673
7465	1	797
7466	0	3165
7466	1	1838
7467	0	433
7467	1	4639
7468	0	3704
7468	1	287
7469	0	4266
7469	1	4639
7470	2	3232
7471	0	7270
7471	1	7941
7472	2	6708
7473	2	1283
7474	2	1868
7475	2	2019
7476	2	3674
7477	0	5103
7477	1	6257
7478	0	7620
7478	1	5214
7479	0	1436
7479	1	3244
7480	0	6138
7480	1	2117
7481	0	4566
7481	1	1285
7482	0	2106
7482	1	8177
7483	2	1658
7484	0	663
7484	1	2671
7485	0	1672
7485	1	2117
7486	0	2204
7486	1	4890
7487	0	6994
7487	1	1968
7488	0	3825
7488	1	5484
7489	0	1508
7489	1	648
7490	0	663
7490	1	8368
7491	0	6221
7491	1	8368
7492	0	4664
7492	1	6853
7493	2	1896
7494	2	4573
7495	0	2773
7495	1	3850
7496	0	2780
7496	1	3850
7497	2	3516
7498	0	6138
7498	1	2808
7499	2	716
7500	2	6336
7501	0	3870
7501	1	283
7502	0	8237
7502	1	1808
7503	0	5698
7503	1	6083
7504	2	1359
7505	2	1862
7506	2	3649
7507	2	7369
7508	0	2100
7508	1	7424
7509	0	5541
7509	1	7424
7510	0	2743
7510	1	3404
7511	2	4586
7512	0	4833
7512	1	3850
7513	2	1362
7514	2	5032
7515	0	8250
7515	1	3850
7516	0	6137
7516	1	1808
7517	0	2655
7517	1	7081
7518	0	5917
7518	1	510
7519	2	4832
7520	0	175
7520	1	2199
7521	2	7145
7522	0	4266
7522	1	1631
7523	0	5481
7523	1	1631
7524	0	3327
7524	1	1631
7525	0	242
7525	1	1631
7526	0	4833
7526	1	8464
7527	0	7912
7527	1	3404
7528	2	2383
7529	0	2407
7529	1	6669
7530	0	3420
7530	1	6669
7531	0	3917
7531	1	560
7532	0	5233
7532	1	858
7533	2	8261
7534	0	1967
7534	1	7424
7535	2	5127
7536	0	7633
7536	1	3945
7537	0	246
7537	1	3945
7538	0	3581
7538	1	5484
7539	0	242
7539	1	2076
7540	0	242
7540	1	3945
7541	0	3389
7541	1	283
7542	0	2297
7542	1	2761
7543	2	3293
7544	0	2880
7544	1	931
7545	0	6526
7545	1	931
7546	2	4015
7547	2	4591
7548	0	6011
7548	1	7081
7549	0	2551
7549	1	6015
7550	0	3093
7550	1	6669
7551	0	2100
7551	1	6669
7552	0	2880
7552	1	1791
7553	2	54
7554	0	5233
7554	1	6663
7555	2	4247
7556	0	7197
7556	1	648
7557	2	7566
7558	0	1508
7558	1	8465
7559	0	7892
7559	1	1413
7560	2	1710
7561	2	1821
7562	0	2577
7562	1	6575
7563	0	2577
7563	1	287
7564	0	8250
7564	1	1631
7565	0	4888
7565	1	7081
7566	0	4430
7566	1	6669
7567	2	1198
7568	0	6732
7568	1	213
7569	0	5093
7569	1	2122
7570	0	4629
7570	1	1791
7571	2	3766
7572	0	5579
7572	1	1791
7573	0	5468
7573	1	8188
7574	0	7137
7574	1	8188
7575	2	1123
7576	0	93
7576	1	2117
7577	0	3381
7577	1	3451
7578	0	4663
7578	1	2169
7579	0	7892
7579	1	3945
7580	0	2880
7580	1	4545
7581	2	4479
7582	0	7892
7582	1	2012
7583	0	4833
7583	1	1631
7584	2	2984
7585	0	7839
7585	1	3564
7586	2	5762
7587	0	3075
7587	1	1808
7588	0	6011
7588	1	233
7589	2	8044
7590	0	7878
7590	1	2777
7591	2	5149
7592	2	6279
7593	2	2741
7594	2	5985
7595	0	3165
7595	1	8551
7596	2	5243
7597	0	673
7597	1	5185
7598	0	2106
7598	1	6656
7599	2	8167
7600	0	7813
7600	1	5828
7601	0	5814
7601	1	5828
7602	0	7241
7602	1	5828
7603	0	4664
7603	1	2169
7604	2	7820
7605	2	207
7606	0	6138
7606	1	1969
7607	2	1962
7608	2	1521
7609	0	3601
7609	1	3956
7610	0	7839
7610	1	3956
7611	0	7500
7611	1	5484
7612	0	1640
7612	1	1791
7613	0	7620
7613	1	5828
7614	2	5355
7615	0	433
7615	1	1255
7616	0	7633
7616	1	6199
7617	0	2130
7617	1	6669
7618	2	439
7619	0	2204
7619	1	1631
7620	2	2361
7621	2	593
7622	0	2333
7622	1	4644
7623	0	8443
7623	1	510
7624	2	2877
7625	2	2765
7626	0	3825
7626	1	1930
7627	0	7292
7627	1	5736
7628	0	6138
7628	1	5736
7629	2	4279
7630	0	6221
7630	1	2076
7631	0	7892
7631	1	2076
7632	0	174
7632	1	6853
7633	0	254
7633	1	3469
7634	2	454
7635	0	2917
7635	1	2169
7636	0	7197
7636	1	3404
7637	0	5139
7637	1	6718
7638	0	5468
7638	1	4578
7639	0	14
7639	1	6594
7640	2	8073
7641	0	3307
7641	1	2169
7642	2	7114
7643	0	8443
7643	1	6110
7644	2	138
7645	0	47
7645	1	7739
7646	0	6973
7646	1	7739
7647	0	1174
7647	1	3945
7648	2	7935
7649	2	2626
7650	2	548
7651	0	3075
7651	1	6083
7652	2	8432
7653	2	8062
7654	0	945
7654	1	6669
7655	0	6011
7655	1	688
7656	2	465
7657	0	4606
7657	1	6257
7658	2	276
7659	0	2108
7659	1	3860
7660	0	2204
7660	1	3860
7661	0	7809
7661	1	7454
7662	0	7921
7662	1	5567
7663	2	5069
7664	0	7197
7664	1	5484
7665	0	8191
7665	1	5539
7666	0	223
7666	1	3611
7667	2	1917
7668	0	2333
7668	1	7730
7669	0	2636
7669	1	3404
7670	2	3130
7671	0	8250
7671	1	4744
7672	0	6353
7672	1	233
7673	2	5408
7674	0	5233
7674	1	7295
7675	2	697
7676	0	7500
7676	1	2966
7677	0	6138
7677	1	1791
7678	0	4888
7678	1	7179
7679	0	5093
7679	1	7179
7680	2	3584
7681	0	2674
7681	1	7179
7682	0	3420
7682	1	7739
7683	0	4060
7683	1	5185
7684	2	409
7685	0	2015
7685	1	283
7686	0	254
7686	1	5567
7687	0	5579
7687	1	355
7688	0	6136
7688	1	2761
7689	0	5562
7689	1	2761
7690	0	3381
7690	1	1969
7691	2	800
7692	2	7406
7693	0	2311
7693	1	4644
7694	0	2880
7694	1	7989
7695	2	1201
7696	2	4717
7697	0	1258
7697	1	6920
7698	0	6221
7698	1	8526
7699	2	6722
7700	0	1672
7700	1	6767
7701	0	6138
7701	1	3945
7702	0	735
7702	1	3564
7703	2	5279
7704	0	2415
7704	1	8188
7705	2	1397
7706	0	3499
7706	1	283
7707	2	2497
7708	0	2333
7708	1	734
7709	0	6221
7709	1	734
7710	0	246
7710	1	5832
7711	0	3381
7711	1	5832
7712	2	6515
7713	2	1593
7714	0	5018
7714	1	830
7715	0	2108
7715	1	1255
7716	0	8250
7716	1	1255
7717	0	2214
7717	1	2088
7718	0	1508
7718	1	4030
7719	0	7921
7719	1	4030
7720	0	3327
7720	1	6083
7721	0	6138
7721	1	2148
7722	0	5453
7722	1	2148
7723	0	8237
7723	1	2148
7724	2	1745
7725	0	675
7725	1	6718
7726	0	3445
7726	1	3645
7727	0	4833
7727	1	233
7728	2	5400
7729	0	5562
7729	1	5828
7730	2	5697
7731	0	7137
7731	1	5832
7732	2	248
7733	0	5453
7733	1	3059
7734	0	4135
7734	1	3059
7735	0	3165
7735	1	3059
7736	0	2780
7736	1	3061
7737	2	6338
7738	0	433
7738	1	3061
7739	2	5391
7740	0	3960
7740	1	4644
7741	0	2297
7741	1	5695
7742	0	7270
7742	1	5695
7743	0	7328
7743	1	3404
7744	2	6848
7745	0	5453
7745	1	688
7746	0	7892
7746	1	8403
7747	0	3165
7747	1	5736
7748	0	1135
7748	1	5736
7749	0	2706
7749	1	2777
7750	2	3322
7751	0	4507
7751	1	6669
7752	0	7251
7752	1	74
7753	0	6294
7753	1	560
7754	2	8612
7755	0	7500
7755	1	688
7756	2	3852
7757	0	3581
7757	1	1274
7758	0	6054
7758	1	1274
7759	0	2333
7759	1	5539
7760	0	6011
7760	1	5214
7761	0	2100
7761	1	4644
7762	0	2100
7762	1	3174
7763	0	1912
7763	1	5832
7764	0	5462
7764	1	464
7765	2	1087
7766	2	3053
7767	0	2706
7767	1	5922
7768	0	5193
7768	1	5798
7769	2	4958
7770	2	6959
7771	0	1064
7771	1	3945
7772	2	2842
7773	0	8250
7773	1	5500
7774	0	8191
7774	1	3564
7775	0	8237
7775	1	5500
7776	0	7251
7776	1	3945
7777	0	1508
7777	1	4890
7778	2	2787
7779	0	986
7779	1	6718
7780	2	5886
7781	0	7633
7781	1	234
7782	2	3090
7783	2	3336
7784	0	3917
7784	1	4644
7785	0	663
7785	1	648
7786	0	7137
7786	1	648
7787	2	505
7788	0	2130
7788	1	5798
7789	2	6310
7790	2	354
7791	0	5193
7791	1	6083
7792	2	2042
7793	2	7525
7794	0	3791
7794	1	3860
7795	0	4999
7795	1	283
7796	2	5582
7797	0	4669
7797	1	283
7798	2	2738
7799	2	1537
7800	0	4251
7800	1	6718
7801	2	1711
7802	2	4355
7803	2	2091
7804	0	8191
7804	1	5185
7805	0	6221
7805	1	5185
7806	2	4620
7807	2	1735
7808	0	2100
7808	1	8465
7809	0	2655
7809	1	7179
7810	2	1773
7811	2	1577
7812	0	7270
7812	1	2614
7813	0	7633
7813	1	2614
7814	0	6011
7814	1	392
7815	0	7365
7815	1	5484
7816	0	3445
7816	1	4523
7817	0	4664
7817	1	5695
7818	0	1436
7818	1	5695
7819	0	959
7819	1	3989
7820	2	2999
7821	0	5103
7821	1	5695
7822	0	986
7822	1	2122
7823	0	1672
7823	1	233
7824	0	8602
7824	1	1631
7825	0	7292
7825	1	1255
7826	0	6138
7826	1	1255
7827	2	7901
7828	0	7826
7828	1	510
7829	2	4169
7830	0	8602
7830	1	2761
7831	0	930
7831	1	6083
7832	2	3902
7833	0	8443
7833	1	6257
7834	2	6010
7835	2	845
7836	2	1009
7837	0	8136
7837	1	7739
7838	2	8476
7839	0	2655
7839	1	7739
7840	2	3440
7841	0	3960
7841	1	5922
7842	0	930
7842	1	7739
7843	0	5939
7843	1	1808
7844	0	2092
7844	1	2169
7845	0	7839
7845	1	8183
7846	0	6526
7846	1	5214
7847	0	617
7847	1	7739
7848	0	3704
7848	1	8465
7849	0	1436
7849	1	1080
7850	0	5481
7850	1	233
7851	0	2204
7851	1	278
7852	0	4833
7852	1	74
7853	2	7026
7854	0	2780
7854	1	355
7855	0	7809
7855	1	35
7856	0	4606
7856	1	35
7857	2	377
7858	0	7809
7858	1	3578
7859	2	4704
7860	0	2015
7860	1	6083
7861	0	5453
7861	1	5922
7862	0	7633
7862	1	3989
7863	0	5103
7863	1	3989
7864	0	4664
7864	1	7904
7865	0	5353
7865	1	35
7866	0	7156
7866	1	6853
7867	0	6011
7867	1	510
7868	2	1693
7869	2	4723
7870	0	4888
7870	1	688
7871	0	6562
7871	1	2169
7872	0	7777
7872	1	1473
7873	0	2551
7873	1	2652
7874	2	503
7875	0	5541
7875	1	5760
7876	0	2706
7876	1	8368
7877	0	3870
7877	1	6110
7878	0	3601
7878	1	8188
7879	2	8516
7880	0	3165
7880	1	7904
7881	0	3581
7881	1	7904
7882	0	3960
7882	1	6853
7883	0	433
7883	1	734
7884	0	4663
7884	1	734
7885	0	3327
7885	1	742
7886	0	3381
7886	1	8154
7887	2	2835
7888	0	2655
7888	1	249
7889	0	986
7889	1	8465
7890	2	1050
7891	2	578
7892	2	5268
7893	2	4098
7894	0	2577
7894	1	6669
7895	2	2978
7896	0	7777
7896	1	1285
7897	2	6840
7898	2	923
7899	2	6507
7900	2	6832
7901	2	7621
7902	2	8570
7903	0	2956
7903	1	1969
7904	0	5183
7904	1	6083
7905	0	5103
7905	1	2761
7906	0	3601
7906	1	7419
7907	0	5103
7907	1	3564
7908	0	8036
7908	1	6083
7909	2	2511
7910	0	5541
7910	1	4457
7911	0	3917
7911	1	6669
7912	0	7392
7912	1	7295
7913	2	8074
7914	0	2941
7914	1	7993
7915	2	1282
7916	0	2577
7916	1	2761
7917	2	4677
7918	0	5233
7918	1	5484
7919	2	501
7920	0	5093
7920	1	6199
7921	0	1801
7921	1	560
7922	0	2674
7922	1	4100
7923	0	5579
7923	1	931
7924	0	2415
7924	1	7419
7925	2	4713
7926	0	6337
7926	1	6669
7927	0	6011
7927	1	7295
7928	2	7603
7929	2	3615
7930	0	246
7930	1	4030
7931	2	1454
7932	0	4815
7932	1	6110
7933	0	8602
7933	1	3469
7934	2	8547
7935	0	5858
7935	1	2088
7936	2	3423
7937	0	2743
7937	1	4861
7938	0	5453
7938	1	4861
7939	2	6824
7940	0	1254
7940	1	7730
7941	2	2857
7942	2	2785
7943	2	556
7944	2	3294
7945	0	223
7945	1	4861
7946	0	6337
7946	1	4861
7947	2	1992
7948	0	5562
7948	1	4644
7949	2	5039
7950	0	766
7950	1	233
7951	0	1895
7951	1	6083
7952	2	7569
7953	0	2106
7953	1	1808
7954	2	6266
7955	0	8443
7955	1	7509
7956	0	3445
7956	1	3989
7957	2	5229
7958	2	3152
7959	0	6352
7959	1	1808
7960	0	7892
7960	1	2536
7961	0	6547
7961	1	4644
7962	0	5453
7962	1	8465
7963	0	2880
7963	1	234
7964	0	403
7964	1	2966
7965	0	7270
7965	1	7454
7966	0	5103
7966	1	7454
7967	0	5541
7967	1	2148
7968	0	5579
7968	1	1960
7969	2	8356
7970	2	3807
7971	0	5103
7971	1	2076
7972	0	2956
7972	1	2777
7973	0	2674
7973	1	2536
7974	2	1684
7975	0	6459
7975	1	4644
7976	0	4302
7976	1	6015
7977	2	4351
7978	0	2415
7978	1	6083
7979	0	3581
7979	1	560
7980	2	2437
7981	2	2206
7982	0	7292
7982	1	648
7983	2	4034
7984	0	3581
7984	1	8551
7985	0	6337
7985	1	8368
7986	2	1045
7987	2	4339
7988	2	4496
7989	0	7270
7989	1	5798
7990	2	2034
7991	2	3660
7992	0	6221
7992	1	560
7993	0	5579
7993	1	8551
7994	0	7892
7994	1	1960
7995	0	5353
7995	1	6209
7996	0	433
7996	1	3611
7997	2	6392
7998	0	7197
7998	1	2671
7999	0	5579
7999	1	6993
8000	2	8270
8001	2	1096
8002	0	656
8002	1	1285
8003	2	7775
8004	2	1098
8005	2	6297
8006	2	4884
8007	0	5824
8007	1	3469
8008	0	115
8008	1	830
8009	0	47
8009	1	5420
8010	0	3960
8010	1	5420
8011	2	1828
8012	0	3381
8012	1	5760
8013	0	5093
8013	1	5798
8014	0	4566
8014	1	7993
8015	0	5103
8015	1	2098
8016	0	1436
8016	1	2076
8017	0	7270
8017	1	8549
8018	0	6138
8018	1	2076
8019	0	2130
8019	1	718
8020	2	7253
8021	0	3960
8021	1	3564
8022	0	4135
8022	1	233
8023	0	6337
8023	1	3956
8024	2	334
8025	0	1967
8025	1	5214
8026	2	5288
8027	0	1508
8027	1	5288
8028	0	1254
8028	1	2122
8029	0	246
8029	1	5214
8030	0	7292
8030	1	4510
8031	0	7809
8031	1	8183
8032	2	6952
8033	0	5468
8033	1	2614
8034	0	1436
8034	1	1285
8035	0	2100
8035	1	5995
8036	0	5858
8036	1	2098
8037	0	1672
8037	1	1285
8038	0	2106
8038	1	1791
8039	2	6453
8040	2	621
8041	0	4113
8041	1	4545
8042	0	2311
8042	1	7295
8043	2	2308
8044	0	5562
8044	1	283
8045	2	3556
8046	2	8072
8047	0	5858
8047	1	742
8048	0	3601
8048	1	688
8049	0	3420
8049	1	6110
8050	0	2333
8050	1	5832
8051	0	4663
8051	1	1969
8052	0	2780
8052	1	7302
8053	2	3200
8054	2	1920
8055	2	6334
8056	2	2274
8057	0	2311
8057	1	6199
8058	2	167
8059	0	7416
8059	1	3882
8060	2	7713
8061	2	1931
8062	0	5233
8062	1	8368
8063	0	1967
8063	1	2808
8064	0	3581
8064	1	2808
8065	2	3887
8066	0	5434
8066	1	8188
8067	0	5337
8067	1	2088
8068	0	6337
8068	1	5420
8069	0	1436
8069	1	7904
8070	0	663
8070	1	7904
8071	0	4833
8071	1	5832
8072	0	2710
8072	1	742
8073	0	8644
8073	1	7730
8074	0	2655
8074	1	5484
8075	2	6080
8076	0	2636
8076	1	3244
8077	0	8191
8077	1	6853
8078	0	5562
8078	1	6575
8079	0	4606
8079	1	1092
8080	2	7106
8081	2	5734
8082	0	4833
8082	1	392
8083	0	2106
8083	1	3244
8084	0	7227
8084	1	3244
8085	2	2253
8086	2	6390
8087	0	6149
8087	1	2761
8088	2	1531
8089	2	5359
8090	0	7292
8090	1	1930
8091	2	3016
8092	2	1637
8093	0	4642
8093	1	5760
8094	2	1569
8095	0	5541
8095	1	7509
8096	0	8036
8096	1	7509
8097	2	4112
8098	0	8035
8098	1	2307
8099	0	433
8099	1	7050
8100	0	8452
8100	1	6083
8101	0	8443
8101	1	287
8102	0	433
8102	1	5178
8103	0	5784
8103	1	688
8104	2	4856
8105	0	4135
8105	1	688
8106	2	3939
8107	0	8602
8107	1	7419
8108	2	4813
8109	0	4302
8109	1	5484
8110	0	1895
8110	1	5484
8111	2	1823
8112	0	7874
8112	1	4644
8113	0	2995
8113	1	7730
8114	0	8251
8114	1	287
8115	0	1436
8115	1	1843
8116	0	3165
8116	1	688
8117	0	3381
8117	1	2671
8118	2	393
8119	0	6285
8119	1	1205
8120	0	617
8120	1	355
8121	0	5462
8121	1	2117
8122	2	4115
8123	2	541
8124	0	3165
8124	1	3565
8125	0	1258
8125	1	3565
8126	0	668
8126	1	5500
8127	0	6331
8127	1	7739
8128	0	7921
8128	1	4644
8129	2	4405
8130	0	225
8130	1	4644
8131	0	6294
8131	1	35
8132	0	8237
8132	1	7739
8133	2	5930
8134	2	3241
8135	2	4463
8136	2	5808
8137	0	3381
8137	1	3244
8138	0	2956
8138	1	3244
8139	2	3285
8140	0	8251
8140	1	2117
8141	0	2674
8141	1	2777
8142	0	4302
8142	1	7989
8143	2	7075
8144	0	1967
8144	1	5539
8145	0	2674
8145	1	5995
8146	0	3165
8146	1	5995
8147	0	5233
8147	1	5995
8148	0	3165
8148	1	2169
8149	0	7349
8149	1	648
8150	0	3327
8150	1	3989
8151	0	8443
8151	1	4100
8152	0	986
8152	1	1838
8153	2	3597
8154	0	5541
8154	1	1205
8155	2	4231
8156	0	6011
8156	1	7989
8157	2	8604
8158	0	5453
8158	1	1808
8159	0	6973
8159	1	560
8160	2	2919
8161	2	6875
8162	2	6735
8163	2	558
8164	0	5319
8164	1	7419
8165	0	7557
8165	1	8465
8166	0	5453
8166	1	2169
8167	0	1801
8167	1	2169
8168	2	7398
8169	0	371
8169	1	3780
8170	0	5541
8170	1	3780
8171	0	2130
8171	1	3780
8172	0	3381
8172	1	3780
8173	0	7633
8173	1	3780
8174	0	7270
8174	1	6993
8175	0	2130
8175	1	3564
8176	0	3381
8176	1	688
8177	2	7157
8178	2	4054
8179	0	1508
8179	1	3698
8180	0	6011
8180	1	2966
8181	2	3341
8182	0	7758
8182	1	287
8183	0	3206
8183	1	5500
8184	2	6948
8185	0	1672
8185	1	2761
8186	2	176
8187	0	3165
8187	1	5922
8188	0	7892
8188	1	6257
8189	0	8237
8189	1	1274
8190	2	4946
8191	0	919
8191	1	6718
8192	2	6552
8193	2	7393
8194	0	3870
8194	1	8368
8195	0	5233
8195	1	3565
8196	0	1174
8196	1	2761
8197	2	7072
8198	2	8168
8199	0	7874
8199	1	4816
8200	2	7976
8201	0	893
8201	1	6718
8202	2	4495
8203	2	1291
8204	0	7892
8204	1	5214
8205	0	668
8205	1	4122
8206	0	5453
8206	1	4122
8207	0	3445
8207	1	8464
8208	0	5858
8208	1	6199
8209	0	2655
8209	1	1960
8210	0	5541
8210	1	3611
8211	2	8593
8212	0	5562
8212	1	5185
8213	0	3581
8213	1	5185
8214	0	2204
8214	1	5539
8215	0	5824
8215	1	5539
8216	0	246
8216	1	4578
8217	0	2015
8217	1	8551
8218	0	6459
8218	1	73
8219	0	1508
8219	1	4639
8220	2	418
8221	2	7423
8222	0	2311
8222	1	2148
8223	0	5541
8223	1	688
8224	2	2838
8225	2	1760
8226	0	3381
8226	1	1473
8227	0	7892
8227	1	1631
8228	0	3917
8228	1	1631
8229	2	2972
8230	0	2130
8230	1	5214
8231	0	5453
8231	1	4510
8232	2	4897
8233	0	5103
8233	1	5933
8234	2	7239
8235	2	2194
8236	2	2748
8237	0	3917
8237	1	6853
8238	0	4430
8238	1	1285
8239	0	1436
8239	1	6993
8240	0	3917
8240	1	8465
8241	2	6280
8242	0	5103
8242	1	8368
8243	0	2368
8243	1	2355
8244	2	5232
8245	0	6138
8245	1	1205
8246	0	403
8246	1	4644
8247	0	1248
8247	1	2088
8248	2	4037
8249	0	2100
8249	1	5178
8250	0	6331
8250	1	8154
8251	0	2333
8251	1	8154
8252	0	6294
8252	1	1930
8253	2	3508
8254	0	358
8254	1	4752
8255	2	7504
8256	0	7921
8256	1	1560
8257	0	899
8257	1	1560
8258	0	8124
8258	1	1560
8259	0	8443
8259	1	2117
8260	0	7878
8260	1	6669
8261	0	5541
8261	1	5630
8262	0	3960
8262	1	5630
8263	0	7349
8263	1	7904
8264	0	403
8264	1	688
8265	0	3704
8265	1	7904
8266	0	5468
8266	1	7904
8267	0	6138
8267	1	7904
8268	0	1508
8268	1	7904
8269	0	8366
8269	1	7904
8270	0	5434
8270	1	726
8271	0	47
8271	1	4545
8272	0	7392
8272	1	560
8273	2	4914
8274	2	7797
8275	0	1436
8275	1	4861
8276	2	1193
8277	0	2953
8277	1	6083
8278	0	3327
8278	1	6110
8279	2	5184
8280	0	7365
8280	1	6718
8281	0	1508
8281	1	4861
8282	0	2214
8282	1	7419
8283	2	823
8284	0	600
8284	1	5500
8285	2	2357
8286	0	3501
8286	1	1519
8287	0	1436
8287	1	4578
8288	0	2100
8288	1	1274
8289	2	6495
8290	0	2001
8290	1	3611
8291	2	4824
8292	2	2874
8293	0	175
8293	1	5217
8294	0	175
8294	1	1519
8295	2	675
8296	0	2780
8296	1	1274
8297	0	2880
8297	1	4230
8298	0	4833
8298	1	4230
8299	0	2333
8299	1	3469
8300	0	8443
8300	1	3469
8301	0	8443
8301	1	1065
8302	0	2706
8302	1	8154
8303	2	6051
8304	2	7338
8305	0	669
8305	1	1306
8306	0	5434
8306	1	688
8307	0	3870
8307	1	4510
8308	2	8111
8309	2	5595
8310	2	5398
8311	2	5216
8312	0	2706
8312	1	7302
8313	0	4663
8313	1	2117
8314	0	5468
8314	1	7295
8315	0	1174
8315	1	7050
8316	0	8237
8316	1	7081
8317	2	2465
8318	0	6294
8318	1	1843
8319	2	7333
8320	0	6353
8320	1	7739
8321	0	2108
8321	1	7739
8322	2	3853
8323	0	4302
8323	1	4644
8324	0	3905
8324	1	2671
8325	0	8237
8325	1	2761
8326	0	2706
8326	1	2761
8327	0	2106
8327	1	6920
8328	2	5019
8329	2	6150
8330	0	7693
8330	1	560
8331	2	6303
8332	2	1626
8333	0	4833
8333	1	2099
8334	2	3233
8335	2	1886
8336	0	1258
8336	1	7509
8337	2	2985
8338	0	6353
8338	1	1255
8339	0	3381
8339	1	1843
8340	0	14
8340	1	1274
8341	0	5453
8341	1	2761
8342	2	3103
8343	2	5395
8344	0	2108
8344	1	3451
8345	0	2633
8345	1	1860
8346	0	6138
8346	1	7179
8347	2	2762
8348	0	5468
8348	1	7179
8349	0	5573
8349	1	2761
8350	0	5434
8350	1	392
8351	0	4430
8351	1	392
8352	2	1981
8353	2	1223
8354	2	1010
8355	0	223
8355	1	8188
8356	2	4204
8357	2	6031
8358	2	4132
8359	2	5078
8360	0	7693
8360	1	5922
8361	0	6732
8361	1	1080
8362	0	7633
8362	1	5832
8363	2	8558
8364	2	4754
8365	0	2106
8365	1	7179
8366	0	7892
8366	1	8621
8367	0	7809
8367	1	8621
8368	2	3486
8369	0	5541
8369	1	2863
8370	0	5487
8370	1	4644
8371	2	8130
8372	0	3917
8372	1	6083
8373	2	1260
8374	2	7737
8375	0	7826
8375	1	648
8376	2	361
8377	0	5541
8377	1	6596
8378	2	7025
8379	0	5799
8379	1	3945
8380	0	3093
8380	1	6853
8381	0	6221
8381	1	1960
8382	2	4893
8383	0	403
8383	1	4639
8384	2	2443
8385	0	3960
8385	1	4545
8386	2	6953
8387	0	8644
8387	1	6015
8388	0	1672
8388	1	2755
8389	0	6011
8389	1	7179
8390	0	7878
8390	1	7179
8391	2	8102
8392	2	786
8393	2	8350
8394	0	5541
8394	1	6767
8395	0	7633
8395	1	6257
8396	0	2880
8396	1	6257
8397	2	6554
8398	0	2311
8398	1	4578
8399	2	8152
8400	0	3165
8400	1	4578
8401	0	8250
8401	1	3945
8402	2	5314
8403	0	7809
8403	1	1159
8404	0	4642
8404	1	3404
8405	0	2577
8405	1	2122
8406	0	3106
8406	1	3956
8407	0	237
8407	1	3956
8408	0	6973
8408	1	3404
8409	0	6459
8409	1	6199
8410	0	4663
8410	1	2088
8411	2	431
8412	2	7254
8413	2	3924
8414	2	295
8415	0	1135
8415	1	7179
8416	0	7270
8416	1	7179
8417	0	5799
8417	1	5922
8418	0	6577
8418	1	8225
8419	0	1474
8419	1	1808
8420	0	3444
8420	1	7179
8421	0	5579
8421	1	3174
8422	0	433
8422	1	7454
8423	0	5541
8423	1	6110
8424	0	2941
8424	1	1791
8425	0	478
8425	1	3564
8426	0	2880
8426	1	3244
8427	2	6057
8428	0	2769
8428	1	7739
8429	0	4664
8429	1	6199
8430	0	4606
8430	1	7179
8431	0	2108
8431	1	6718
8432	2	8081
8433	0	5487
8433	1	3451
8434	0	5579
8434	1	830
8435	0	6011
8435	1	830
8436	0	7878
8436	1	830
8437	2	1799
8438	0	3381
8438	1	3945
8439	0	2333
8439	1	1969
8440	0	663
8440	1	5828
8441	2	7702
8442	0	7809
8442	1	7179
8443	0	899
8443	1	5922
8444	2	4628
8445	2	6825
8446	0	6236
8446	1	1969
8447	2	6377
8448	0	3093
8448	1	4523
8449	2	8480
8450	0	2100
8450	1	4523
8451	0	1874
8451	1	3989
8452	0	6137
8452	1	7739
8453	0	7633
8453	1	8368
8454	2	3384
8455	0	2100
8455	1	233
8456	0	1508
8456	1	1065
8457	0	6221
8457	1	1065
8458	2	4242
8459	0	7633
8459	1	1065
8460	0	2130
8460	1	4100
8461	2	2757
8462	0	4135
8462	1	1205
8463	2	7337
8464	0	4507
8464	1	7302
8465	0	4888
8465	1	1413
8466	0	4663
8466	1	3244
8467	2	798
8468	0	3093
8468	1	3174
8469	0	246
8469	1	7424
8470	0	4135
8470	1	8368
8471	0	4302
8471	1	8188
8472	2	6815
8473	0	5462
8473	1	6767
8474	2	2670
8475	0	3704
8475	1	7739
8476	0	1254
8476	1	3059
8477	0	1436
8477	1	5567
8478	0	8644
8478	1	5494
8479	2	5165
8480	0	6447
8480	1	3860
8481	0	6577
8481	1	6669
8482	0	3825
8482	1	6669
8483	0	5541
8483	1	667
8484	0	4135
8484	1	355
8485	0	7892
8485	1	7951
8486	0	403
8486	1	6575
8487	2	2879
8488	0	930
8488	1	5420
8489	0	3581
8489	1	3850
8490	0	358
8490	1	6575
8491	0	5093
8491	1	7454
8492	0	7633
8492	1	7454
8493	0	223
8493	1	2117
8494	2	574
8495	0	8124
8495	1	2966
8496	0	3206
8496	1	510
8497	0	1508
8497	1	5335
8498	0	246
8498	1	3564
8499	0	3206
8499	1	3564
8500	0	4669
8500	1	510
8501	2	3671
8502	0	433
8502	1	7993
8503	0	2311
8503	1	283
8504	2	2449
8505	2	8026
8506	0	1474
8506	1	4030
8507	2	8417
8508	2	228
8509	0	7777
8509	1	464
8510	2	7219
8511	0	1271
8511	1	3564
8512	0	1672
8512	1	3451
8513	0	3499
8513	1	797
8514	2	3770
8515	0	1436
8515	1	688
8516	0	1672
8516	1	797
8517	2	6510
8518	2	4537
8519	0	4663
8519	1	3945
8520	2	1834
8521	0	7839
8521	1	8225
8522	0	7809
8522	1	1187
8523	0	2130
8523	1	6794
8524	0	7809
8524	1	6794
8525	2	4724
8526	0	3444
8526	1	688
8527	0	6526
8527	1	8225
8528	0	2214
8528	1	464
8529	0	358
8529	1	2422
8530	2	1580
8531	2	6191
8532	2	455
8533	2	4181
8534	0	5193
8534	1	1065
8535	0	6138
8535	1	1065
8536	0	2015
8536	1	8188
8537	0	3981
8537	1	8551
8538	0	4135
8538	1	7081
8539	0	7416
8539	1	7081
8540	0	3381
8540	1	7081
8541	2	8408
8542	2	2973
8543	2	5551
8544	2	7997
8545	0	7633
8545	1	5798
8546	0	3825
8546	1	6083
8547	0	5193
8547	1	5500
8548	0	3704
8548	1	4816
8549	0	5858
8549	1	4816
8550	0	254
8550	1	648
8551	2	1107
8552	2	5325
8553	2	5733
8554	2	4101
8555	2	4574
8556	0	2706
8556	1	560
8557	0	5193
8557	1	560
8558	0	2100
8558	1	234
8559	0	5462
8559	1	234
8560	2	2327
8561	2	1167
8562	0	8443
8562	1	5828
8563	0	3381
8563	1	7179
8564	0	2130
8564	1	7179
8565	0	5201
8565	1	7179
8566	0	2214
8566	1	3860
8567	0	2577
8567	1	1960
8568	0	2780
8568	1	1960
8569	0	6337
8569	1	1960
8570	0	5453
8570	1	5420
8571	0	4560
8571	1	3469
8572	0	8124
8572	1	797
8573	0	4606
8573	1	86
8574	0	433
8574	1	2076
8575	0	5139
8575	1	797
8576	0	2130
8576	1	797
8577	2	7666
8578	2	5865
8579	2	2388
8580	2	6395
8581	0	6236
8581	1	3945
8582	0	7270
8582	1	7951
8583	0	7809
8583	1	7951
8584	2	4798
8585	0	959
8585	1	5832
8586	0	6011
8586	1	283
8587	0	3537
8587	1	3404
8588	0	7229
8588	1	3404
8589	2	8562
8590	0	2106
8590	1	3989
8591	0	6331
8591	1	718
8592	0	2311
8592	1	718
8593	2	3617
8594	2	4852
8595	2	7788
8596	0	675
8596	1	1285
8597	2	7487
8598	0	8602
8598	1	7454
8599	0	930
8599	1	6920
8600	0	2106
8600	1	6199
8601	0	7197
8601	1	4545
8602	2	2490
8603	2	2496
8604	2	4622
8605	0	5541
8605	1	7179
8606	0	2706
8606	1	7179
8607	0	3151
8607	1	4510
8608	0	8237
8608	1	6993
8609	0	1258
8609	1	5006
8610	0	6138
8610	1	1413
8611	0	2297
8611	1	8465
8612	0	223
8612	1	3564
8613	0	2015
8613	1	6920
8614	2	1870
8615	0	663
8615	1	8465
8616	2	6520
8617	2	2638
8618	2	6119
8619	0	3445
8619	1	3564
8620	0	403
8620	1	8188
8621	2	3646
8622	0	919
8622	1	6083
8623	2	2237
8624	2	903
8625	0	5858
8625	1	8465
8626	0	5462
8626	1	1843
8627	2	1276
8628	0	4833
8628	1	7295
8629	0	7349
8629	1	3404
8630	2	3427
8631	0	6011
8631	1	3117
8632	2	6599
8633	0	8250
8633	1	6083
8634	0	1899
8634	1	4644
8635	0	3960
8635	1	560
8636	0	2706
8636	1	3404
8637	2	5038
8638	2	7966
8639	0	1508
8639	1	1274
8640	2	627
8641	0	487
8641	1	1285
8642	0	370
8642	1	2966
8643	0	286
8643	1	6718
8644	2	3471
8645	2	7155
8646	0	6011
8646	1	2694
8647	2	698
8648	2	6003
8649	2	3054
8650	0	115
8650	1	283
8651	2	2847
8652	2	2663
8653	0	7921
8653	1	3117
8654	0	1135
8654	1	3956
8655	0	2130
8655	1	3956
8656	0	2780
8656	1	3860
8657	2	7034
8658	2	432
8659	0	668
8659	1	6669
8660	2	3097
8661	0	959
8661	1	1080
8662	2	6946
8663	0	6955
8663	1	3850
8664	2	2073
8665	0	2106
8665	1	8465
8666	0	2333
8666	1	7872
8667	0	5468
8667	1	6110
8668	0	5858
8668	1	7179
8669	0	6352
8669	1	2808
8670	0	2204
8670	1	8465
8671	2	6786
8672	2	5879
8673	0	3075
8673	1	4644
8674	2	5327
8675	0	2655
8675	1	5922
8676	2	2414
8677	2	7341
8678	0	3917
8678	1	5420
8679	0	7392
8679	1	3882
8680	0	3106
8680	1	3882
8681	0	6337
8681	1	5798
8682	0	7270
8682	1	7081
8683	0	4664
8683	1	7179
8684	0	5579
8684	1	7179
8685	2	1792
8686	2	6448
8687	2	8274
8688	0	7826
8688	1	4644
8689	0	6294
8689	1	3729
8690	0	600
8690	1	560
8691	0	5541
8691	1	5178
8692	0	5858
8692	1	5832
8693	0	3581
8693	1	2966
8694	0	2130
8694	1	3565
8695	0	4888
8695	1	718
8696	2	5438
8697	0	1801
8697	1	283
8698	0	115
8698	1	648
8699	2	7151
8700	2	5510
8701	0	47
8701	1	1274
8702	0	3165
8702	1	1274
8703	0	4888
8703	1	5185
8704	0	487
8704	1	5185
8705	0	7500
8705	1	2012
8706	0	403
8706	1	2148
8707	2	4971
8708	0	4664
8708	1	1285
8709	0	5462
8709	1	4545
8710	0	3165
8710	1	2966
8711	0	3389
8711	1	2966
8712	0	5858
8712	1	1413
8713	0	5579
8713	1	1413
8714	0	4899
8714	1	2966
8715	0	2674
8715	1	1413
8716	0	6459
8716	1	2076
8717	2	3500
8718	0	4790
8718	1	8188
8719	0	6093
8719	1	8188
8720	2	7342
8721	0	7878
8721	1	1960
8722	2	3650
8723	2	5140
8724	0	1801
8724	1	6718
8725	2	6046
8726	2	7057
8727	2	2546
8728	2	4556
8729	2	1839
8730	0	2674
8730	1	2076
8731	0	3870
8731	1	797
8732	0	2880
8732	1	2098
8733	0	3381
8733	1	2098
8734	0	5468
8734	1	2098
8735	0	1288
8735	1	5420
8736	0	2106
8736	1	2122
8737	0	3165
8737	1	3989
8738	0	6577
8738	1	3451
8739	0	1508
8739	1	8225
8740	2	2580
8741	0	2636
8741	1	2088
8742	2	6846
8743	0	600
8743	1	2076
8744	2	1381
8745	0	4822
8745	1	6853
8746	2	5833
8747	0	5353
8747	1	1375
8748	2	5450
8749	0	8237
8749	1	2098
8750	2	1650
8751	2	4448
8752	0	2577
8752	1	2755
8753	0	2130
8753	1	5828
8754	2	6616
8755	0	7197
8755	1	8052
8756	2	3481
8757	0	5233
8757	1	8465
8758	0	7878
8758	1	2755
8759	0	2311
8759	1	6083
8760	0	959
8760	1	7739
8761	2	8296
8762	0	617
8762	1	2755
8763	0	6732
8763	1	5922
8764	2	5979
8765	2	8389
8766	0	3327
8766	1	8188
8767	0	2092
8767	1	7739
8768	0	2706
8768	1	2098
8769	2	2721
8770	0	1967
8770	1	7739
8771	2	3875
8772	2	6977
8773	0	47
8773	1	7179
8774	2	2811
8775	2	108
8776	0	8216
8776	1	6083
8777	2	7623
8778	0	2941
8778	1	1375
8779	0	3952
8779	1	6663
8780	2	4517
8781	0	7921
8781	1	3061
8782	0	242
8782	1	6669
8783	2	996
8784	0	3952
8784	1	7950
8785	0	5103
8785	1	6663
8786	2	2417
8787	0	7236
8787	1	7179
8788	0	2015
8788	1	4510
8789	2	1648
8790	0	4888
8790	1	6663
8791	0	4135
8791	1	6015
8792	0	7292
8792	1	7730
8793	2	7161
8794	0	4664
8794	1	6575
8795	2	1346
8796	2	3612
8797	0	2100
8797	1	3451
8798	2	5198
8799	2	1089
8800	0	254
8800	1	3611
8801	2	596
8802	2	5208
8803	2	8047
8804	0	7270
8804	1	1631
8805	0	4135
8805	1	6594
8806	0	5462
8806	1	1285
8807	0	5579
8807	1	2307
8808	0	8035
8808	1	6767
8809	2	3958
8810	0	2001
8810	1	6575
8811	0	2001
8811	1	3469
8812	0	7693
8812	1	464
8813	2	1545
8814	0	2780
8814	1	4030
8815	0	5337
8815	1	4030
8816	0	5698
8816	1	4644
8817	0	1174
8817	1	7295
8818	0	7633
8818	1	7295
8819	0	2100
8819	1	7454
8820	2	8460
8821	0	3704
8821	1	6575
8822	0	8250
8822	1	6718
8823	0	1474
8823	1	5506
8824	2	3599
8825	0	2674
8825	1	5943
8826	0	5353
8826	1	7739
8827	0	5541
8827	1	4263
8828	2	1713
8829	0	175
8829	1	2099
8830	0	2333
8830	1	5500
8831	0	4888
8831	1	3860
8832	0	6221
8832	1	8417
8833	0	2100
8833	1	6083
8834	0	5481
8834	1	6015
8835	0	2108
8835	1	6015
8836	0	4737
8836	1	4644
8837	0	3862
8837	1	4644
8838	0	4606
8838	1	392
8839	2	7141
8840	0	3437
8840	1	4122
8841	0	4833
8841	1	4122
8842	0	2706
8842	1	6669
8843	0	7892
8843	1	6669
8844	0	6138
8844	1	5922
8845	0	4664
8845	1	1901
8846	0	8393
8846	1	6718
8847	2	4116
8848	0	2100
8848	1	6663
8849	0	6882
8849	1	6575
8850	0	5799
8850	1	3882
8851	0	7839
8851	1	2755
8852	2	386
8853	2	8477
8854	0	2780
8854	1	5922
8855	0	2780
8855	1	1843
8856	0	225
8856	1	1843
8857	2	6472
8858	0	5541
8858	1	5832
8859	0	2130
8859	1	1843
8860	2	5425
8861	2	1011
8862	0	7892
8862	1	7993
8863	2	870
8864	0	8281
8864	1	3451
8865	0	3601
8865	1	1274
8866	0	6337
8866	1	1274
8867	2	944
8868	0	1672
8868	1	1808
8869	0	5201
8869	1	560
8870	0	2880
8870	1	4578
8871	2	7731
8872	2	3877
8873	0	2655
8873	1	287
8874	0	2100
8874	1	287
8875	2	3370
8876	0	5093
8876	1	1413
8877	2	342
8878	0	5353
8878	1	287
8879	0	8602
8879	1	4484
8880	2	5696
8881	0	6138
8881	1	718
8882	0	1895
8882	1	718
8883	2	881
8884	2	6307
8885	2	1061
8886	0	3165
8886	1	3945
8887	2	1966
8888	0	6221
8888	1	283
8889	2	6657
8890	0	7251
8890	1	234
8891	0	5103
8891	1	234
8892	0	3960
8892	1	8188
8893	0	7693
8893	1	8188
8894	0	5139
8894	1	7179
8895	0	6337
8895	1	8551
8896	0	2106
8896	1	234
8897	0	983
8897	1	6083
8898	0	433
8898	1	7179
8899	0	3106
8899	1	8465
8900	0	7892
8900	1	8551
8901	0	6337
8901	1	5832
8902	2	3186
8903	2	6398
8904	0	6337
8904	1	3404
8905	2	4735
8906	0	2743
8906	1	5420
8907	0	2706
8907	1	1205
8908	2	2309
8909	0	3581
8909	1	648
8910	2	2456
8911	0	2333
8911	1	648
8912	0	2636
8912	1	2755
8913	0	7633
8913	1	4639
8914	0	2710
8914	1	4639
8915	0	3463
8915	1	510
8916	2	8448
8917	2	4640
8918	0	5468
8918	1	1968
8919	0	3601
8919	1	1968
8920	2	3703
8921	2	6871
8922	2	6571
8923	0	7813
8923	1	2761
8924	0	2769
8924	1	4484
8925	0	3825
8925	1	1193
8926	2	209
8927	0	2504
8927	1	1960
8928	0	2880
8928	1	1960
8929	0	5233
8929	1	2169
8930	2	928
8931	0	3165
8931	1	1255
8932	2	3854
8933	2	2078
8934	0	5103
8934	1	7904
8935	0	6149
8935	1	1968
8936	0	3327
8936	1	234
8937	0	3499
8937	1	8551
8938	2	7543
8939	2	5618
8940	0	5541
8940	1	8526
8941	0	2100
8941	1	2122
8942	0	7328
8942	1	1080
8943	2	7362
8944	0	4664
8944	1	7730
8945	0	6054
8945	1	2122
8946	0	7270
8946	1	7477
8947	0	7809
8947	1	7477
8948	2	916
8949	0	4833
8949	1	5288
8950	0	2674
8950	1	7302
8951	0	6526
8951	1	4545
8952	0	7349
8952	1	2088
8953	2	7351
8954	0	6221
8954	1	2169
8955	0	6054
8955	1	6718
8956	0	3307
8956	1	6920
8957	2	2592
8958	0	3381
8958	1	5006
8959	2	4449
8960	2	6536
8961	0	3327
8961	1	5828
8962	0	2743
8962	1	6663
8963	2	6775
8964	2	8501
8965	0	1508
8965	1	4545
8966	2	6196
8967	0	3870
8967	1	5828
8968	2	5617
8969	0	1801
8969	1	3882
8970	0	7137
8970	1	5828
8971	2	298
8972	0	3381
8972	1	7424
8973	2	921
8974	2	4454
8975	0	1474
8975	1	4861
8976	0	2655
8976	1	3860
8977	0	4664
8977	1	3860
8978	0	5201
8978	1	1791
8979	0	7833
8979	1	7904
8980	0	6447
8980	1	1930
8981	0	5917
8981	1	1791
8982	0	3644
8982	1	6015
8983	0	5233
8983	1	6993
8984	0	7500
8984	1	1930
8985	0	2333
8985	1	1065
8986	0	1672
8986	1	287
8987	0	5799
8987	1	5539
8988	0	7609
8988	1	5828
8989	2	7821
8990	0	2106
8990	1	2307
8991	0	2655
8991	1	688
8992	0	7350
8992	1	688
8993	2	1302
8994	2	4171
8995	2	1427
8996	0	7653
8996	1	4644
8997	2	8359
8998	0	2956
8998	1	3469
8999	0	1672
8999	1	7739
9000	2	7735
9001	2	6058
9002	0	242
9002	1	3989
9003	0	3075
9003	1	464
9004	2	1904
9005	0	6459
9005	1	1285
9006	2	3847
9007	0	6459
9007	1	7739
9008	2	4590
9009	2	6211
9010	0	3327
9010	1	5420
9011	0	7633
9011	1	1843
9012	0	4606
9012	1	742
9013	2	6193
9014	0	2880
9014	1	3469
9015	0	7416
9015	1	7179
9016	0	1508
9016	1	464
9017	0	4663
9017	1	7050
9018	0	4664
9018	1	4894
9019	2	713
9020	0	5541
9020	1	1560
9021	2	5795
9022	0	5481
9022	1	8188
9023	0	246
9023	1	5539
9024	0	6889
9024	1	1473
9025	2	1058
9026	2	3029
9027	2	3120
9028	0	6138
9028	1	7454
9029	2	6919
9030	2	3746
9031	2	3073
9032	2	1885
9033	2	6252
9034	0	7392
9034	1	1791
9035	0	7137
9035	1	7739
9036	2	5043
9037	0	2297
9037	1	7077
9038	0	2100
9038	1	7730
9039	0	7878
9039	1	7295
9040	0	5579
9040	1	1843
9041	0	2706
9041	1	1843
9042	0	3381
9042	1	1808
9043	0	3825
9043	1	5736
9044	0	5858
9044	1	5736
9045	0	2880
9045	1	5736
9046	2	1994
9047	2	6042
9048	0	254
9048	1	8188
9049	0	6011
9049	1	4861
9050	2	5090
9051	0	8237
9051	1	797
9052	0	2106
9052	1	797
9053	0	6136
9053	1	688
9054	0	4135
9054	1	7302
9055	0	7392
9055	1	7302
9056	2	3695
9057	0	5541
9057	1	6993
9058	0	656
9058	1	4644
9059	2	3571
9060	2	8134
9061	0	8237
9061	1	7295
9062	0	8237
9062	1	7419
9063	0	2849
9063	1	1080
9064	2	6569
9065	0	5353
9065	1	2808
9066	0	6221
9066	1	2117
9067	2	4072
9068	0	7892
9068	1	4072
9069	0	242
9069	1	4918
9070	2	2476
9071	2	678
9072	0	8191
9072	1	6575
9073	0	47
9073	1	233
9074	2	4124
9075	2	926
9076	0	1508
9076	1	4578
9077	2	3528
9078	0	8602
9078	1	8188
9079	2	4068
9080	0	246
9080	1	7419
9081	0	3601
9081	1	3244
9082	0	3310
9082	1	5500
9083	0	5233
9083	1	4578
9084	0	6149
9084	1	8225
9085	2	7150
9086	0	4266
9086	1	6718
9087	0	4815
9087	1	283
9088	0	3917
9088	1	5736
9089	0	6171
9089	1	4816
9090	2	5561
9091	2	1109
9092	0	7892
9092	1	7179
9093	2	7585
9094	2	5689
9095	0	7236
9095	1	6718
9096	0	1967
9096	1	4545
9097	0	8319
9097	1	4545
9098	2	8290
9099	0	8251
9099	1	6015
9100	2	8539
9101	2	4235
9102	2	2970
9103	0	663
9103	1	8551
9104	0	2130
9104	1	2098
9105	0	5541
9105	1	2076
9106	2	1705
9107	0	8237
9107	1	3945
9108	0	3644
9108	1	6669
9109	2	4748
9110	0	5233
9110	1	4122
9111	0	5103
9111	1	4122
9112	0	7892
9112	1	1473
9113	0	2880
9113	1	5832
9114	0	6011
9114	1	5178
9115	0	6011
9115	1	4816
9116	0	4566
9116	1	1791
9117	0	3791
9117	1	2088
9118	2	2963
9119	2	412
9120	0	6447
9120	1	2088
9121	0	1214
9121	1	2808
9122	0	2995
9122	1	6853
9123	0	6732
9123	1	8188
9124	2	472
9125	2	1696
9126	0	5562
9126	1	3564
9127	0	4606
9127	1	6596
9128	2	6421
9129	0	4473
9129	1	6083
9130	0	7292
9130	1	2088
9131	0	668
9131	1	3850
9132	0	8237
9132	1	6663
9133	0	7156
9133	1	5828
9134	0	6459
9134	1	6669
9135	2	3330
9136	2	4142
9137	2	3988
9138	2	1570
9139	2	7699
9140	0	2106
9140	1	7302
9141	2	3899
9142	0	5337
9142	1	1960
9143	0	3206
9143	1	6083
9144	0	2655
9144	1	718
9145	0	5858
9145	1	718
9146	0	1508
9146	1	718
9147	0	6577
9147	1	7904
9148	0	663
9148	1	6575
9149	0	6221
9149	1	6575
9150	2	7842
9151	0	8250
9151	1	8282
9152	2	5507
9153	2	7121
9154	2	8416
9155	0	1508
9155	1	5832
9156	2	5469
9157	0	7633
9157	1	8553
9158	0	1508
9158	1	2761
9159	0	3337
9159	1	3850
9160	0	4113
9160	1	3850
9161	2	5980
9162	0	2706
9162	1	5185
9163	0	8452
9163	1	6853
9164	0	6011
9164	1	6853
9165	0	5233
9165	1	6669
9166	0	6337
9166	1	6575
9167	2	5171
9168	2	3557
9169	0	2674
9169	1	734
9170	2	7937
9171	0	7270
9171	1	5567
9172	0	3206
9172	1	5567
9173	2	5643
9174	0	4669
9174	1	1285
9175	0	2100
9175	1	742
9176	2	4647
9177	0	1436
9177	1	742
9178	0	2780
9178	1	2966
9179	2	181
9180	0	7839
9180	1	734
9181	2	5116
9182	0	8191
9182	1	1930
9183	0	6459
9183	1	1930
9184	0	1474
9184	1	2966
9185	2	6407
9186	2	273
9187	0	5201
9187	1	688
9188	0	5698
9188	1	3882
9189	2	869
9190	2	2174
9191	0	2130
9191	1	1205
9192	0	1508
9192	1	7989
9193	0	2674
9193	1	7989
9194	0	2880
9194	1	1560
9195	0	1785
9195	1	1560
9196	0	4135
9196	1	1560
9197	0	5453
9197	1	5539
9198	0	47
9198	1	3061
9199	2	3245
9200	0	3960
9200	1	2088
9201	2	4493
9202	2	4769
9203	2	6835
9204	0	1895
9204	1	518
9205	0	246
9205	1	5567
9206	0	2880
9206	1	7081
9207	0	7392
9207	1	5995
9208	0	2917
9208	1	3564
9209	0	433
9209	1	5006
9210	0	1474
9210	1	5484
9211	0	7874
9211	1	1255
9212	2	1190
9213	0	5462
9213	1	3611
9214	2	490
9215	2	4646
9216	0	5462
9216	1	5828
9217	2	127
9218	2	2118
9219	0	2780
9219	1	7419
9220	0	175
9220	1	3850
9221	0	5579
9221	1	734
9222	0	7878
9222	1	734
9223	2	4916
9224	2	3342
9225	0	4135
9225	1	1080
9226	0	7921
9226	1	7730
9227	2	3858
9228	0	7912
9228	1	3451
9229	0	1474
9229	1	3451
9230	0	3825
9230	1	4861
9231	0	7921
9231	1	2777
9232	0	3093
9232	1	3451
9233	0	6285
9233	1	283
9234	0	7809
9234	1	1792
9235	2	838
9236	0	3581
9236	1	5736
9237	2	3873
9238	0	2706
9238	1	1473
9239	0	246
9239	1	5178
9240	0	8250
9240	1	6821
9241	0	47
9241	1	8368
9242	0	4606
9242	1	4523
9243	0	617
9243	1	8188
9244	2	6568
9245	2	6900
9246	2	5726
9247	0	2880
9247	1	3729
9248	0	2551
9248	1	8465
9249	2	6427
9250	2	49
9251	2	8415
9252	2	2989
9253	2	7168
9254	2	6289
9255	2	5773
9256	0	3075
9256	1	2755
9257	2	7776
9258	0	5939
9258	1	283
9259	2	7662
9260	0	8281
9260	1	3404
9261	0	5462
9261	1	5185
9262	0	2780
9262	1	4545
9263	2	5230
9264	0	1508
9264	1	5828
9265	0	3537
9265	1	6718
9266	2	2400
9267	2	5620
9268	0	1258
9268	1	2808
9269	2	3273
9270	0	2333
9270	1	6920
9271	2	8007
9272	2	1751
9273	0	2880
9273	1	8549
9274	2	2416
9275	0	1254
9275	1	6257
9276	0	242
9276	1	5832
9277	2	894
9278	2	2902
9279	2	3845
9280	2	2735
9281	0	6352
9281	1	4644
9282	0	5353
9282	1	742
9283	0	4664
9283	1	2966
9284	0	3581
9284	1	8526
9285	0	2655
9285	1	2122
9286	0	4606
9286	1	4457
9287	0	2333
9287	1	4457
9288	2	1815
9289	2	6327
9290	2	2928
9291	0	3825
9291	1	4644
9292	2	5415
9293	2	5225
9294	2	4038
9295	2	3225
9296	0	553
9296	1	1285
9297	0	8452
9297	1	1285
9298	0	4664
9298	1	5828
9299	0	4833
9299	1	3174
9300	0	225
9300	1	7739
9301	0	6577
9301	1	2808
9302	2	7384
9303	0	5541
9303	1	7050
9304	2	7457
9305	2	2607
9306	0	7878
9306	1	1560
9307	0	3444
9307	1	2966
9308	0	2945
9308	1	6718
9309	0	2130
9309	1	2966
9310	0	3093
9310	1	5828
9311	0	5233
9311	1	4100
9312	0	7270
9312	1	830
9313	2	3057
9314	0	7921
9314	1	2966
9315	2	7322
9316	0	7270
9316	1	718
9317	0	7921
9317	1	3860
9318	2	4580
9319	2	1247
9320	0	2636
9320	1	1808
9321	0	668
9321	1	7904
9322	2	7851
9323	0	7236
9323	1	2117
9324	0	3327
9324	1	4465
9325	0	3381
9325	1	4465
9326	0	8265
9326	1	2966
9327	0	4888
9327	1	2966
9328	0	2100
9328	1	5922
9329	0	3791
9329	1	8465
9330	2	2749
9331	0	5337
9331	1	6718
9332	0	2706
9332	1	5567
9333	2	7465
9334	0	8124
9334	1	7730
9335	2	5957
9336	2	8427
9337	2	2223
9338	0	3870
9338	1	355
9339	2	4892
9340	2	2895
9341	0	1436
9341	1	3882
9342	0	959
9342	1	5420
9343	2	8084
9344	0	2106
9344	1	1930
9345	0	2015
9345	1	355
9346	0	5233
9346	1	5630
9347	2	6771
9348	0	5468
9348	1	6199
9349	2	5159
9350	2	4756
9351	0	4606
9351	1	4465
9352	2	3607
9353	0	1474
9353	1	5922
9354	0	2917
9354	1	4100
9355	0	1474
9355	1	4100
9356	0	6547
9356	1	2755
9357	2	2373
9358	0	5353
9358	1	1285
9359	0	7620
9359	1	7607
9360	2	8079
9361	0	2674
9361	1	4122
9362	2	7755
9363	0	6011
9363	1	8526
9364	0	6732
9364	1	8526
9365	0	6138
9365	1	8526
9366	0	1436
9366	1	8526
9367	2	2262
9368	0	3444
9368	1	797
9369	0	7156
9369	1	3882
9370	2	8371
9371	0	223
9371	1	2966
9372	0	2674
9372	1	4457
9373	2	3784
9374	0	223
9374	1	734
9375	0	1254
9375	1	688
9376	0	2995
9376	1	7739
9377	2	7357
9378	0	4664
9378	1	3565
9379	0	4888
9379	1	1285
9380	0	2100
9380	1	1843
9381	2	5308
9382	2	922
9383	0	3791
9383	1	4644
9384	2	6794
9385	0	5562
9385	1	6083
9386	0	7500
9386	1	3729
9387	0	1474
9387	1	6669
9388	2	422
9389	2	7932
9390	2	7710
9391	2	5714
9392	2	2597
9393	2	5429
9394	2	8144
9395	0	47
9395	1	4030
9396	0	7156
9396	1	4030
9397	0	7633
9397	1	734
9398	0	7620
9398	1	3117
9399	0	6459
9399	1	1843
9400	2	2796
9401	2	5559
9402	2	3447
9403	2	6513
9404	2	3755
9405	0	242
9405	1	2777
9406	2	8273
9407	2	7286
9408	2	3598
9409	0	7921
9409	1	6993
9410	0	7633
9410	1	1631
9411	0	5579
9411	1	5943
9412	0	6337
9412	1	8188
9413	0	8443
9413	1	5500
9414	2	1268
9415	2	2882
9416	2	3207
9417	0	1248
9417	1	6718
9418	0	223
9418	1	2761
9419	2	2599
9420	2	6376
9421	2	7913
9422	2	2595
9423	2	2628
9424	0	2100
9424	1	7179
9425	2	3619
9426	2	1617
9427	0	4888
9427	1	6199
9428	0	403
9428	1	3789
9429	2	741
9430	2	2886
9431	0	6889
9431	1	4816
9432	2	655
9433	0	3027
9433	1	6853
9434	0	5453
9434	1	1080
9435	0	2769
9435	1	1274
9436	0	2311
9436	1	2966
9437	2	630
9438	0	3206
9438	1	2966
9439	0	47
9439	1	2966
9440	0	3461
9440	1	3860
9441	2	4092
9442	0	6337
9442	1	2761
9443	0	2674
9443	1	5798
9444	2	3724
9445	0	5541
9445	1	73
9446	0	6221
9446	1	3117
9447	0	2674
9447	1	3117
9448	0	8250
9448	1	2088
9449	2	8021
9450	2	3356
9451	0	3327
9451	1	7509
9452	0	5093
9452	1	4465
9453	0	6318
9453	1	5832
9454	0	2880
9454	1	718
9455	2	2630
9456	2	790
9457	2	528
9458	2	8333
9459	2	672
9460	2	1610
9461	0	7500
9461	1	8368
9462	0	1258
9462	1	283
9463	0	4833
9463	1	8188
9464	2	6785
9465	2	7177
9466	2	631
9467	2	5641
9468	0	7653
9468	1	7739
9469	0	2333
9469	1	7509
9470	0	2439
9470	1	7739
9471	0	2108
9471	1	283
9472	0	4566
9472	1	2088
9473	0	433
9473	1	464
9474	0	1801
9474	1	4644
9475	2	6829
9476	2	3147
9477	0	7620
9477	1	7179
9478	0	2780
9478	1	7179
9479	0	2214
9479	1	6083
9480	2	1
9481	0	4606
9481	1	518
9482	0	5579
9482	1	518
9483	2	4160
9484	0	7197
9484	1	2088
9485	0	7557
9485	1	6110
9486	0	1852
9486	1	2117
9487	0	4642
9487	1	4100
9488	0	5579
9488	1	7302
9489	0	7921
9489	1	7739
9490	0	7839
9490	1	5484
9491	0	7878
9491	1	6575
9492	0	93
9492	1	1930
9493	0	433
9493	1	5760
9494	0	5799
9494	1	6110
9495	0	6221
9495	1	6110
9496	0	3084
9496	1	2755
9497	0	52
9497	1	2755
9498	2	1298
9499	2	3085
9500	2	4085
9501	2	7477
9502	0	1106
9502	1	5630
9503	2	7958
9504	0	14
9504	1	1930
9505	2	1158
9506	2	1783
9507	0	2880
9507	1	7424
9508	0	4663
9508	1	7424
9509	0	7620
9509	1	3578
9510	2	6916
9511	0	2957
9511	1	3729
9512	0	1508
9512	1	3564
9513	0	7118
9513	1	688
9514	0	5799
9514	1	355
9515	0	47
9515	1	6575
9516	0	8191
9516	1	6083
9517	0	7633
9517	1	1100
9518	2	1100
9519	0	2130
9519	1	1838
9520	0	6955
9520	1	6083
9521	0	8600
9521	1	1413
9522	0	3791
9522	1	1413
9523	0	1672
9523	1	355
9524	2	6223
9525	0	3165
9525	1	7302
9526	0	5424
9526	1	6110
9527	0	7756
9527	1	1285
9528	0	1258
9528	1	7730
9529	0	2015
9529	1	7302
9530	2	5522
9531	0	7633
9531	1	8417
9532	0	2311
9532	1	8417
9533	0	959
9533	1	2088
9534	0	3165
9534	1	3611
9535	2	6551
9536	0	6337
9536	1	7509
9537	2	4367
9538	0	7416
9538	1	1969
9539	2	2948
9540	0	5103
9540	1	3244
9541	0	3093
9541	1	6993
9542	2	1612
9543	0	433
9543	1	830
9544	0	8443
9544	1	3850
9545	0	2297
9545	1	7904
9546	0	6459
9546	1	355
9547	0	2880
9547	1	4465
9548	2	3460
9549	0	7892
9549	1	2761
9550	2	6906
9551	2	6588
9552	2	6950
9553	2	529
9554	2	1421
9555	0	1174
9555	1	631
9556	2	3325
9557	0	6447
9557	1	3451
9558	0	3327
9558	1	5832
9559	0	2880
9559	1	4861
9560	0	2743
9560	1	2777
9561	2	2360
9562	0	3960
9562	1	3611
9563	2	882
9564	0	3437
9564	1	1080
9565	2	8355
9566	2	105
9567	0	2130
9567	1	2307
9568	0	5103
9568	1	2307
9569	0	5799
9569	1	7730
9570	0	2100
9570	1	5500
9571	2	1070
9572	2	1126
9573	0	7878
9573	1	6083
9574	0	6171
9574	1	8465
9575	2	5456
9576	0	4430
9576	1	4510
9577	2	2851
9578	2	69
9579	0	2015
9579	1	3945
9580	0	8250
9580	1	7179
9581	2	4680
9582	0	1672
9582	1	464
9583	0	5541
9583	1	1838
9584	0	7270
9584	1	6427
9585	0	7809
9585	1	6427
9586	0	242
9586	1	8465
9587	2	1239
9588	0	5573
9588	1	3404
9589	2	601
9590	0	2636
9590	1	2117
9591	0	1258
9591	1	510
9592	0	5233
9592	1	2966
9593	0	3499
9593	1	4644
9594	2	1091
9595	0	1895
9595	1	1838
9596	0	2880
9596	1	2346
9597	0	5468
9597	1	2346
9598	0	8443
9598	1	2966
9599	0	3327
9599	1	830
9600	2	5604
9601	0	7270
9601	1	1337
9602	0	5353
9602	1	797
9603	0	3601
9603	1	3860
9604	0	403
9604	1	1791
9605	2	2423
9606	0	3165
9606	1	6767
9607	0	3823
9607	1	6767
9608	2	3785
9609	0	5468
9609	1	8549
9610	0	7892
9610	1	3989
9611	2	3473
9612	0	735
9612	1	3404
9613	0	115
9613	1	5484
9614	2	3900
9615	2	2013
9616	2	6043
9617	0	2333
9617	1	718
9618	2	889
9619	0	5799
9619	1	718
9620	0	7693
9620	1	1274
9621	2	2258
9622	0	3981
9622	1	1285
9623	0	7270
9623	1	73
9624	0	8452
9624	1	5420
9625	0	5939
9625	1	5420
9626	0	1967
9626	1	5484
9627	2	6673
9628	0	6294
9628	1	2761
9629	0	7892
9629	1	35
9630	0	8237
9630	1	8225
9631	2	876
9632	2	5278
9633	2	6954
9634	0	7270
9634	1	7730
9635	0	7633
9635	1	278
9636	0	7777
9636	1	7509
9637	0	5103
9637	1	7509
9638	0	2130
9638	1	2169
9639	2	2319
9640	0	6994
9640	1	510
9641	0	6137
9641	1	1080
9642	2	706
9643	2	653
9644	0	5562
9644	1	8465
9645	0	7878
9645	1	283
9646	0	6011
9646	1	3244
9647	0	5579
9647	1	3244
9648	0	656
9648	1	1080
9649	2	3993
9650	2	7200
9651	2	5921
9652	0	3581
9652	1	510
9653	0	7500
9653	1	8225
9654	0	5453
9654	1	7424
9655	0	3825
9655	1	5922
9656	0	2015
9656	1	3404
9657	0	2655
9657	1	5214
9658	2	2070
9659	0	1899
9659	1	8225
9660	0	6011
9660	1	8465
9661	2	5556
9662	0	7777
9662	1	4545
9663	0	8281
9663	1	4545
9664	2	8275
9665	0	3917
9665	1	6575
9666	2	4960
9667	0	4430
9667	1	6718
9668	0	945
9668	1	7739
9669	0	4663
9669	1	830
9670	0	246
9670	1	4523
9671	0	6732
9671	1	4523
9672	0	4664
9672	1	4523
9673	0	2106
9673	1	4639
9674	0	5858
9674	1	4639
9675	0	175
9675	1	463
9676	2	6839
9677	0	3517
9677	1	3469
9678	0	7349
9678	1	2761
9679	2	3623
9680	2	7014
9681	0	403
9681	1	510
9682	0	1170
9682	1	6023
9683	0	4833
9683	1	3271
9684	0	5562
9684	1	6718
9685	2	2244
9686	0	656
9686	1	2966
9687	0	2108
9687	1	3404
9688	0	7892
9688	1	8368
9689	0	2917
9689	1	6718
9690	2	8232
9691	0	7137
9691	1	2761
9692	2	3561
9693	2	8080
9694	2	5052
9695	2	2484
9696	0	4606
9696	1	8183
9697	2	2428
9698	0	242
9698	1	8188
9699	2	4304
9700	0	8237
9700	1	7730
9701	2	6642
9702	0	8035
9702	1	3850
9703	0	7500
9703	1	6110
9704	2	2784
9705	0	6171
9705	1	8188
9706	2	2144
9707	0	5462
9707	1	7730
9708	2	3522
9709	0	6138
9709	1	4545
9710	2	1667
9711	0	7137
9711	1	1255
9712	0	2204
9712	1	8188
9713	0	2001
9713	1	8188
9714	0	600
9714	1	8188
9715	0	6135
9715	1	5420
9716	0	7921
9716	1	3404
9717	0	4113
9717	1	7739
9718	2	6204
9719	0	225
9719	1	1285
9720	0	2513
9720	1	5484
9721	2	2140
9722	0	5353
9722	1	7989
9723	0	7653
9723	1	7989
9724	0	1967
9724	1	7419
9725	0	4822
9725	1	7739
9726	2	3290
9727	0	5858
9727	1	688
9728	2	4342
9729	2	5994
9730	0	8250
9730	1	5832
9731	2	7346
9732	0	2204
9732	1	1969
9733	0	4302
9733	1	1969
9734	0	1508
9734	1	7509
9735	0	2577
9735	1	233
9736	0	6294
9736	1	1080
9737	0	6577
9737	1	7509
9738	2	4308
9739	2	918
9740	0	2297
9740	1	797
9741	2	5077
9742	0	6221
9742	1	8188
9743	0	246
9743	1	1631
9744	0	4606
9744	1	6594
9745	0	5573
9745	1	5005
9746	0	242
9746	1	2966
9747	0	2311
9747	1	4041
9748	0	2130
9748	1	8225
9749	2	1654
9750	0	6973
9750	1	4545
9751	0	3240
9751	1	6718
9752	2	5182
9753	0	2655
9753	1	5185
9754	0	3822
9754	1	6718
9755	0	6217
9755	1	6718
9756	0	8443
9756	1	2755
9757	0	7156
9757	1	6172
9758	2	414
9759	0	2100
9759	1	2755
9760	0	8250
9760	1	5484
9761	0	4664
9761	1	6257
9762	0	5462
9762	1	2098
9763	2	6753
9764	0	2106
9764	1	4578
9765	0	7270
9765	1	5803
9766	0	5353
9766	1	1255
9767	0	4664
9767	1	3956
9768	0	6138
9768	1	3956
9769	0	6138
9769	1	4816
9770	0	5814
9770	1	1285
9771	0	6236
9771	1	7607
9772	2	5290
9773	2	8573
9774	0	4560
9774	1	2169
9775	0	4833
9775	1	5420
9776	0	5573
9776	1	7739
9777	2	700
9778	0	5462
9778	1	6110
9779	0	433
9779	1	4145
9780	0	5481
9780	1	7739
9781	0	2297
9781	1	5185
9782	2	66
9783	2	3182
9784	0	2100
9784	1	6594
9785	0	1967
9785	1	3564
9786	2	6912
9787	0	4663
9787	1	560
9788	0	3165
9788	1	6575
9789	0	7813
9789	1	283
9790	0	5193
9790	1	6110
9791	0	4
9791	1	6015
9792	0	8281
9792	1	688
9793	0	2100
9793	1	5736
9794	0	2015
9794	1	5736
9795	0	2941
9795	1	7739
9796	0	5541
9796	1	8368
9797	0	5541
9797	1	105
9798	0	6353
9798	1	8188
9799	2	5129
9800	2	5813
9801	2	5918
9802	2	3079
9803	0	2015
9803	1	6575
9804	0	3381
9804	1	1413
9805	2	4252
9806	2	6213
9807	2	7605
9808	2	7307
9809	2	3943
9810	0	5233
9810	1	3564
9811	0	5541
9811	1	8154
9812	0	2706
9812	1	858
9813	0	7878
9813	1	858
9814	0	4664
9814	1	6015
9815	0	2706
9815	1	6015
9816	0	1508
9816	1	1947
9817	0	4888
9817	1	5922
9818	2	1484
9819	0	7197
9819	1	3472
9820	2	4111
9821	0	2130
9821	1	5420
9822	0	7839
9822	1	3451
9823	0	6562
9823	1	8225
9824	2	6091
9825	2	1407
9826	0	986
9826	1	1080
9827	2	2856
9828	2	8060
9829	0	7892
9829	1	2966
9830	2	172
9831	0	3601
9831	1	2131
9832	0	8452
9832	1	3564
9833	0	2780
9833	1	3174
9834	0	2880
9834	1	5918
9835	2	376
9836	0	2780
9836	1	3882
9837	2	4459
9838	0	129
9838	1	7739
9839	0	4888
9839	1	6575
9840	0	6447
9840	1	3244
9841	0	3327
9841	1	8368
9842	0	3151
9842	1	8188
9843	2	5135
9844	0	5093
9844	1	4861
9845	0	1135
9845	1	5420
9846	2	7437
9847	0	7633
9847	1	5995
9848	0	1672
9848	1	7050
9849	0	7839
9849	1	7081
9850	0	4664
9850	1	7424
9851	0	5462
9851	1	5995
9852	2	843
9853	0	5201
9853	1	4465
9854	0	4060
9854	1	797
9855	0	3389
9855	1	4816
9856	2	7705
9857	2	426
9858	2	479
9859	0	6054
9859	1	2169
9860	0	3307
9860	1	3451
9861	0	1436
9861	1	7730
9862	0	5799
9862	1	3989
9863	0	1474
9863	1	4230
9864	2	8104
9865	0	3601
9865	1	7739
9866	0	3381
9866	1	1860
9867	0	5103
9867	1	8549
9868	0	7500
9868	1	1375
9869	2	98
9870	0	2956
9870	1	8188
9871	0	1135
9871	1	8188
9872	2	5920
9873	0	7197
9873	1	4644
9874	2	4240
9875	2	3305
9876	0	7156
9876	1	283
9877	2	5114
9878	0	7500
9878	1	1274
9879	2	7335
9880	2	4901
9881	2	4394
9882	0	6011
9882	1	718
9883	0	668
9883	1	8282
9884	0	5103
9884	1	5832
9885	0	2389
9885	1	560
9886	2	3985
9887	0	3093
9887	1	4644
9888	0	4833
9888	1	6414
9889	2	262
9890	2	5177
9891	2	1524
9892	2	6309
9893	0	893
9893	1	5995
9894	0	3075
9894	1	5185
9895	0	7777
9895	1	5185
9896	0	2297
9896	1	463
9897	0	2278
9897	1	6718
9898	0	6294
9898	1	1337
9899	2	6518
9900	0	4899
9900	1	688
9901	2	4925
9902	0	4888
9902	1	5995
9903	0	3980
9903	1	3850
9904	0	8036
9904	1	2148
9905	0	5579
9905	1	2148
9906	0	8250
9906	1	5420
9907	0	2941
9907	1	4578
9908	0	7270
9908	1	2536
9909	0	5103
9909	1	2536
9910	2	5520
9911	0	3870
9911	1	5214
9912	0	5579
9912	1	5214
9913	0	3825
9913	1	560
9914	0	7839
9914	1	3469
9915	2	4966
9916	0	478
9916	1	5828
9917	2	7837
9918	0	3445
9918	1	3904
9919	0	5453
9919	1	3850
9920	0	6138
9920	1	1560
9921	0	8237
9921	1	3850
9922	0	2241
9922	1	5828
9923	2	6522
9924	0	8191
9924	1	6015
9925	0	8265
9925	1	7739
9926	0	5799
9926	1	688
9927	2	2356
9928	0	4566
9928	1	3061
9929	0	2706
9929	1	6596
9930	0	7292
9930	1	1969
9931	0	6136
9931	1	7904
9932	0	2780
9932	1	7904
9933	0	3960
9933	1	7904
9934	0	1436
9934	1	1065
9935	0	1258
9935	1	2777
9936	0	1672
9936	1	6015
9937	0	5462
9937	1	7081
9938	0	8036
9938	1	4030
9939	0	7878
9939	1	3244
9940	0	2297
9940	1	6083
9941	0	7839
9941	1	6575
9942	0	2577
9942	1	3451
9943	2	5709
9944	0	5600
9944	1	6083
9945	2	6933
9946	0	7156
9946	1	4545
9947	0	358
9947	1	3564
9948	0	3825
9948	1	3564
9949	0	8443
9949	1	355
9950	0	1254
9950	1	355
9951	0	7251
9951	1	8368
9952	0	2743
9952	1	1255
9953	0	6221
9953	1	1255
9954	2	8113
9955	2	3929
9956	0	2780
9956	1	3451
9957	2	4022
9958	2	6525
9959	0	4135
9959	1	4639
9960	2	7082
9961	2	2155
9962	0	3381
9962	1	3174
9963	0	663
9963	1	5500
9964	0	223
9964	1	8465
9965	2	5356
9966	2	7139
9967	2	7712
9968	0	6285
9968	1	2777
9969	2	6971
9970	0	3307
9970	1	283
9971	2	895
9972	2	1305
9973	2	7380
9974	2	7405
9975	0	2655
9975	1	1205
9976	0	5579
9976	1	1080
9977	2	336
9978	0	2333
9978	1	6594
9979	2	6030
9980	0	2130
9980	1	5484
9981	0	5579
9981	1	3565
9982	0	7878
9982	1	3564
9983	0	7270
9983	1	518
9984	2	2135
9985	0	3704
9985	1	5500
9986	2	4740
9987	2	1120
9988	0	254
9988	1	7730
9989	0	8644
9989	1	2344
9990	0	7270
9990	1	734
9991	0	4663
9991	1	3882
9992	0	403
9992	1	5420
9993	0	246
9993	1	6575
9994	0	4669
9994	1	5828
9995	2	5722
9996	0	6294
9996	1	6594
9997	2	8566
9998	0	3093
9998	1	1838
9999	0	6459
9999	1	4465
10000	0	7197
10000	1	1080
10001	0	3581
10001	1	1413
10002	0	7500
10002	1	3956
10003	2	7674
10004	0	6011
10004	1	3404
10005	2	1737
10006	2	7790
10007	2	3971
10008	2	3570
10009	0	4060
10009	1	688
10010	2	5357
10011	0	3165
10011	1	3469
10012	0	4302
10012	1	5500
10013	0	6889
10013	1	8188
10014	0	5233
10014	1	2777
10015	0	5799
10015	1	3860
10016	0	893
10016	1	560
10017	2	4844
10018	2	5040
10019	2	4800
10020	0	3165
10020	1	2307
10021	0	2100
10021	1	2307
10022	2	7095
10023	2	2180
10024	2	7727
10025	0	3870
10025	1	4639
10026	2	2196
10027	2	3286
10028	2	1351
10029	2	2265
10030	2	2184
10031	0	8493
10031	1	5420
10032	2	5741
10033	0	7921
10033	1	560
10034	0	5233
10034	1	8549
10035	0	3960
10035	1	4578
10036	2	6773
10037	0	1135
10037	1	4639
10038	0	5462
10038	1	3956
10039	0	2743
10039	1	3956
10040	0	2780
10040	1	3989
10041	0	5233
10041	1	4510
10042	0	3704
10042	1	1631
10043	0	5573
10043	1	2122
10044	0	2769
10044	1	6993
10045	0	1508
10045	1	3469
10046	0	3445
10046	1	7933
10047	0	1801
10047	1	3850
10048	2	3955
10049	2	7706
10050	2	5113
10051	0	3791
10051	1	3789
10052	0	6093
10052	1	6015
10053	0	2333
10053	1	3850
10054	2	7378
10055	0	433
10055	1	5918
10056	2	3449
10057	0	5468
10057	1	2088
10058	0	3704
10058	1	5420
10059	2	5465
10060	0	223
10060	1	6663
10061	0	5784
10061	1	6015
10062	0	175
10062	1	3442
10063	2	4842
10064	0	7118
10064	1	5832
10065	2	2432
10066	0	3917
10066	1	931
10067	2	5626
10068	2	4582
10069	0	5767
10069	1	6083
10070	2	5940
10071	2	5777
10072	2	8169
10073	2	4432
10074	0	2241
10074	1	5420
10075	0	7620
10075	1	510
10076	2	2017
10077	2	5855
10078	2	6144
10079	2	3869
10080	2	3562
10081	2	2897
10082	0	7229
10082	1	3244
10083	2	6287
10084	2	7430
10085	0	5337
10085	1	6575
10086	2	2264
10087	0	5541
10087	1	1285
10088	0	3917
10088	1	7509
10089	0	7270
10089	1	5943
10090	0	3165
10090	1	3061
10091	0	3310
10091	1	560
10092	2	5674
10093	0	246
10093	1	6993
10094	0	5858
10094	1	7989
10095	0	2106
10095	1	7989
10096	0	2311
10096	1	3469
10097	0	2415
10097	1	2117
10098	2	1448
10099	0	3381
10099	1	1205
10100	2	5157
10101	0	2333
10101	1	5828
10102	2	8174
10103	0	7878
10103	1	5828
10104	0	8602
10104	1	1080
10105	0	7633
10105	1	7424
10106	2	6365
10107	2	4052
10108	0	3444
10108	1	1080
10109	2	6626
10110	2	774
10111	0	433
10111	1	7302
10112	0	246
10112	1	1930
10113	0	478
10113	1	1473
10114	0	2633
10114	1	2131
10115	2	8256
10116	2	5543
10117	0	5319
10117	1	560
10118	2	5057
10119	0	6337
10119	1	560
10120	2	1855
10121	2	2875
10122	0	5337
10122	1	3945
10123	2	6207
10124	0	2100
10124	1	4861
10125	2	3625
10126	0	3704
10126	1	3956
10127	2	495
10128	0	3327
10128	1	8177
10129	0	2880
10129	1	8177
10130	2	4630
10131	2	7698
10132	0	2655
10132	1	2307
10133	0	4999
10133	1	688
10134	0	2956
10134	1	8465
10135	0	5541
10135	1	5300
10136	0	5541
10136	1	3789
10137	0	3791
10137	1	3404
10138	0	1436
10138	1	1930
10139	0	7350
10139	1	5484
10140	2	1119
10141	0	2015
10141	1	7904
10142	0	6577
10142	1	6718
10143	0	519
10143	1	6015
10144	0	8602
10144	1	6015
10145	0	2368
10145	1	6718
10146	2	7079
10147	0	4135
10147	1	5539
10148	2	6869
10149	2	5455
10150	0	3310
10150	1	1285
10151	2	4352
10152	2	4755
10153	2	6879
10154	2	665
10155	0	339
10155	1	6718
10156	0	7292
10156	1	5185
10157	0	3501
10157	1	8188
10158	2	4243
10159	2	5253
10160	0	2015
10160	1	6663
10161	0	6011
10161	1	5922
10162	0	7912
10162	1	6767
10163	0	1508
10163	1	1586
10164	0	2204
10164	1	5420
10165	0	2333
10165	1	2671
10166	0	5468
10166	1	797
10167	2	5704
10168	0	7878
10168	1	4639
10169	0	2780
10169	1	4639
10170	0	2092
10170	1	797
10171	0	2130
10171	1	8549
10172	0	2297
10172	1	2076
10173	0	1135
10173	1	3945
10174	0	8602
10174	1	4122
10175	0	6459
10175	1	5500
10176	0	2743
10176	1	4510
10177	2	3122
10178	0	7292
10178	1	8227
10179	0	5858
10179	1	4230
10180	0	242
10180	1	4230
10181	0	3601
10181	1	2088
10182	0	4664
10182	1	1960
10183	2	4322
10184	0	5462
10184	1	6853
10185	0	5468
10185	1	6920
10186	0	7826
10186	1	6083
10187	0	6795
10187	1	7739
10188	0	7292
10188	1	7739
10189	2	4283
10190	0	5103
10190	1	2671
10191	0	7633
10191	1	2671
10192	2	859
10193	2	1326
10194	0	2106
10194	1	1274
10195	0	2311
10195	1	688
10196	2	6628
10197	0	1895
10197	1	3564
10198	0	1700
10198	1	6575
10199	0	3704
10199	1	2088
10200	0	7892
10200	1	6993
10201	0	3704
10201	1	8188
10202	0	254
10202	1	2088
10203	0	1106
10203	1	2117
10204	0	6337
10204	1	6083
10205	0	7416
10205	1	7454
10206	0	3381
10206	1	7454
10207	0	4212
10207	1	510
10208	0	4606
10208	1	3565
10209	0	3791
10209	1	6083
10210	2	743
10211	0	2655
10211	1	3565
10212	0	223
10212	1	3945
10213	2	1720
10214	2	863
10215	0	7892
10215	1	1860
10216	2	3792
10217	2	5264
10218	2	3961
10219	0	3704
10219	1	7509
10220	0	1474
10220	1	6015
10221	2	1724
10222	0	7633
10222	1	5659
10223	0	5481
10223	1	6920
10224	0	4663
10224	1	6575
10225	0	663
10225	1	2761
10226	0	7137
10226	1	5484
10227	0	2780
10227	1	6083
10228	2	3936
10229	0	3445
10229	1	234
10230	0	3381
10230	1	1255
10231	2	4807
10232	0	6459
10232	1	5995
10233	2	2933
10234	0	3206
10234	1	3860
10235	2	1793
10236	0	7350
10236	1	797
10237	2	2912
10238	2	363
10239	0	5579
10239	1	7509
10240	2	5432
10241	2	1753
10242	0	5233
10242	1	5798
10243	2	220
10244	0	2633
10244	1	278
10245	2	328
10246	2	4265
10247	0	2880
10247	1	2671
10248	2	7823
10249	2	2340
10250	2	8090
10251	0	5007
10251	1	4816
10252	2	410
10253	0	7500
10253	1	8465
10254	2	5531
10255	2	905
10256	0	3126
10256	1	4030
10257	0	3825
10257	1	1080
10258	0	3381
10258	1	8177
10259	2	7388
10260	2	5610
10261	0	600
10261	1	6718
10262	0	2001
10262	1	6718
10263	2	4657
10264	2	5625
10265	0	2106
10265	1	2761
10266	2	7578
10267	2	6660
10268	0	5193
10268	1	648
10269	0	1801
10269	1	648
10270	0	433
10270	1	1968
10271	0	7892
10271	1	1791
10272	0	6136
10272	1	5828
10273	2	2326
10274	2	1980
10275	2	2136
10276	0	663
10276	1	8177
10277	0	433
10277	1	7345
10278	0	4606
10278	1	7345
10279	0	4606
10279	1	6656
10280	0	5353
10280	1	6656
10281	0	246
10281	1	1560
10282	2	1319
10283	0	2880
10283	1	3789
10284	2	1486
10285	0	7921
10285	1	2076
10286	0	2106
10286	1	2076
10287	2	4226
10288	0	1508
10288	1	1662
10289	0	3093
10289	1	8549
10290	0	3581
10290	1	1930
10291	2	4777
10292	0	1135
10292	1	3061
10293	0	3537
10293	1	5214
10294	0	5462
10294	1	2122
10295	0	1874
10295	1	1631
10296	0	2106
10296	1	4122
10297	0	242
10297	1	5695
10298	2	7613
10299	0	246
10299	1	392
10300	0	433
10300	1	4122
10301	0	7156
10301	1	1960
10302	2	2834
10303	2	8485
10304	0	6171
10304	1	1285
10305	0	6136
10305	1	2088
10306	2	2702
10307	0	2780
10307	1	283
10308	2	6679
10309	2	3162
10310	2	5560
10311	0	2106
10311	1	7454
10312	0	1700
10312	1	6853
10313	0	1474
10313	1	8368
10314	2	2139
10315	0	8207
10315	1	7739
10316	0	4135
10316	1	4230
10317	0	2241
10317	1	1413
10318	0	6526
10318	1	5185
10319	0	47
10319	1	5828
10320	0	2100
10320	1	688
10321	2	4278
10322	0	919
10322	1	283
10323	0	2706
10323	1	7872
10324	0	6318
10324	1	2761
10325	0	6136
10325	1	7739
10326	0	3870
10326	1	5484
10327	0	3762
10327	1	1285
10328	0	3823
10328	1	7904
10329	0	6526
10329	1	560
10330	2	5534
10331	0	3704
10331	1	8417
10332	0	403
10332	1	8417
10333	2	1995
10334	2	6580
10335	0	5434
10335	1	4861
10336	0	8251
10336	1	3578
10337	0	5462
10337	1	1473
10338	2	4366
10339	2	618
10340	0	3327
10340	1	518
10341	2	7262
10342	0	8216
10342	1	4100
10343	0	6011
10343	1	2307
10344	0	2551
10344	1	7424
10345	2	8
10346	0	617
10346	1	2777
10347	2	7649
10348	2	4589
10349	2	1502
10350	0	663
10350	1	1560
10351	0	7117
10351	1	6718
10352	0	3381
10352	1	355
10353	2	2202
10354	2	2800
10355	0	7328
10355	1	4644
10356	0	433
10356	1	8403
10357	2	1623
10358	2	6319
10359	0	6011
10359	1	5828
10360	2	1161
10361	0	6732
10361	1	1092
10362	0	6236
10362	1	1930
10363	2	22
10364	2	7358
10365	0	3430
10365	1	2169
10366	0	3389
10366	1	2761
10367	2	131
10368	0	8447
10368	1	8183
10369	0	5541
10369	1	7081
10370	0	2674
10370	1	7081
10371	0	4663
10371	1	5828
10372	2	729
10373	2	4365
10374	2	3283
10375	0	3381
10375	1	5539
10376	2	7648
10377	2	6819
10378	2	616
10379	0	7545
10379	1	6083
10380	0	7557
10380	1	797
10381	0	8124
10381	1	8177
10382	0	5337
10382	1	648
10383	0	5858
10383	1	648
10384	2	1002
10385	2	6797
10386	2	1246
10387	2	3536
10388	0	5468
10388	1	283
10389	0	5799
10389	1	2117
10390	0	3151
10390	1	4816
10391	0	5468
10391	1	4230
10392	2	3880
10393	0	5093
10393	1	5567
10394	0	8443
10394	1	1930
10395	0	1258
10395	1	7424
10396	0	2780
10396	1	2088
10397	2	7049
10398	0	7133
10398	1	3945
10399	0	223
10399	1	804
10400	0	3381
10400	1	4578
10401	2	2469
10402	0	7292
10402	1	8225
10403	0	3581
10403	1	213
10404	0	5103
10404	1	1930
10405	0	1672
10405	1	648
10406	0	462
10406	1	2761
10407	0	4833
10407	1	1586
10408	0	5579
10408	1	1205
10409	0	6285
10409	1	2117
10410	0	1474
10410	1	2761
10411	0	2706
10411	1	6575
10412	0	2674
10412	1	830
10413	0	2710
10413	1	830
10414	2	3968
10415	0	5462
10415	1	5178
10416	0	5468
10416	1	7989
10417	0	6562
10417	1	7989
10418	0	2297
10418	1	2094
10419	0	7839
10419	1	1080
10420	0	2092
10420	1	6718
10421	2	3908
10422	0	7874
10422	1	8465
10423	0	6423
10423	1	6718
10424	0	7633
10424	1	3451
10425	0	2706
10425	1	7730
10426	2	4402
10427	0	3704
10427	1	2671
10428	2	8614
10429	0	7620
10429	1	6767
10430	2	2396
10431	0	2655
10431	1	7302
10432	0	6221
10432	1	7302
10433	2	2900
10434	0	2297
10434	1	1549
10435	2	301
10436	2	7501
10437	0	1474
10437	1	4465
10438	0	7270
10438	1	4465
10439	0	6054
10439	1	233
10440	2	3098
10441	0	4664
10441	1	4578
10442	0	2941
10442	1	4816
10443	2	2975
10444	0	4664
10444	1	8154
10445	0	47
10445	1	2755
10446	0	1450
10446	1	7419
10447	2	3220
10448	0	6138
10448	1	3061
10449	0	1254
10449	1	1838
10450	2	5631
10451	2	2831
10452	2	6540
10453	0	4899
10453	1	560
10454	2	5679
10455	2	3951
10456	0	1912
10456	1	6718
10457	0	4060
10457	1	1285
10458	2	2364
10459	0	2769
10459	1	8368
10460	0	7653
10460	1	6718
10461	2	2910
10462	2	8101
10463	0	2780
10463	1	1808
10464	2	3279
10465	2	2593
10466	2	5364
10467	2	3213
10468	0	6171
10468	1	2966
10469	2	5650
10470	2	4746
10471	0	1490
10471	1	6718
10472	0	2407
10472	1	2761
10473	2	7765
10474	0	2399
10474	1	2088
10475	0	4833
10475	1	8465
10476	0	663
10476	1	1930
10477	0	1436
10477	1	3061
10478	0	7620
10478	1	4644
10479	0	254
10479	1	2169
10480	0	2674
10480	1	464
10481	0	6955
10481	1	464
10482	2	8155
10483	2	7629
10484	2	6027
10485	0	5562
10485	1	3882
10486	2	3457
10487	2	4689
10488	2	1561
10489	0	2577
10489	1	3244
10490	0	1271
10490	1	2777
10491	2	4360
10492	0	2706
10492	1	1838
10493	0	1248
10493	1	3956
10494	0	6054
10494	1	3882
10495	2	2077
10496	0	2241
10496	1	3244
10497	0	115
10497	1	6920
10498	0	5468
10498	1	2777
10499	2	872
10500	0	1436
10500	1	8225
10501	0	3501
10501	1	7739
10502	2	5439
10503	2	4280
10504	2	7235
10505	0	1135
10505	1	560
10506	0	3917
10506	1	3882
10507	0	1672
10507	1	4816
10508	0	3106
10508	1	1473
10509	0	4664
10509	1	3611
10510	0	7292
10510	1	8188
10511	0	3444
10511	1	7904
10512	2	1943
10513	2	5747
10514	2	4293
10515	0	7813
10515	1	3565
10516	0	7826
10516	1	5828
10517	0	2204
10517	1	6575
10518	2	2881
10519	0	959
10519	1	6110
10520	0	5103
10520	1	3945
10521	0	1254
10521	1	3860
10522	0	6318
10522	1	3860
10523	2	6063
10524	0	2655
10524	1	3611
10525	2	6367
10526	0	1106
10526	1	1473
10527	0	7500
10527	1	1473
10528	0	5579
10528	1	3956
10529	0	7921
10529	1	2122
10530	0	5093
10530	1	287
10531	0	223
10531	1	560
10532	2	4531
10533	0	5353
10533	1	6853
10534	0	8600
10534	1	560
10535	0	7826
10535	1	8188
10536	2	8149
10537	2	5521
10538	2	2187
10539	0	3791
10539	1	3882
10540	0	7633
10540	1	7607
10541	0	8124
10541	1	7179
10542	0	7633
10542	1	392
10543	2	5612
10544	0	3581
10544	1	3882
10545	2	5548
10546	2	6412
10547	0	663
10547	1	5922
10548	0	5462
10548	1	6669
10549	0	5462
10549	1	858
10550	0	433
10550	1	858
10551	0	2106
10551	1	8154
10552	2	5772
10553	0	2655
10553	1	7904
10554	2	2393
10555	0	5093
10555	1	355
10556	2	8267
10557	0	7756
10557	1	510
10558	0	1258
10558	1	1930
10559	0	4566
10559	1	7739
10560	2	8307
10561	2	6095
10562	2	5628
10563	0	3704
10563	1	560
10564	2	2269
10565	2	6601
10566	0	5353
10566	1	7904
10567	0	1672
10567	1	7904
10568	0	2204
10568	1	6083
10569	0	5495
10569	1	6083
10570	0	5881
10570	1	3244
10571	0	2214
10571	1	4100
10572	2	1758
10573	2	2867
10574	2	911
10575	0	5799
10575	1	7904
10576	0	242
10576	1	7904
10577	0	5453
10577	1	7904
10578	2	2285
10579	0	3381
10579	1	7607
10580	0	5233
10580	1	355
10581	0	6342
10581	1	4644
10582	2	1998
10583	0	1106
10583	1	6575
10584	2	8595
10585	0	8124
10585	1	3117
10586	0	7349
10586	1	7730
10587	2	6887
10588	2	8210
10589	0	246
10589	1	5943
10590	2	6274
10591	2	8405
10592	0	358
10592	1	1560
10593	0	7693
10593	1	3244
10594	0	254
10594	1	3244
10595	0	5858
10595	1	7295
10596	0	7156
10596	1	7295
10597	2	1446
10598	2	20
10599	2	2152
10600	0	1474
10600	1	233
10601	2	3178
10602	0	6065
10602	1	1791
10603	0	617
10603	1	1791
10604	0	6331
10604	1	8188
10605	0	5573
10605	1	8188
10606	2	6022
10607	0	6221
10607	1	1860
10608	0	7633
10608	1	3469
10609	0	4899
10609	1	3404
10610	0	6337
10610	1	2966
10611	2	3647
10612	2	6371
10613	0	2204
10613	1	7739
10614	2	3563
10615	0	8237
10615	1	2614
10616	2	5234
10617	0	7500
10617	1	6199
10618	0	7545
10618	1	3860
10619	0	2100
10619	1	4578
10620	0	2333
10620	1	1473
10621	0	2769
10621	1	5420
10622	0	7392
10622	1	648
10623	0	7878
10623	1	1791
10624	0	1174
10624	1	2076
10625	2	1629
10626	0	332
10626	1	6853
10627	0	6221
10627	1	3469
10628	0	6294
10628	1	5185
10629	2	3815
10630	2	7428
10631	2	3967
10632	2	5725
10633	2	154
10634	2	4207
10635	0	1174
10635	1	560
10636	0	4790
10636	1	6920
10637	0	2106
10637	1	8551
10638	0	651
10638	1	5828
10639	2	6859
10640	0	5353
10640	1	804
10641	2	1736
10642	0	6331
10642	1	2122
10643	0	2100
10643	1	3789
10644	0	3581
10644	1	3989
10645	0	4664
10645	1	1843
10646	0	7328
10646	1	5995
10647	0	3499
10647	1	1285
10648	0	246
10648	1	5995
10649	0	7912
10649	1	1960
10650	0	5353
10650	1	6083
10651	0	7251
10651	1	1285
10652	0	8443
10652	1	6853
10653	0	6236
10653	1	931
10654	0	8035
10654	1	3404
10655	0	2214
10655	1	3850
10656	0	3165
10656	1	6663
10657	0	5462
10657	1	7739
10658	0	8644
10658	1	7131
10659	2	6655
10660	0	286
10660	1	8188
10661	0	1700
10661	1	4816
10662	2	5358
10663	0	3704
10663	1	1080
10664	2	8222
10665	2	7226
10666	0	8237
10666	1	688
10667	0	663
10667	1	7302
10668	0	4606
10668	1	3117
10669	2	139
10670	2	775
10671	2	7343
10672	0	2706
10672	1	297
10673	0	668
10673	1	326
10674	0	5093
10674	1	6663
10675	0	403
10675	1	6083
10676	0	2636
10676	1	3469
10677	0	7620
10677	1	2148
10678	0	7156
10678	1	5484
10679	0	2333
10679	1	3564
10680	0	7137
10680	1	6199
10681	0	8602
10681	1	6199
10682	0	4899
10682	1	5185
10683	0	6236
10683	1	8188
10684	0	3704
10684	1	464
10685	0	7137
10685	1	6669
10686	0	1254
10686	1	1843
10687	0	7878
10687	1	3789
10688	0	3165
10688	1	3789
10689	2	5878
10690	0	6479
10690	1	2169
10691	0	7921
10691	1	3564
10692	0	3093
10692	1	7509
10693	0	358
10693	1	283
10694	0	3870
10694	1	2966
10695	0	4642
10695	1	5539
10696	2	8482
10697	2	817
10698	0	2780
10698	1	7730
10699	0	8602
10699	1	7730
10700	0	2297
10700	1	3989
10701	0	1258
10701	1	3989
10702	2	4325
10703	2	581
10704	2	5072
10705	2	3299
10706	2	3428
10707	0	4833
10707	1	560
10708	2	3621
10709	0	5453
10709	1	7607
10710	0	7118
10710	1	355
10711	0	2743
10711	1	355
10712	2	2115
10713	0	2674
10713	1	1969
10714	2	2344
10715	2	594
10716	0	3960
10716	1	7419
10717	2	4048
10718	2	7316
10719	0	5799
10719	1	5484
10720	0	7156
10720	1	3451
10721	2	214
10722	0	986
10722	1	8417
10723	0	3165
10723	1	355
10724	0	2333
10724	1	1843
10725	2	5480
10726	2	8311
10727	0	4642
10727	1	7419
10728	0	4663
10728	1	6920
10729	2	344
10730	0	4113
10730	1	2088
10731	2	3919
10732	2	4272
10733	0	663
10733	1	5484
10734	0	7839
10734	1	1843
10735	0	254
10735	1	7179
10736	2	2782
10737	0	7270
10737	1	3117
10738	2	702
10739	2	883
10740	0	3825
10740	1	6575
10741	2	4357
10742	0	656
10742	1	560
10743	0	1436
10743	1	8183
10744	0	656
10744	1	1808
10745	0	2204
10745	1	1808
10746	0	919
10746	1	1930
10747	0	1672
10747	1	3882
10748	0	478
10748	1	3882
10749	0	358
10749	1	5922
10750	2	2190
10751	2	5205
10752	0	3093
10752	1	4465
10753	2	5852
10754	0	3581
10754	1	4510
10755	0	8443
10755	1	8188
10756	0	4663
10756	1	4230
10757	0	5393
10757	1	6718
10758	0	8237
10758	1	2966
10759	0	4899
10759	1	4230
10760	0	2636
10760	1	4230
10761	2	683
10762	0	1508
10762	1	5185
10763	2	5499
10764	0	959
10764	1	1413
10765	2	3786
10766	0	3704
10766	1	3469
10767	2	6586
10768	0	878
10768	1	2966
10769	0	6337
10769	1	3469
10770	2	8347
10771	0	3327
10771	1	5798
10772	0	8644
10772	1	5185
10773	2	3696
10774	0	2333
10774	1	8465
10775	0	5863
10775	1	1285
10776	0	2001
10776	1	3989
10777	0	7620
10777	1	3729
10778	0	3825
10778	1	6920
10779	0	1436
10779	1	8177
10780	0	2214
10780	1	797
10781	2	4182
10782	0	47
10782	1	7295
10783	0	174
10783	1	2117
10784	2	2440
10785	0	4212
10785	1	4122
10786	2	7954
10787	2	1605
10788	2	4784
10789	0	3327
10789	1	3956
10790	2	256
10791	0	174
10791	1	510
10792	0	7499
10792	1	1960
10793	0	1258
10793	1	2614
10794	2	165
10795	0	3093
10795	1	2777
10796	0	735
10796	1	7739
10797	0	3601
10797	1	4816
10798	2	6705
10799	0	2297
10799	1	2088
10800	0	5579
10800	1	7989
10801	0	2015
10801	1	4545
10802	0	1170
10802	1	2099
10803	0	6353
10803	1	1080
10804	0	5453
10804	1	3729
10805	0	8237
10805	1	2355
10806	0	2352
10806	1	2088
10807	2	1345
10808	0	668
10808	1	4918
10809	0	4888
10809	1	7509
10810	0	4790
10810	1	1930
10811	0	4135
10811	1	283
10812	0	6459
10812	1	5420
10813	0	7270
10813	1	7050
10814	0	3165
10814	1	7050
10815	0	7921
10815	1	8188
10816	0	2001
10816	1	4510
10817	0	2204
10817	1	1930
10818	0	1135
10818	1	688
10819	0	3825
10819	1	7904
10820	0	7892
10820	1	8227
10821	2	2365
10822	2	5731
10823	0	2130
10823	1	1065
10824	0	663
10824	1	1065
10825	0	7500
10825	1	1065
10826	2	6075
10827	0	1258
10827	1	3174
10828	0	1258
10828	1	4510
10829	0	7197
10829	1	7864
10830	2	6668
10831	2	4133
10832	2	4277
10833	0	2633
10833	1	2099
10834	2	7936
10835	0	2415
10835	1	1791
10836	0	7892
10836	1	7081
10837	2	7332
10838	0	7292
10838	1	7454
10839	0	7921
10839	1	287
10840	0	2774
10840	1	8368
10841	0	5698
10841	1	2755
10842	0	4669
10842	1	1808
10843	0	47
10843	1	5630
10844	2	3395
10845	0	246
10845	1	4816
10846	0	223
10846	1	3244
10847	2	6742
10848	0	2100
10848	1	6993
10849	2	4621
10850	2	91
10851	0	5468
10851	1	5420
10852	2	4000
10853	2	946
10854	0	2333
10854	1	1255
10855	2	5981
10856	0	8281
10856	1	8183
10857	0	7270
10857	1	8183
10858	0	673
10858	1	8183
10859	0	1508
10859	1	8183
10860	0	5337
10860	1	4816
10861	0	7921
10861	1	1205
10862	0	1436
10862	1	1205
10863	2	2351
10864	0	2015
10864	1	2761
10865	2	7315
10866	2	3972
10867	0	223
10867	1	4510
10868	0	1348
10868	1	8188
10869	2	1742
10870	0	3960
10870	1	1808
10871	0	7839
10871	1	3850
10872	2	7193
10873	0	617
10873	1	6718
10874	2	6650
10875	2	2292
10876	0	6352
10876	1	5500
10877	2	1136
10878	0	1508
10878	1	2012
10879	0	2956
10879	1	2012
10880	0	6732
10880	1	5500
10881	0	115
10881	1	1413
10882	2	3089
10883	0	7349
10883	1	510
10884	0	3165
10884	1	73
10885	0	6011
10885	1	5928
10886	2	3560
10887	2	2304
10888	2	8185
10889	0	2780
10889	1	7652
10890	2	8545
10891	0	3825
10891	1	4816
10892	2	7027
10893	2	6301
10894	0	2214
10894	1	5995
10895	0	7754
10895	1	3860
10896	0	7292
10896	1	6015
10897	2	811
10898	0	4664
10898	1	1075
10899	0	2130
10899	1	1187
10900	0	5233
10900	1	1187
10901	2	2930
10902	2	7502
10903	0	2130
10903	1	4639
10904	2	5601
10905	0	8443
10905	1	4578
10906	2	5678
10907	0	7921
10907	1	4510
10908	0	5468
10908	1	4510
10909	0	2880
10909	1	1065
10910	2	1379
10911	0	3165
10911	1	1843
10912	0	4664
10912	1	718
10913	0	4664
10913	1	4644
10914	0	3437
10914	1	1285
10915	0	3381
10915	1	6767
10916	0	3445
10916	1	6767
10917	0	2880
10917	1	287
10918	0	8250
10918	1	8188
10919	0	7270
10919	1	7652
10920	0	242
10920	1	7652
10921	0	1895
10921	1	6853
10922	0	986
10922	1	1930
10923	0	3581
10923	1	4578
10924	2	4836
10925	2	5330
10926	2	384
10927	0	2415
10927	1	7302
10928	0	5103
10928	1	7652
10929	0	174
10929	1	2777
10930	0	6011
10930	1	8177
10931	2	1620
10932	0	7892
10932	1	1274
10933	0	5462
10933	1	1274
10934	0	7416
10934	1	797
10935	2	5324
10936	2	2121
10937	0	6236
10937	1	5828
10938	0	1801
10938	1	3945
10939	0	1508
10939	1	3945
10940	0	5462
10940	1	4465
10941	0	3310
10941	1	4465
10942	2	1468
10943	0	7156
10943	1	1205
10944	0	1288
10944	1	3611
10945	0	7392
10945	1	7454
10946	0	7416
10946	1	355
10947	2	6527
10948	2	8391
10949	0	4664
10949	1	3882
10950	2	8303
10951	2	3261
10952	0	7156
10952	1	4100
10953	2	4502
10954	0	4212
10954	1	7904
10955	2	2616
10956	2	8192
10957	0	8237
10957	1	5420
10958	0	5462
10958	1	734
10959	0	1672
10959	1	734
10960	2	8638
10961	0	7349
10961	1	1205
10962	2	7858
10963	0	2100
10963	1	464
10964	2	3859
10965	0	5814
10965	1	3404
10966	2	4871
10967	0	4135
10967	1	4100
10968	0	7809
10968	1	1092
10969	0	1895
10969	1	7904
10970	2	8349
10971	0	3381
10971	1	4510
10972	0	246
10972	1	1843
10973	2	5133
10974	0	3151
10974	1	7419
10975	0	1258
10975	1	7295
10976	0	3601
10976	1	3174
10977	0	6136
10977	1	5922
10978	0	1672
10978	1	1560
10979	2	6177
10980	0	5573
10980	1	931
10981	2	4975
10982	0	7878
10982	1	5736
10983	0	7500
10983	1	6669
10984	2	6025
10985	2	277
10986	0	6526
10986	1	3850
10987	0	3106
10987	1	287
10988	0	7839
10988	1	287
10989	0	7349
10989	1	355
10990	0	3825
10990	1	1843
10991	2	187
10992	0	6337
10992	1	7419
10993	0	2780
10993	1	1969
10994	2	4605
10995	2	7570
10996	0	3307
10996	1	5484
10997	0	175
10997	1	4918
10998	2	1275
10999	2	5291
11000	0	3327
11000	1	2098
11001	0	4060
11001	1	3956
11002	0	3917
11002	1	1080
11003	2	8219
11004	2	4282
11005	2	906
11006	0	6236
11006	1	4030
11007	0	7156
11007	1	233
11008	2	7285
11009	2	5827
11010	0	8250
11010	1	560
11011	2	4774
11012	0	3917
11012	1	4030
11013	0	4566
11013	1	1375
11014	2	3191
11015	0	7197
11015	1	2761
11016	0	3075
11016	1	4100
11017	2	912
11018	0	6732
11018	1	283
11019	0	286
11019	1	4030
11020	0	2404
11020	1	4465
11021	0	5863
11021	1	3564
11022	0	893
11022	1	283
11023	2	7588
11024	2	3576
11025	2	847
11026	0	3327
11026	1	4816
11027	0	663
11027	1	4816
11028	0	5241
11028	1	283
11029	2	1265
11030	0	7839
11030	1	5185
11031	0	5468
11031	1	510
11032	0	5337
11032	1	3404
11033	0	3870
11033	1	3404
11034	2	8434
11035	0	4302
11035	1	7509
11036	2	7875
11037	0	3825
11037	1	2966
11038	2	4429
11039	0	7270
11039	1	1255
11040	0	7633
11040	1	1255
11041	0	5319
11041	1	6853
11042	0	5020
11042	1	6718
11043	2	3127
11044	0	8393
11044	1	4644
11045	2	3156
11046	2	2609
11047	0	7292
11047	1	1274
11048	0	2100
11048	1	7509
11049	0	7892
11049	1	4639
11050	2	4137
11051	0	2204
11051	1	1080
11052	0	4302
11052	1	1080
11053	0	6526
11053	1	3404
11054	0	1254
11054	1	3404
11055	2	4431
11056	2	2290
11057	2	7257
11058	2	7804
11059	0	1271
11059	1	6718
11060	0	6054
11060	1	5185
11061	0	5573
11061	1	1728
11062	2	6894
11063	0	2241
11063	1	560
11064	0	3601
11064	1	6199
11065	0	3093
11065	1	6199
11066	0	6138
11066	1	6199
11067	0	1508
11067	1	6079
11068	2	4017
11069	0	1912
11069	1	7739
11070	0	7878
11070	1	6853
11071	2	57
11072	2	5382
11073	2	4930
11074	2	8242
11075	0	7292
11075	1	4100
11076	0	3445
11076	1	1843
11077	0	3075
11077	1	5736
11078	0	7156
11078	1	3061
11079	0	3206
11079	1	1560
11080	0	2130
11080	1	4861
11081	0	7878
11081	1	3611
11082	2	2270
11083	2	6076
11084	0	3075
11084	1	2652
11085	0	2204
11085	1	5828
11086	2	3543
11087	2	3867
11088	0	3601
11088	1	7509
11089	2	5929
11090	2	3049
11091	2	1383
11092	0	6011
11092	1	4465
11093	0	4664
11093	1	2652
11094	0	8237
11094	1	355
11095	2	5692
11096	0	6138
11096	1	2652
11097	2	8114
11098	2	1153
11099	0	7693
11099	1	7730
11100	2	3793
11101	0	7892
11101	1	5695
11102	2	2583
11103	2	7738
11104	2	8468
11105	2	71
11106	0	3389
11106	1	1969
11107	0	47
11107	1	2117
11108	0	7349
11108	1	2117
11109	0	47
11109	1	1285
11110	2	8374
11111	0	2333
11111	1	1092
11112	2	3534
11113	2	4049
11114	2	5860
11115	2	2181
11116	0	5007
11116	1	560
11117	2	1020
11118	0	7620
11118	1	1080
11119	0	115
11119	1	7424
11120	2	7490
11121	0	3075
11121	1	3244
11122	2	851
11123	2	5666
11124	0	1135
11124	1	4457
11125	0	1508
11125	1	8594
11126	0	1508
11126	1	56
11127	0	2773
11127	1	5922
11128	0	5541
11128	1	2671
11129	0	3165
11129	1	213
11130	0	4430
11130	1	510
11131	0	1700
11131	1	510
11132	0	2773
11132	1	2777
11133	0	6138
11133	1	2777
11134	0	3165
11134	1	2777
11135	0	2297
11135	1	7652
11136	2	4959
11137	0	4566
11137	1	804
11138	0	1895
11138	1	1969
11139	0	7878
11139	1	2117
11140	0	5462
11140	1	2076
11141	0	7270
11141	1	1560
11142	0	7921
11142	1	3945
11143	0	6138
11143	1	5803
11144	2	1666
11145	2	5592
11146	2	826
11147	0	5698
11147	1	6718
11148	2	114
11149	2	5621
11150	0	3165
11150	1	6110
11151	0	8237
11151	1	4816
11152	2	6008
11153	0	2106
11153	1	3565
11154	2	4655
11155	0	2311
11155	1	3404
11156	0	7292
11156	1	7179
11157	2	7811
11158	2	6833
11159	0	6337
11159	1	1968
11160	0	1645
11160	1	6718
11161	2	2843
11162	0	246
11162	1	6257
11163	0	175
11163	1	7373
11164	2	7353
11165	0	115
11165	1	4816
11166	2	6100
11167	0	5579
11167	1	4578
11168	0	4606
11168	1	8549
11169	2	3414
11170	0	5103
11170	1	797
11171	0	553
11171	1	5798
11172	0	3075
11172	1	2122
11173	2	7022
11174	0	5353
11174	1	3061
11175	0	6171
11175	1	7419
11176	0	7156
11176	1	3404
11177	0	8237
11177	1	1473
11178	0	959
11178	1	1843
11179	0	6318
11179	1	8227
11180	0	663
11180	1	5214
11181	0	2204
11181	1	1285
11182	2	8331
11183	0	600
11183	1	1285
11184	0	115
11184	1	6083
11185	0	4664
11185	1	8151
11186	2	761
11187	2	2535
11188	0	7892
11188	1	7941
11189	2	5770
11190	0	332
11190	1	283
11191	0	4473
11191	1	283
11192	2	5794
11193	0	3009
11193	1	581
11194	0	3445
11194	1	581
11195	0	1474
11195	1	3404
11196	0	4833
11196	1	3860
11197	0	3601
11197	1	4644
11198	0	1508
11198	1	3174
11199	0	3581
11199	1	3174
11200	0	7236
11200	1	5484
11201	0	6973
11201	1	3451
11202	0	1254
11202	1	2117
11203	0	7328
11203	1	1960
11204	0	8036
11204	1	3882
11205	0	3381
11205	1	3882
11206	2	268
11207	2	492
11208	2	6787
11209	0	6526
11209	1	283
11210	2	4320
11211	2	4201
11212	2	4645
11213	0	3704
11213	1	1843
11214	0	3704
11214	1	8225
11215	0	5858
11215	1	4578
11216	0	6732
11216	1	2808
11217	0	4999
11217	1	6718
11218	0	1258
11218	1	4230
11219	0	3381
11219	1	4230
11220	0	2706
11220	1	4230
11221	0	3106
11221	1	2966
11222	2	5968
11223	0	3581
11223	1	3565
11224	0	5858
11224	1	4465
11225	2	3139
11226	2	3036
11227	2	8499
11228	0	5434
11228	1	8465
11229	0	2655
11229	1	283
11230	0	1801
11230	1	2966
11231	2	3401
11232	0	175
11232	1	581
11233	0	225
11233	1	283
11234	0	7878
11234	1	5539
11235	2	7440
11236	0	242
11236	1	3404
11237	0	7809
11237	1	2355
11238	0	2100
11238	1	8177
11239	2	4425
11240	0	4663
11240	1	5539
11241	2	8372
11242	2	4139
11243	2	7485
11244	0	246
11244	1	8177
11245	0	6459
11245	1	5214
11246	0	246
11246	1	5695
11247	0	223
11247	1	1631
11248	0	5579
11248	1	8183
11249	0	7500
11249	1	2808
11250	2	4705
11251	0	7137
11251	1	4465
11252	0	6331
11252	1	1930
11253	0	3581
11253	1	6199
11254	2	7363
11255	0	2333
11255	1	287
11256	0	6547
11256	1	2808
11257	0	8250
11257	1	7341
11258	0	4302
11258	1	648
11259	0	4669
11259	1	3850
11260	0	6011
11260	1	3451
11261	0	4302
11261	1	3564
11262	0	7156
11262	1	3244
11263	2	7188
11264	0	3960
11264	1	1080
11265	0	5353
11265	1	830
11266	0	1436
11266	1	6920
11267	0	6562
11267	1	688
11268	0	668
11268	1	2024
11269	0	983
11269	1	5922
11270	0	3917
11270	1	2493
11271	2	5422
11272	2	8596
11273	2	3550
11274	0	8351
11274	1	560
11275	2	92
11276	2	6803
11277	0	5562
11277	1	3850
11278	2	459
11279	0	7156
11279	1	2761
11280	2	3861
11281	0	3445
11281	1	5427
11282	2	5427
11283	0	2130
11283	1	7081
11284	0	6138
11284	1	1080
11285	0	5541
11285	1	3187
11286	0	1967
11286	1	5420
11287	0	7137
11287	1	560
11288	2	1382
11289	0	3445
11289	1	4644
11290	0	663
11290	1	3469
11291	2	6897
11292	2	4140
11293	0	7620
11293	1	6110
11294	2	5880
11295	0	3093
11295	1	797
11296	0	7328
11296	1	1473
11297	2	7207
11298	0	6011
11298	1	1285
11299	0	7693
11299	1	2117
11300	0	1967
11300	1	6853
11301	0	5468
11301	1	1560
11302	2	7856
11303	2	8200
11304	0	5103
11304	1	6199
11305	0	5541
11305	1	8198
11306	2	2750
11307	0	7809
11307	1	2652
11308	0	7292
11308	1	2652
11309	0	6353
11309	1	5832
11310	2	2578
11311	2	3269
11312	0	5579
11312	1	7730
11313	2	1469
11314	2	5768
11315	2	1865
11316	2	3782
11317	0	3075
11317	1	233
11318	0	3499
11318	1	6669
11319	0	2880
11319	1	8183
11320	2	5588
11321	0	246
11321	1	7295
11322	0	6294
11322	1	5828
11323	0	3327
11323	1	2755
11324	2	5048
11325	0	175
11325	1	2169
11326	0	2941
11326	1	4510
11327	0	3601
11327	1	1930
11328	0	6011
11328	1	1930
11329	0	5453
11329	1	1930
11330	0	2100
11330	1	7904
11331	0	6732
11331	1	718
11332	0	663
11332	1	718
11333	0	4888
11333	1	7302
11334	0	2214
11334	1	3611
11335	0	2352
11335	1	5760
11336	2	5771
11337	0	5468
11337	1	7454
11338	0	6221
11338	1	7730
11339	2	7261
11340	0	656
11340	1	6083
11341	0	1174
11341	1	5828
11342	0	5799
11342	1	1843
11343	0	5233
11343	1	1808
11344	2	6903
11345	0	5103
11345	1	2777
11346	0	7892
11346	1	6656
11347	0	403
11347	1	4230
11348	2	2532
11349	2	7805
11350	0	7813
11350	1	7652
11351	0	2880
11351	1	7652
11352	0	4833
11352	1	2772
11353	0	1895
11353	1	1473
11354	0	403
11354	1	5539
11355	0	6285
11355	1	5539
11356	2	8619
11357	2	4214
11358	0	115
11358	1	6663
11359	0	5541
11359	1	7088
11360	0	242
11360	1	5539
11361	2	1180
11362	0	5453
11362	1	7419
11363	0	4507
11363	1	8154
11364	0	2674
11364	1	4523
11365	0	8124
11365	1	4523
11366	0	7839
11366	1	5922
11367	0	5353
11367	1	5995
11368	0	5468
11368	1	6083
11369	0	7620
11369	1	1808
11370	2	1655
11371	0	2743
11371	1	6920
11372	2	3101
11373	0	4664
11373	1	5539
11374	0	1174
11374	1	3404
11375	0	3499
11375	1	560
11376	0	2880
11376	1	73
11377	0	3452
11377	1	283
11378	2	111
11379	0	3165
11379	1	7295
11380	0	6138
11380	1	3244
11381	0	2780
11381	1	4457
11382	2	1425
11383	0	2551
11383	1	6663
11384	0	5541
11384	1	2098
11385	0	5453
11385	1	2098
11386	0	5353
11386	1	2088
11387	2	7074
11388	2	2816
11389	2	7541
11390	2	1390
11391	0	617
11391	1	6920
11392	2	5248
11393	0	254
11393	1	6015
11394	0	2880
11394	1	3565
11395	0	1474
11395	1	5567
11396	2	2742
11397	0	3870
11397	1	510
11398	0	8035
11398	1	510
11399	0	2941
11399	1	6718
11400	0	5541
11400	1	8594
11401	0	5353
11401	1	2755
11402	0	2100
11402	1	5185
11403	0	5579
11403	1	2808
11404	2	6360
11405	0	3517
11405	1	5995
11406	2	6727
11407	0	1474
11407	1	5420
11408	2	2852
11409	2	8291
11410	0	7874
11410	1	2117
11411	2	4600
11412	0	2780
11412	1	2098
11413	2	2525
11414	0	2636
11414	1	688
11415	2	2640
11416	0	7270
11416	1	4122
11417	2	1320
11418	2	3331
11419	0	2415
11419	1	2122
11420	0	5353
11420	1	2122
11421	2	2503
11422	2	1084
11423	0	617
11423	1	1960
11424	0	1547
11424	1	1960
11425	0	3381
11425	1	5995
11426	0	3206
11426	1	734
11427	0	3581
11427	1	5922
11428	2	2676
11429	2	1574
11430	0	4664
11430	1	464
11431	0	5487
11431	1	734
11432	0	8250
11432	1	7081
11433	0	5858
11433	1	1838
11434	0	1135
11434	1	1930
11435	0	6221
11435	1	688
11436	0	7557
11436	1	6083
11437	0	6973
11437	1	2755
11438	0	4663
11438	1	7419
11439	2	1154
11440	2	6634
11441	2	1594
11442	0	4302
11442	1	1413
11443	0	7545
11443	1	1413
11444	2	5715
11445	0	6221
11445	1	1930
11446	0	4737
11446	1	1930
11447	0	2710
11447	1	6083
11448	0	3644
11448	1	5695
11449	0	2241
11449	1	5943
11450	0	4113
11450	1	5484
11451	0	7227
11451	1	648
11452	0	2743
11452	1	7419
11453	0	7921
11453	1	5943
11454	2	6589
11455	0	4664
11455	1	823
11456	2	7376
11457	0	3960
11457	1	5178
11458	0	8443
11458	1	1838
11459	0	3420
11459	1	3860
11460	0	7392
11460	1	6015
11461	2	320
11462	0	2106
11462	1	355
11463	2	4896
11464	2	94
11465	2	103
11466	2	7807
11467	0	7557
11467	1	1498
11468	2	4417
11469	0	930
11469	1	6669
11470	0	7839
11470	1	464
11471	0	8602
11471	1	3789
11472	0	7137
11472	1	7509
11473	0	3960
11473	1	2755
11474	0	1258
11474	1	6767
11475	2	1781
11476	2	5318
11477	0	3381
11477	1	8417
11478	2	1538
11479	0	2106
11479	1	7993
11480	0	8237
11480	1	3565
11481	2	8511
11482	0	5487
11482	1	3469
11483	2	1591
11484	0	2106
11484	1	5922
11485	0	2880
11485	1	4122
11486	0	1436
11486	1	7872
11487	2	1543
11488	2	4795
11489	0	6011
11489	1	2131
11490	0	4822
11490	1	560
11491	0	959
11491	1	560
11492	0	4135
11492	1	464
11493	0	6054
11493	1	8225
11494	0	6732
11494	1	2088
11495	0	4560
11495	1	510
11496	2	6324
11497	0	3581
11497	1	4523
11498	0	7653
11498	1	1791
11499	0	4060
11499	1	1473
11500	0	2311
11500	1	5922
11501	2	6793
11502	2	884
11503	0	4888
11503	1	86
11504	2	828
11505	0	246
11505	1	6656
11506	2	7356
11507	0	6011
11507	1	234
11508	0	7557
11508	1	5500
11509	0	7251
11509	1	5500
11510	2	6602
11511	2	467
11512	0	8237
11512	1	510
11513	2	5066
11514	2	6131
11515	2	7881
11516	2	1128
11517	2	8430
11518	0	6011
11518	1	1413
11519	0	1170
11519	1	1378
11520	0	8036
11520	1	5185
11521	0	5453
11521	1	5185
11522	2	1702
11523	0	6459
11523	1	1968
11524	2	5740
11525	0	1547
11525	1	5420
11526	0	5541
11526	1	7961
11527	0	5193
11527	1	4578
11528	0	2706
11528	1	4578
11529	2	8229
11530	0	6294
11530	1	4639
11531	0	6318
11531	1	4578
11532	0	2297
11532	1	1473
11533	0	2130
11533	1	4230
11534	0	3870
11534	1	5695
11535	0	8443
11535	1	5214
11536	2	7304
11537	0	1474
11537	1	5695
11538	2	6801
11539	2	4614
11540	0	2333
11540	1	3989
11541	0	6221
11541	1	718
11542	0	663
11542	1	1631
11543	0	5462
11543	1	3729
11544	0	3075
11544	1	5484
11545	2	7503
11546	0	433
11546	1	5567
11547	2	1893
11548	0	8443
11548	1	2777
11549	0	7229
11549	1	7739
11550	0	5681
11550	1	7739
11551	0	1895
11551	1	6993
11552	0	6171
11552	1	6853
11553	0	4566
11553	1	6853
11554	2	812
11555	0	3601
11555	1	2966
11556	2	2306
11557	0	3165
11557	1	7872
11558	2	6368
11559	2	3140
11560	2	4500
11561	0	115
11561	1	4644
11562	0	4663
11562	1	1791
11563	0	8124
11563	1	3564
11564	0	6526
11564	1	4510
11565	0	7633
11565	1	2777
11566	2	6369
11567	2	1567
11568	0	1258
11568	1	4100
11569	0	2106
11569	1	287
11570	0	8216
11570	1	6575
11571	0	7156
11571	1	6575
11572	0	3240
11572	1	2755
11573	0	6973
11573	1	2777
11574	0	3960
11574	1	2777
11575	0	4560
11575	1	1285
11576	2	4026
11577	2	827
11578	0	2880
11578	1	3174
11579	0	254
11579	1	3451
11580	0	3381
11580	1	5567
11581	0	959
11581	1	4230
11582	2	6851
11583	2	5528
11584	0	246
11584	1	858
11585	0	4899
11585	1	2777
11586	0	2655
11586	1	1631
11587	0	4664
11587	1	4397
11588	0	7251
11588	1	6083
11589	2	4166
11590	0	47
11590	1	2671
11591	0	5103
11591	1	648
11592	0	5481
11592	1	648
11593	2	764
11594	0	7292
11594	1	518
11595	0	7921
11595	1	4100
11596	0	3581
11596	1	1080
11597	0	175
11597	1	3174
11598	0	5103
11598	1	7989
11599	0	5600
11599	1	1080
11600	2	1249
11601	0	3381
11601	1	1968
11602	0	7118
11602	1	1968
11603	0	3870
11603	1	1968
11604	2	749
11605	0	668
11605	1	8526
11606	0	2311
11606	1	1791
11607	0	7633
11607	1	7081
11608	0	8443
11608	1	5539
11609	2	6516
11610	0	2106
11610	1	5178
11611	0	5698
11611	1	7419
11612	0	242
11612	1	4122
11613	0	1258
11613	1	4122
11614	2	3003
11615	0	2551
11615	1	1631
11616	0	6149
11616	1	5420
11617	2	231
11618	2	1727
11619	2	1188
11620	0	1135
11620	1	3729
11621	2	7567
11622	0	3093
11622	1	6575
11623	0	8319
11623	1	6015
11624	0	7773
11624	1	6015
11625	0	3381
11625	1	8551
11626	0	5824
11626	1	3404
11627	0	5233
11627	1	464
11628	0	7878
11628	1	4457
11629	0	5393
11629	1	4457
11630	0	7500
11630	1	4457
11631	0	7328
11631	1	2966
11632	2	5908
11633	2	96
11634	2	1034
11635	0	6459
11635	1	3469
11636	0	2636
11636	1	510
11637	0	5836
11637	1	560
11638	2	2724
11639	2	4487
11640	2	8410
11641	0	6955
11641	1	2169
11642	2	2922
11643	2	3672
11644	2	8153
11645	2	4662
11646	0	433
11646	1	7637
11647	0	4833
11647	1	3945
11648	0	5600
11648	1	283
11649	0	919
11649	1	5420
11650	0	358
11650	1	6920
11651	2	4776
11652	0	7236
11652	1	2761
11653	2	7769
11654	2	879
11655	0	6011
11655	1	8154
11656	2	346
11657	0	8366
11657	1	2117
11658	2	299
11659	0	3093
11659	1	3061
11660	2	6050
11661	2	7703
11662	2	2841
11663	0	8602
11663	1	3117
11664	2	5775
11665	0	2743
11665	1	1930
11666	2	5721
11667	0	254
11667	1	2777
11668	2	2178
11669	2	2698
11670	0	2655
11670	1	1560
11671	0	2333
11671	1	6199
11672	0	7236
11672	1	3860
11673	0	6732
11673	1	5185
11674	0	5784
11674	1	6663
11675	0	7328
11675	1	6663
11676	0	3704
11676	1	2966
11677	0	2106
11677	1	3611
11678	0	403
11678	1	3564
11679	0	246
11679	1	7509
11680	0	5453
11680	1	6669
11681	0	3704
11681	1	1791
11682	0	6447
11682	1	518
11683	0	7416
11683	1	5484
11684	2	2254
11685	2	6701
11686	2	705
11687	2	8045
11688	0	6221
11688	1	2777
11689	2	7266
11690	2	1488
11691	2	6354
11692	0	242
11692	1	5736
11693	0	5319
11693	1	392
11694	2	7598
11695	0	7653
11695	1	2808
11696	0	4664
11696	1	7739
11697	0	3151
11697	1	6718
11698	0	2956
11698	1	6575
11699	0	7137
11699	1	7050
11700	0	3601
11700	1	1808
11701	0	3601
11701	1	2755
11702	0	7892
11702	1	5995
11703	2	1889
11704	2	8400
11705	0	242
11705	1	1843
11706	2	3922
11707	0	3381
11707	1	4100
11708	2	6021
11709	2	7565
11710	0	6149
11710	1	3244
11711	0	5453
11711	1	3244
11712	2	5491
11713	0	8237
11713	1	1843
11714	0	2297
11714	1	5995
11715	0	6294
11715	1	5995
11716	2	5483
11717	0	2710
11717	1	734
11718	0	7392
11718	1	510
11719	0	4664
11719	1	3244
11720	0	5453
11720	1	3882
11721	0	2015
11721	1	3565
11722	0	8443
11722	1	5995
11723	0	663
11723	1	5995
11724	0	6221
11724	1	5995
11725	0	1254
11725	1	3477
11726	0	8036
11726	1	6853
11727	0	8237
11727	1	3244
11728	0	4135
11728	1	7424
11729	0	223
11729	1	7424
11730	2	4356
11731	2	7092
11732	0	6459
11732	1	560
11733	2	8100
11734	0	254
11734	1	6767
11735	2	3104
11736	2	7906
11737	2	692
11738	0	600
11738	1	3578
11739	2	6104
11740	2	4275
11741	0	2577
11741	1	6718
11742	2	8509
11743	0	2407
11743	1	283
11744	0	4663
11744	1	2761
11745	0	2311
11745	1	5500
11746	0	4790
11746	1	4484
11747	0	7633
11747	1	957
11748	2	3920
11749	2	8437
11750	0	7349
11750	1	283
11751	0	8602
11751	1	2755
11752	2	2697
11753	2	3005
11754	0	175
11754	1	3645
11755	2	8339
11756	0	7349
11756	1	3860
11757	0	4833
11757	1	7610
11758	0	507
11758	1	6718
11759	0	3870
11759	1	560
11760	0	2633
11760	1	2966
11761	0	7777
11761	1	2966
11762	0	3165
11762	1	8368
11763	0	2917
11763	1	2966
11764	0	3327
11764	1	2148
11765	0	3075
11765	1	5567
11766	0	3027
11766	1	5567
11767	0	115
11767	1	7419
11768	2	1551
11769	0	358
11769	1	5484
11770	2	2713
11771	0	5093
11771	1	3945
11772	2	5866
11773	2	7831
11774	0	2780
11774	1	8183
11775	2	568
11776	0	1672
11776	1	6199
11777	2	5219
11778	0	3206
11778	1	4545
11779	0	7633
11779	1	3565
11780	0	358
11780	1	797
11781	0	2880
11781	1	7454
11782	0	47
11782	1	5922
11783	0	2551
11783	1	2966
11784	2	3403
11785	0	4606
11785	1	3578
11786	0	2001
11786	1	3578
11787	0	6732
11787	1	5736
11788	0	3445
11788	1	817
11789	0	8251
11789	1	283
11790	0	5233
11790	1	4861
11791	2	2534
11792	0	3960
11792	1	1285
11793	0	2706
11793	1	1560
11794	0	5337
11794	1	3174
11795	0	7813
11795	1	4100
11796	0	5103
11796	1	1255
11797	0	3581
11797	1	3945
11798	0	6054
11798	1	3564
11799	2	3001
11800	2	1918
11801	0	7826
11801	1	3850
11802	0	1508
11802	1	7424
11803	0	6973
11803	1	688
11804	0	3960
11804	1	688
11805	2	4725
11806	2	1480
11807	0	1787
11807	1	1843
11808	0	2100
11808	1	7295
11809	0	5093
11809	1	1930
11810	0	2780
11810	1	8154
11811	2	5807
11812	2	6096
11813	0	5468
11813	1	4644
11814	2	2430
11815	0	2204
11815	1	5695
11816	0	7137
11816	1	5695
11817	0	4664
11817	1	1560
11818	0	7892
11818	1	4861
11819	0	7874
11819	1	4861
11820	0	1672
11820	1	3469
11821	0	3704
11821	1	355
11822	0	2781
11822	1	3404
11823	0	7826
11823	1	6575
11824	0	2106
11824	1	734
11825	2	7455
11826	0	254
11826	1	6575
11827	0	242
11827	1	6853
11828	2	7250
11829	2	1606
11830	2	3574
11831	2	388
11832	2	8563
11833	0	668
11833	1	6083
11834	2	1221
11835	2	4065
11836	0	8035
11836	1	560
11837	2	5068
11838	0	7839
11838	1	2966
11839	2	3236
11840	0	656
11840	1	8225
11841	0	7251
11841	1	4450
11842	0	2130
11842	1	6299
11843	0	7809
11843	1	6299
11844	2	1102
11845	2	813
11846	0	5462
11846	1	7872
11847	0	6137
11847	1	4457
11848	2	7641
11849	2	6488
11850	2	2197
11851	2	3224
11852	0	2780
11852	1	6015
11853	2	4013
11854	0	3689
11854	1	6718
11855	0	4833
11855	1	5695
11856	0	5103
11856	1	287
11857	0	6562
11857	1	233
11858	0	6171
11858	1	3565
11859	0	3389
11859	1	3565
11860	0	5103
11860	1	4041
11861	0	242
11861	1	2761
11862	0	4606
11862	1	6209
11863	0	2780
11863	1	6767
11864	2	662
11865	0	2636
11865	1	2148
11866	0	735
11866	1	1080
11867	2	3997
11868	0	1135
11868	1	1968
11869	2	1432
11870	0	4212
11870	1	2761
11871	0	5193
11871	1	2536
11872	0	223
11872	1	1968
11873	0	3960
11873	1	3945
11874	0	7633
11874	1	4122
11875	0	2106
11875	1	5695
11876	0	8602
11876	1	5695
11877	0	1895
11877	1	2122
11878	0	174
11878	1	5695
11879	0	3581
11879	1	5539
11880	0	1474
11880	1	213
11881	0	2297
11881	1	213
11882	2	274
11883	0	5453
11883	1	518
11884	0	8237
11884	1	518
11885	0	3704
11885	1	3174
11886	0	5468
11886	1	3451
11887	2	7170
11888	2	5346
11889	0	3165
11889	1	1080
11890	0	3381
11890	1	1375
11891	2	1618
11892	2	527
11893	0	5462
11893	1	4510
11894	2	2457
11895	0	6137
11895	1	1285
11896	0	47
11896	1	3850
11897	2	6444
11898	0	2769
11898	1	5695
11899	2	1581
11900	0	5337
11900	1	5828
11901	0	8124
11901	1	6015
11902	0	7892
11902	1	1930
11903	0	4135
11903	1	1255
11904	2	545
11905	2	3986
11906	0	3206
11906	1	2169
11907	0	7416
11907	1	2777
11908	2	5082
11909	0	2100
11909	1	518
11910	0	2106
11910	1	1631
11911	0	8443
11911	1	1843
11912	0	2706
11912	1	7509
11913	2	4074
11914	0	3960
11914	1	2966
11915	2	3519
11916	0	5103
11916	1	3565
11917	0	7633
11917	1	7989
11918	0	4302
11918	1	5695
11919	0	934
11919	1	6718
11920	0	3307
11920	1	6718
11921	2	3021
11922	0	3501
11922	1	7933
11923	2	6268
11924	2	284
11925	2	6486
11926	0	7270
11926	1	1092
11927	0	7693
11927	1	8465
11928	0	7758
11928	1	6718
11929	0	5453
11929	1	2808
11930	0	1801
11930	1	2761
11931	2	2171
11932	0	3517
11932	1	5798
11933	0	246
11933	1	5798
11934	2	3343
11935	0	6221
11935	1	4816
11936	2	1090
11937	0	8644
11937	1	3956
11938	0	2214
11938	1	8465
11939	2	1152
11940	2	7549
11941	0	3327
11941	1	2966
11942	2	4625
11943	2	831
11944	0	2655
11944	1	1838
11945	2	8146
11946	2	201
11947	2	7247
11948	0	7137
11948	1	1080
11949	0	2769
11949	1	1080
11950	0	7416
11950	1	3565
11951	2	7942
11952	2	6034
11953	0	4669
11953	1	2777
11954	0	2655
11954	1	560
11955	2	5461
11956	0	1672
11956	1	6110
11957	0	1156
11957	1	8465
11958	2	681
11959	2	4831
11960	0	2214
11960	1	8188
11961	2	6648
11962	2	2039
11963	0	3917
11963	1	1808
11964	2	155
11965	2	5898
11966	2	968
11967	2	1877
11968	2	7471
11969	2	4810
11970	2	6631
11971	2	4950
11972	0	4790
11972	1	5214
11973	2	7986
11974	2	2865
11975	2	1609
11976	0	2241
11976	1	5185
11977	2	6593
11978	2	2712
11979	2	4194
11980	0	3165
11980	1	1968
11981	0	8250
11981	1	74
11982	0	7270
11982	1	86
11983	2	1848
11984	2	5884
11985	2	1032
11986	2	3355
11987	2	4264
11988	2	5750
11989	2	6582
11990	0	6562
11990	1	7739
11991	2	3794
11992	0	8124
11992	1	3780
11993	2	7127
11994	2	873
11995	2	7672
11996	2	7463
11997	0	4606
11997	1	464
11998	0	7350
11998	1	464
11999	2	5998
12000	2	4624
12001	0	2297
12001	1	3860
12002	2	4476
12003	0	8036
12003	1	5005
12004	2	4249
12005	2	7628
12006	0	6294
12006	1	5484
12007	0	6352
12007	1	3860
12008	0	7137
12008	1	2808
12009	0	6526
12009	1	6199
12010	0	3960
12010	1	1255
12011	2	588
12012	0	1801
12012	1	6575
12013	0	4606
12013	1	8417
12014	2	1342
12015	0	5541
12015	1	8417
12016	0	2333
12016	1	6669
12017	0	7839
12017	1	6669
12018	0	254
12018	1	7509
12019	0	3027
12019	1	3780
12020	2	4847
12021	0	6221
12021	1	7652
12022	0	5462
12022	1	7652
12023	0	7878
12023	1	7652
12024	2	6116
12025	0	986
12025	1	7081
12026	0	8237
12026	1	3882
12027	0	1672
12027	1	7652
12028	0	3704
12028	1	7424
12029	0	2130
12029	1	8154
12030	0	5093
12030	1	8154
12031	0	7620
12031	1	8465
12032	0	5103
12032	1	1413
12033	0	3165
12033	1	1413
12034	2	7923
12035	0	4606
12035	1	3780
12036	0	6973
12036	1	2088
12037	0	6973
12037	1	1930
12038	0	4113
12038	1	2761
12039	0	7137
12039	1	7081
12040	0	5462
12040	1	7295
12041	0	6011
12041	1	3565
12042	2	2133
12043	0	5353
12043	1	688
12044	0	2333
12044	1	3451
12045	2	2508
12046	2	6322
12047	2	7476
12048	0	3704
12048	1	4545
12049	0	7633
12049	1	7904
12050	0	6577
12050	1	7739
12051	2	1872
12052	2	1363
12053	0	3389
12053	1	5483
12054	0	2415
12054	1	2088
12055	0	3206
12055	1	6920
12056	0	2311
12056	1	1969
12057	0	4566
12057	1	5943
12058	0	2333
12058	1	4230
12059	2	1533
12060	2	4498
12061	0	7633
12061	1	1080
12062	0	6221
12062	1	73
12063	0	4302
12063	1	560
12064	2	5526
12065	0	663
12065	1	7424
12066	0	6221
12066	1	7424
12067	0	5093
12067	1	3564
12068	2	3676
12069	2	4442
12070	0	3165
12070	1	2671
12071	0	2130
12071	1	1375
12072	0	14
12072	1	648
12073	2	4767
12074	2	3680
12075	0	3644
12075	1	5500
12076	0	5353
12076	1	5567
12077	0	6011
12077	1	648
12078	0	3381
12078	1	3061
12079	0	242
12079	1	688
12080	2	3718
12081	0	8393
12081	1	3404
12082	0	986
12082	1	4816
12083	0	6337
12083	1	1255
12084	0	2001
12084	1	1255
12085	2	5442
12086	0	3206
12086	1	2761
12087	0	2956
12087	1	648
12088	0	5233
12088	1	4545
12089	0	5579
12089	1	1838
12090	0	3581
12090	1	6876
12091	0	2880
12091	1	1413
12092	2	4007
12093	0	519
12093	1	2966
12094	2	2687
12095	2	4188
12096	0	5824
12096	1	4816
12097	0	2106
12097	1	6257
12098	2	1063
12099	2	6638
12100	0	4664
12100	1	4816
12101	0	663
12101	1	4578
12102	2	7399
12103	0	5453
12103	1	3061
12104	0	3327
12104	1	5214
12105	0	6337
12105	1	2122
12106	0	4664
12106	1	5214
12107	0	2333
12107	1	2122
12108	0	7921
12108	1	718
12109	0	3381
12109	1	718
12110	0	7633
12110	1	5695
12111	0	6459
12111	1	1960
12112	0	2917
12112	1	6853
12113	0	7921
12113	1	5828
12114	2	5302
12115	2	2829
12116	2	7268
12117	2	270
12118	0	254
12118	1	4041
12119	0	2706
12119	1	4816
12120	0	4566
12120	1	283
12121	2	2531
12122	2	7683
12123	0	3499
12123	1	6083
12124	2	3752
12125	0	3430
12125	1	1413
12126	0	2880
12126	1	6993
12127	0	2743
12127	1	6575
12128	0	959
12128	1	3451
12129	2	4616
12130	2	6148
12131	0	6171
12131	1	560
12132	2	1630
12133	0	7500
12133	1	3611
12134	0	5462
12134	1	6428
12135	0	5799
12135	1	4457
12136	0	1185
12136	1	3860
12137	0	6011
12137	1	4650
12138	0	2100
12138	1	2117
12139	0	7758
12139	1	4465
12140	0	2706
12140	1	4100
12141	0	433
12141	1	4861
12142	0	3165
12142	1	7454
12143	2	2124
12144	0	254
12144	1	7904
12145	0	5353
12145	1	2117
12146	0	7349
12146	1	1255
12147	0	3581
12147	1	4100
12148	2	7728
12149	2	5687
12150	0	5093
12150	1	1843
12151	2	1765
12152	0	1508
12152	1	3956
12153	0	7292
12153	1	287
12154	0	4664
12154	1	4100
12155	0	4560
12155	1	6853
12156	2	2581
12157	0	1895
12157	1	6575
12158	2	657
12159	0	3327
12159	1	7179
12160	2	1385
12161	2	1340
12162	0	2311
12162	1	2761
12163	0	7878
12163	1	8465
12164	2	5452
12165	0	433
12165	1	742
12166	2	6743
12167	2	3938
12168	2	3635
12169	2	652
12170	0	5541
12170	1	652
12171	0	4663
12171	1	8225
12172	0	3517
12172	1	5484
12173	0	7500
12173	1	3469
12174	0	673
12174	1	3117
12175	0	4664
12175	1	3117
12176	2	8504
12177	0	2743
12177	1	5995
12178	0	7921
12178	1	6575
12179	0	242
12179	1	1413
12180	0	8602
12180	1	4510
12181	0	7620
12181	1	2808
12182	0	4838
12182	1	3469
12183	0	2773
12183	1	3469
12184	0	7892
12184	1	6594
12185	0	3960
12185	1	1969
12186	0	1576
12186	1	7509
12187	0	2333
12187	1	5695
12188	0	899
12188	1	3729
12189	0	2106
12189	1	7872
12190	2	7062
12191	0	986
12191	1	5943
12192	0	2633
12192	1	7739
12193	0	1672
12193	1	3945
12194	0	5462
12194	1	2148
12195	0	2415
12195	1	5500
12196	0	6294
12196	1	2777
12197	0	14
12197	1	1791
12198	0	2674
12198	1	1791
12199	2	7897
12200	0	6732
12200	1	1413
12201	0	7270
12201	1	6794
12202	0	1258
12202	1	6794
12203	0	5541
12203	1	780
12204	2	3871
12205	0	478
12205	1	560
12206	2	1410
12207	2	567
12208	0	7500
12208	1	648
12209	0	3093
12209	1	648
12210	2	3062
12211	2	7314
12212	0	7392
12212	1	4644
12213	2	6729
12214	0	115
12214	1	3945
12215	2	7508
12216	0	2130
12216	1	4465
12217	2	8381
12218	0	7118
12218	1	5420
12219	0	4790
12219	1	3850
12220	0	2015
12220	1	3850
12221	0	1436
12221	1	6257
12222	2	5363
12223	0	6221
12223	1	3945
12224	0	6459
12224	1	2761
12225	0	3381
12225	1	2076
12226	2	1905
12227	2	731
12228	0	3960
12228	1	3061
12229	0	2333
12229	1	4122
12230	2	2153
12231	0	6221
12231	1	2122
12232	0	6011
12232	1	2122
12233	0	7349
12233	1	3989
12234	0	2130
12234	1	1631
12235	0	6221
12235	1	5933
12236	2	2424
12237	0	899
12237	1	2117
12238	0	5233
12238	1	3989
12239	0	656
12239	1	797
12240	0	4942
12240	1	1413
12241	0	5462
12241	1	1413
12242	0	3381
12242	1	7345
12243	0	3165
12243	1	7345
12244	0	5579
12244	1	2169
12245	0	254
12245	1	1930
12246	0	5233
12246	1	1930
12247	0	358
12247	1	6083
12248	0	2674
12248	1	7454
12249	0	8035
12249	1	2808
12250	0	7633
12250	1	287
12251	0	242
12251	1	287
12252	2	5661
12253	0	6221
12253	1	648
12254	2	4534
12255	0	7328
12255	1	464
12256	0	52
12256	1	6083
12257	0	7197
12257	1	6767
12258	0	930
12258	1	6767
12259	2	6142
12260	0	4833
12260	1	2024
12261	0	52
12261	1	1080
12262	2	7248
12263	2	123
12264	0	2774
12264	1	7739
12265	0	6221
12265	1	4465
12266	2	3454
12267	2	5368
12268	0	7693
12268	1	283
12269	2	3998
12270	0	5233
12270	1	718
12271	2	4522
12272	0	4855
12272	1	5006
12273	2	3983
12274	0	5462
12274	1	5943
12275	0	2407
12275	1	5943
12276	2	8164
12277	0	246
12277	1	7302
12278	0	7500
12278	1	6993
12279	0	3960
12279	1	8368
12280	0	1214
12280	1	1808
12281	0	8237
12281	1	5995
12282	2	5761
12283	0	2880
12283	1	8227
12284	2	1689
12285	0	5201
12285	1	2088
12286	0	5448
12286	1	2088
12287	0	5462
12287	1	804
12288	2	2294
12289	0	7847
12289	1	858
12290	0	5093
12290	1	858
12291	0	6337
12291	1	2671
12292	0	4135
12292	1	3956
12293	0	8351
12293	1	3059
12294	0	2100
12294	1	3882
12295	2	6228
12296	0	4888
12296	1	3565
12297	0	2706
12297	1	518
12298	0	1672
12298	1	7509
12299	0	2674
12299	1	4639
12300	2	383
12301	0	2015
12301	1	7295
12302	0	2333
12302	1	2761
12303	2	3757
12304	0	4822
12304	1	3565
12305	2	4497
12306	0	7693
12306	1	734
12307	2	8327
12308	2	8445
12309	2	7143
12310	0	5453
12310	1	2671
12311	0	7500
12311	1	2671
12312	0	242
12312	1	2671
12313	0	3825
12313	1	5500
12314	2	6605
12315	2	8083
12316	2	7451
12317	0	2106
12317	1	5832
12318	0	403
12318	1	5832
12319	2	7129
12320	2	8361
12321	0	93
12321	1	6718
12322	0	5541
12322	1	8438
12323	2	6814
12324	0	4606
12324	1	2652
12325	0	7270
12325	1	1498
12326	0	7777
12326	1	1498
12327	0	403
12327	1	6853
12328	0	3165
12328	1	6209
12329	0	2743
12329	1	6209
12330	2	5806
12331	0	4560
12331	1	3404
12332	0	1672
12332	1	804
12333	0	3791
12333	1	5828
12334	0	3165
12334	1	2012
12335	2	3525
12336	2	2282
12337	2	4850
12338	0	4663
12338	1	6257
12339	0	5193
12339	1	8551
12340	2	264
12341	2	7803
12342	2	3013
12343	2	4707
12344	2	2969
12345	0	4899
12345	1	8225
12346	0	3430
12346	1	5798
12347	0	3165
12347	1	1631
12348	2	8517
12349	0	1508
12349	1	5214
12350	0	6459
12350	1	5695
12351	0	8602
12351	1	3061
12352	0	6318
12352	1	3989
12353	0	5579
12353	1	3989
12354	2	5577
12355	0	7809
12355	1	5933
12356	2	4551
12357	0	919
12357	1	8465
12358	0	2214
12358	1	4644
12359	2	4670
12360	2	1405
12361	2	82
12362	0	3823
12362	1	560
12363	2	1225
12364	0	7292
12364	1	1285
12365	0	6973
12365	1	6853
12366	0	4899
12366	1	4457
12367	2	4062
12368	0	242
12368	1	7302
12369	0	6973
12369	1	3469
12370	0	3791
12370	1	7295
12371	2	2517
12372	2	3555
12373	0	2820
12373	1	2088
12374	0	7500
12374	1	7872
12375	0	2636
12375	1	5828
12376	2	6677
12377	2	573
12378	2	8205
12379	2	1196
12380	2	2065
12381	0	47
12381	1	510
12382	0	8319
12382	1	7739
12383	0	2278
12383	1	688
12384	2	6538
12385	2	927
12386	0	7349
12386	1	4510
12387	0	4302
12387	1	2148
12388	2	5037
12389	0	4135
12389	1	2148
12390	0	2674
12390	1	5567
12391	0	2130
12391	1	3989
12392	0	1474
12392	1	8154
12393	0	2574
12393	1	6718
12394	0	7557
12394	1	2614
12395	0	3327
12395	1	287
12396	2	7507
12397	0	47
12397	1	1065
12398	0	4790
12398	1	6199
12399	0	6011
12399	1	6199
12400	2	7336
12401	0	5541
12401	1	1881
12402	2	3132
12403	0	8644
12403	1	3361
12404	0	3165
12404	1	4457
12405	0	8602
12405	1	6575
12406	0	3430
12406	1	6083
12407	0	5562
12407	1	5420
12408	2	3380
12409	0	2743
12409	1	1808
12410	2	5293
12411	0	4663
12411	1	4457
12412	2	5691
12413	0	2333
12413	1	3244
12414	0	2333
12414	1	2777
12415	2	3180
12416	2	3179
12417	2	6489
12418	2	3221
12419	0	2743
12419	1	2761
12420	2	3432
12421	2	2226
12422	0	5573
12422	1	3956
12423	0	4560
12423	1	8368
12424	0	6479
12424	1	6669
12425	0	3960
12425	1	2148
12426	0	2333
12426	1	233
12427	0	2551
12427	1	8188
12428	0	6973
12428	1	8188
12429	2	1463
12430	0	2655
12430	1	2966
12431	2	5759
12432	0	5541
12432	1	4571
12433	0	3499
12433	1	5500
12434	0	2780
12434	1	518
12435	2	194
12436	2	4453
12437	2	4232
12438	0	3307
12438	1	6853
12439	0	2297
12439	1	2148
12440	2	4261
12441	0	4664
12441	1	5147
12442	0	2333
12442	1	8225
12443	2	4245
12444	2	4472
12445	0	5103
12445	1	8551
12446	2	1661
12447	0	4212
12447	1	1285
12448	0	7416
12448	1	1285
12449	0	7633
12449	1	1274
12450	0	4663
12450	1	5420
12451	0	5233
12451	1	7951
12452	0	242
12452	1	8549
12453	2	8606
12454	2	8041
12455	2	8214
12456	0	4135
12456	1	213
12457	2	1364
12458	0	4663
12458	1	2122
12459	0	3381
12459	1	3989
12460	0	6221
12460	1	1843
12461	0	8602
12461	1	213
12462	0	1852
12462	1	5933
12463	0	2130
12463	1	5933
12464	0	7633
12464	1	5933
12465	0	2880
12465	1	742
12466	0	4790
12466	1	742
12467	2	8109
12468	0	433
12468	1	86
12469	2	1949
12470	0	2106
12470	1	5828
12471	0	5183
12471	1	283
12472	2	1465
12473	0	4135
12473	1	3860
12474	0	7349
12474	1	2808
12475	0	7754
12475	1	8368
12476	0	6136
12476	1	3860
12477	0	5562
12477	1	3860
12478	2	7209
12479	0	1672
12479	1	5249
12480	2	2684
12481	2	5470
12482	0	5434
12482	1	4644
12483	0	2333
12483	1	1413
12484	0	3327
12484	1	1413
12485	0	8237
12485	1	1413
12486	2	2704
12487	0	3206
12487	1	3469
12488	0	47
12488	1	3244
12489	2	6761
12490	0	1967
12490	1	2117
12491	0	1553
12491	1	1306
12492	0	7251
12492	1	4122
12493	0	1248
12493	1	4122
12494	0	1348
12494	1	3564
12495	0	4838
12495	1	6718
12496	2	8143
12497	0	6011
12497	1	742
12498	0	3206
12498	1	5832
12499	0	6054
12499	1	1080
12500	2	877
12501	0	1672
12501	1	3611
12502	0	8237
12502	1	1080
12503	0	7633
12503	1	5567
12504	0	4664
12504	1	2148
12505	0	3389
12505	1	5539
12506	2	5313
12507	0	2780
12507	1	3565
12508	0	651
12508	1	3860
12509	0	7892
12509	1	234
12510	2	4687
12511	0	1474
12511	1	287
12512	0	3917
12512	1	6199
12513	0	2130
12513	1	233
12514	2	2283
12515	2	8488
12516	0	5814
12516	1	3860
12517	0	4664
12517	1	3780
12518	0	6171
12518	1	2536
12519	0	2743
12519	1	3451
12520	2	3865
12521	0	7809
12521	1	7495
12522	0	2100
12522	1	8551
12523	0	2439
12523	1	6718
12524	2	8384
12525	0	878
12525	1	6015
12526	0	3889
12526	1	6718
12527	2	4447
12528	0	6353
12528	1	6718
12529	0	2204
12529	1	4644
12530	0	8124
12530	1	2761
12531	2	2961
12532	0	5337
12532	1	5185
12533	2	3367
12534	0	3791
12534	1	6718
12535	0	8251
12535	1	3451
12536	0	7697
12536	1	3729
12537	0	5337
12537	1	2148
12538	0	3151
12538	1	3945
12539	0	3093
12539	1	3945
12540	2	4636
12541	0	3825
12541	1	3989
12542	0	1508
12542	1	5695
12543	0	2130
12543	1	6853
12544	0	663
12544	1	5832
12545	0	6459
12545	1	4523
12546	2	993
12547	0	2100
12547	1	4510
12548	0	2241
12548	1	3565
12549	0	5799
12549	1	1960
12550	0	6011
12550	1	5249
12551	0	2130
12551	1	2346
12552	0	7229
12552	1	3860
12553	2	4973
12554	0	4999
12554	1	4816
12555	2	7914
12556	0	8281
12556	1	1285
12557	2	5108
12558	2	5036
12559	0	7813
12559	1	7730
12560	2	694
12561	2	2192
12562	0	47
12562	1	7419
12563	2	4617
12564	0	5573
12564	1	1080
12565	0	7777
12565	1	6575
12566	0	4135
12566	1	5420
12567	2	5172
12568	0	4135
12568	1	4644
12569	0	6011
12569	1	1960
12570	2	1507
12571	2	856
12572	0	2333
12572	1	6656
12573	0	7500
12573	1	3565
12574	0	3960
12574	1	3565
12575	0	7328
12575	1	8465
12576	2	4341
12577	0	5562
12577	1	560
12578	0	1214
12578	1	6794
12579	2	2986
12580	0	2710
12580	1	8183
12581	0	5093
12581	1	2117
12582	0	7270
12582	1	742
12583	2	1542
12584	0	47
12584	1	2808
12585	0	919
12585	1	3860
12586	2	5384
12587	2	2693
12588	0	1436
12588	1	3469
12589	0	2655
12589	1	3469
12590	0	1258
12590	1	3469
12591	0	5481
12591	1	278
12592	0	3704
12592	1	3404
12593	0	7499
12593	1	4644
12594	0	254
12594	1	6669
12595	2	7489
12596	0	47
12596	1	4644
12597	0	6137
12597	1	7904
12598	0	5487
12598	1	6853
12599	2	5804
12600	0	3093
12600	1	1930
12601	0	3246
12601	1	1930
12602	2	6653
12603	2	754
12604	0	8644
12604	1	7509
12605	0	14
12605	1	2614
12606	0	6138
12606	1	2614
12607	0	2297
12607	1	6414
12608	2	8481
12609	0	4948
12609	1	830
12610	0	5453
12610	1	1960
12611	2	2239
12612	0	5562
12612	1	5539
12613	2	148
12614	2	8201
12615	0	6011
12615	1	7077
12616	0	5103
12616	1	6594
12617	0	174
12617	1	5500
12618	0	2333
12618	1	2614
12619	0	899
12619	1	5500
12620	0	6732
12620	1	6015
12621	2	2786
12622	0	7620
12622	1	1255
12623	2	50
12624	0	2706
12624	1	1274
12625	2	3227
12626	2	6431
12627	0	5824
12627	1	5178
12628	0	2333
12628	1	1205
12629	2	7294
12630	2	5319
12631	2	2722
12632	0	1254
12632	1	2614
12633	0	5579
12633	1	2614
12634	0	3093
12634	1	2614
12635	2	3727
12636	0	3581
12636	1	8183
12637	0	6221
12637	1	8183
12638	2	4314
12639	0	2880
12639	1	213
12640	0	2108
12640	1	742
12641	0	2674
12641	1	742
12642	0	5541
12642	1	742
12643	0	242
12643	1	742
12644	0	1508
12644	1	742
12645	2	599
12646	0	8602
12646	1	2122
12647	0	8035
12647	1	2117
12648	0	4669
12648	1	1960
12649	2	7180
12650	2	2338
12651	0	4664
12651	1	2088
12652	2	3781
12653	0	2674
12653	1	2671
12654	0	878
12654	1	5828
12655	0	3960
12655	1	2169
12656	0	5193
12656	1	1274
12657	2	2656
12658	2	5934
12659	2	1477
12660	2	7418
12661	2	555
12662	0	4060
12662	1	7872
12663	2	3300
12664	2	64
12665	0	2504
12665	1	7302
12666	0	403
12666	1	7739
12667	0	4888
12667	1	3989
12668	2	6426
12669	0	5353
12669	1	2652
12670	0	5462
12670	1	2755
12671	2	6265
12672	2	7568
12673	2	4213
12674	0	8250
12674	1	2024
12675	2	7283
12676	0	3960
12676	1	1930
12677	0	6318
12677	1	283
12678	0	2781
12678	1	6718
12679	0	242
12679	1	7295
12680	2	3111
12681	0	2674
12681	1	86
12682	0	1547
12682	1	4816
12683	2	4869
12684	0	1672
12684	1	3399
12685	2	4805
12686	2	5611
12687	0	358
12687	1	4644
12688	0	6459
12688	1	6083
12689	0	7921
12689	1	931
12690	2	2402
12691	2	1215
12692	0	8237
12692	1	7424
12693	0	7892
12693	1	8526
12694	2	6904
12695	0	7557
12695	1	7509
12696	0	4560
12696	1	3860
12697	0	4833
12697	1	7872
12698	2	1485
12699	0	6294
12699	1	5539
12700	0	5353
12700	1	3850
12701	2	6072
12702	2	177
12703	2	1479
12704	0	3093
12704	1	464
12705	0	5353
12705	1	464
12706	0	3581
12706	1	4744
12707	0	3870
12707	1	3244
12708	0	8644
12708	1	8310
12709	2	4540
12710	2	2824
12711	2	3950
12712	2	7956
12713	0	2956
12713	1	2671
12714	0	223
12714	1	2671
12715	2	7552
12716	2	7327
12717	0	8602
12717	1	2777
12718	2	2251
12719	2	3610
12720	0	4560
12720	1	5922
12721	0	5562
12721	1	3729
12722	0	4663
12722	1	1205
12723	0	1672
12723	1	1838
12724	0	1508
12724	1	2671
12725	0	8237
12725	1	5539
12726	0	663
12726	1	6920
12727	0	1614
12727	1	234
12728	2	2940
12729	2	8345
12730	0	4606
12730	1	8227
12731	2	2678
12732	2	8010
12733	2	8126
12734	2	102
12735	0	242
12735	1	278
12736	0	4302
12736	1	510
12737	0	1528
12737	1	2761
12738	2	3042
12739	2	2783
12740	0	5562
12740	1	5995
12741	0	4663
12741	1	5995
12742	0	3960
12742	1	283
12743	0	3389
12743	1	6083
12744	0	358
12744	1	6853
12745	2	2058
12746	0	4560
12746	1	6083
12747	0	5453
12747	1	4041
12748	2	395
12749	0	5193
12749	1	3945
12750	2	3640
12751	0	175
12751	1	3451
12752	0	2636
12752	1	6853
12753	0	2780
12753	1	5185
12754	2	6394
12755	2	3026
12756	0	6562
12756	1	5922
12757	2	3759
12758	0	7392
12758	1	1960
12759	0	5573
12759	1	1843
12760	0	4809
12760	1	2169
12761	0	7292
12761	1	5943
12762	0	4560
12762	1	7739
12763	2	7438
12764	0	2352
12764	1	7739
12765	2	5028
12766	0	7132
12766	1	3565
12767	2	5311
12768	0	246
12768	1	5922
12769	0	3823
12769	1	5922
12770	0	5453
12770	1	1255
12771	2	4391
12772	2	1552
12773	0	3704
12773	1	7302
12774	2	5180
12775	0	1508
12775	1	4100
12776	0	2100
12776	1	5832
12777	2	6939
12778	0	223
12778	1	5828
12779	0	4135
12779	1	3404
12780	0	6526
12780	1	7302
12781	0	5453
12781	1	7730
12782	0	3581
12782	1	6594
12783	0	6221
12783	1	5630
12784	0	2880
12784	1	3399
12785	0	4663
12785	1	3399
12786	0	919
12786	1	3564
12787	2	218
12788	2	1033
12789	0	3327
12789	1	7904
12790	2	949
12791	2	1481
12792	0	7270
12792	1	3511
12793	0	7633
12793	1	3511
12794	2	5010
12795	2	7404
12796	2	5259
12797	2	309
12798	0	7500
12798	1	2122
12799	0	2674
12799	1	3469
12800	0	5462
12800	1	3850
12801	0	4251
12801	1	3174
12802	2	1685
12803	2	1608
12804	2	1681
12805	0	986
12805	1	283
12806	0	3381
12806	1	734
12807	0	8443
12807	1	4545
12808	2	4561
12809	0	1254
12809	1	6669
12810	0	223
12810	1	1473
12811	0	6337
12811	1	1473
12812	2	721
12813	0	7813
12813	1	2148
12814	0	339
12814	1	1413
12815	0	5093
12815	1	1969
12816	0	3581
12816	1	6669
12817	0	4606
12817	1	7199
12818	2	1558
12819	2	4749
12820	2	6188
12821	0	7921
12821	1	3469
12822	0	7392
12822	1	3404
12823	0	7416
12823	1	931
12824	2	7599
12825	0	2880
12825	1	2536
12826	0	7392
12826	1	6993
12827	2	7928
12828	0	3870
12828	1	7419
12829	0	4664
12829	1	5420
12830	2	7654
12831	2	4395
12832	2	5569
12833	0	7620
12833	1	7419
12834	2	4693
12835	2	7840
12836	0	6011
12836	1	73
12837	0	7350
12837	1	7419
12838	0	7416
12838	1	8465
12839	0	2551
12839	1	6669
12840	0	5233
12840	1	5006
12841	2	6108
12842	2	2859
12843	0	2407
12843	1	464
12844	0	3791
12844	1	283
12845	2	8418
12846	0	8493
12846	1	1631
12847	0	5462
12847	1	1838
12848	2	5285
12849	0	1826
12849	1	6718
12850	2	4234
12851	0	3445
12851	1	6024
12852	2	8231
12853	0	6236
12853	1	2117
12854	0	663
12854	1	2117
12855	0	6889
12855	1	560
12856	0	3917
12856	1	5995
12857	0	3310
12857	1	5185
12858	2	4557
12859	0	5462
12859	1	6920
12860	2	7732
12861	2	2175
12862	2	4152
12863	2	4332
12864	2	3585
12865	0	1672
12865	1	392
12866	0	3165
12866	1	742
12867	0	2407
12867	1	4457
12868	2	4681
12869	0	8644
12869	1	3404
12870	0	1436
12870	1	5214
12871	0	7809
12871	1	3640
12872	0	7892
12872	1	4523
12873	2	4935
12874	0	5337
12874	1	5214
12875	0	1474
12875	1	3061
12876	0	3327
12876	1	3061
12877	2	7733
12878	2	1784
12879	2	5972
12880	0	656
12880	1	1960
12881	2	8120
12882	0	2780
12882	1	3611
12883	0	4888
12883	1	3469
12884	0	1508
12884	1	4484
12885	2	1416
12886	0	3206
12886	1	6853
12887	2	2923
12888	0	5193
12888	1	5922
12889	0	5799
12889	1	6767
12890	0	3905
12890	1	5484
12891	0	5487
12891	1	4545
12892	0	6732
12892	1	2755
12893	2	3314
12894	0	8443
12894	1	7904
12895	0	6698
12895	1	688
12896	0	242
12896	1	5828
12897	0	3165
12897	1	3174
12898	2	7096
12899	2	2692
12900	0	8140
12900	1	278
12901	2	8325
12902	0	6459
12902	1	7904
12903	2	576
12904	0	2100
12904	1	1838
12905	0	6236
12905	1	4644
12906	2	6849
12907	2	2903
12908	0	3952
12908	1	4545
12909	2	3761
12910	0	8409
12910	1	4816
12911	2	8544
12912	2	6400
12913	0	8237
12913	1	7302
12914	0	5453
12914	1	7509
12915	0	1967
12915	1	8465
12916	0	7892
12916	1	2307
12917	0	5799
12917	1	1969
12918	2	4392
12919	0	4560
12919	1	3451
12920	2	4446
12921	2	8258
12922	0	6447
12922	1	510
12923	0	6447
12923	1	4545
12924	0	5600
12924	1	4644
12925	0	4135
12925	1	6920
12926	0	8140
12926	1	6083
12927	0	1967
12927	1	3729
12928	0	7633
12928	1	8177
12929	2	8412
12930	0	6011
12930	1	8412
12931	0	1436
12931	1	3860
12932	2	2071
12933	0	7137
12933	1	6853
12934	0	3704
12934	1	6199
12935	0	254
12935	1	1255
12936	0	4664
12936	1	7419
12937	0	5093
12937	1	931
12938	0	7292
12938	1	931
12939	0	6221
12939	1	5922
12940	0	2674
12940	1	2307
12941	0	600
12941	1	3887
12942	0	7392
12942	1	3887
12943	0	919
12943	1	560
12944	0	5434
12944	1	4816
12945	0	433
12945	1	5933
12946	2	4608
12947	2	8474
12948	0	2106
12948	1	4230
12949	0	668
12949	1	2761
12950	2	2582
12951	2	4374
12952	2	2272
12953	0	7620
12953	1	287
12954	2	7432
12955	0	7500
12955	1	5832
12956	2	7968
12957	0	2100
12957	1	2761
12958	0	14
12958	1	8188
12959	0	4642
12959	1	3945
12960	0	6285
12960	1	3611
12961	2	4043
12962	0	2015
12962	1	2169
12963	2	8608
12964	0	4606
12964	1	7951
12965	0	5799
12965	1	4230
12966	0	1876
12966	1	6718
12967	0	8393
12967	1	6015
12968	2	4998
12969	2	8142
12970	0	1271
12970	1	6853
12971	0	4135
12971	1	8177
12972	0	7349
12972	1	2966
12973	0	3093
12973	1	233
12974	0	4246
12974	1	2761
12975	2	3863
12976	2	7045
12977	0	3381
12977	1	2203
12978	0	7270
12978	1	2203
12979	0	5814
12979	1	3945
12980	0	5468
12980	1	8177
12981	2	2596
12982	2	106
12983	0	3581
12983	1	5832
12984	0	4606
12984	1	7477
12985	0	6459
12985	1	742
12986	2	4121
12987	2	2369
12988	0	8602
12988	1	5484
12989	0	7633
12989	1	1519
12990	0	6217
12990	1	1285
12991	0	1700
12991	1	1285
12992	2	4961
12993	0	8191
12993	1	3945
12994	0	7556
12994	1	6853
12995	0	4838
12995	1	5828
12996	0	3825
12996	1	68
12997	2	68
12998	2	3171
12999	0	3931
12999	1	8188
13000	0	8036
13000	1	5922
13001	2	6802
13002	0	358
13002	1	2777
13003	0	1106
13003	1	2777
13004	0	3165
13004	1	7989
13005	2	182
13006	0	5453
13006	1	4465
13007	2	8613
13008	0	5201
13008	1	3061
13009	0	7633
13009	1	4465
13010	0	7878
13010	1	7302
13011	0	254
13011	1	7302
13012	0	7878
13012	1	8417
13013	2	3991
13014	0	6294
13014	1	8417
13015	0	7500
13015	1	8417
13016	2	2061
13017	2	6746
13018	2	3603
13019	0	7156
13019	1	1930
13020	0	254
13020	1	7050
13021	0	3027
13021	1	6083
13022	2	4075
13023	2	3243
13024	0	2100
13024	1	6110
13025	2	2458
13026	0	2241
13026	1	1969
13027	0	2106
13027	1	1969
13028	0	7826
13028	1	3564
13029	2	6178
13030	2	6461
13031	0	6337
13031	1	1080
13032	0	2743
13032	1	3860
13033	2	3382
13034	0	433
13034	1	1860
13035	0	2001
13035	1	3860
13036	0	5233
13036	1	3244
13037	2	415
13038	0	5103
13038	1	2614
13039	0	2706
13039	1	931
13040	2	8284
13041	2	1143
13042	0	462
13042	1	3404
13043	2	4082
13044	0	7500
13044	1	355
13045	0	7292
13045	1	6575
13046	0	668
13046	1	1808
13047	0	2880
13047	1	734
13048	0	174
13048	1	6083
13049	0	6459
13049	1	6575
13050	0	6011
13050	1	4100
13051	0	4135
13051	1	6575
13052	0	2780
13052	1	3244
13053	2	7182
13054	0	223
13054	1	3850
13055	2	5564
13056	2	8495
13057	2	8646
13058	0	959
13058	1	7904
13059	2	6069
13060	2	3666
13061	2	1863
13062	2	1263
13063	2	317
13064	2	6612
13065	0	4833
13065	1	3187
13066	2	1600
13067	0	6011
13067	1	1631
13068	0	5799
13068	1	1631
13069	2	3984
13070	0	2710
13070	1	8188
13071	0	8251
13071	1	8188
13072	0	4259
13072	1	2761
13073	0	4790
13073	1	6015
13074	2	7577
13075	2	3470
13076	0	2941
13076	1	5539
13077	0	7633
13077	1	8551
13078	2	8525
13079	2	5410
13080	0	246
13080	1	6594
13081	2	1142
13082	2	850
13083	0	3870
13083	1	648
13084	0	5939
13084	1	3404
13085	0	1672
13085	1	5995
13086	0	7197
13086	1	8438
13087	2	5276
13088	0	3601
13088	1	2761
13089	0	1474
13089	1	4545
13090	2	3514
13091	2	7094
13092	0	5103
13092	1	718
13093	0	5453
13093	1	3956
13094	0	4606
13094	1	3956
13095	0	5353
13095	1	1631
13096	0	7156
13096	1	3640
13097	2	1752
13098	0	3704
13098	1	7730
13099	2	7630
13100	0	478
13100	1	2808
13101	0	4663
13101	1	2808
13102	0	175
13102	1	5943
13103	0	656
13103	1	688
13104	2	4146
13105	0	4838
13105	1	6669
13106	0	6955
13106	1	7739
13107	2	2730
13108	0	1508
13108	1	5394
13109	2	303
13110	0	3601
13110	1	560
13111	0	286
13111	1	8417
13112	0	7137
13112	1	3564
13113	2	1332
13114	2	4346
13115	0	7350
13115	1	3780
13116	0	1436
13116	1	7295
13117	0	2130
13117	1	287
13118	0	7500
13118	1	287
13119	2	8193
13120	0	553
13120	1	2098
13121	0	6337
13121	1	1065
13122	2	6203
13123	2	1386
13124	2	4269
13125	2	6714
13126	0	1258
13126	1	355
13127	2	1162
13128	2	2725
13129	0	3960
13129	1	7730
13130	2	4772
13131	2	1888
13132	2	2433
13133	0	7892
13133	1	518
13134	0	934
13134	1	4457
13135	0	1547
13135	1	6083
13136	2	7275
13137	0	2130
13137	1	1808
13138	2	5351
13139	0	4566
13139	1	4545
13140	2	7523
13141	0	2100
13141	1	2652
13142	0	223
13142	1	1930
13143	0	8265
13143	1	6015
13144	0	3093
13144	1	4100
13145	0	7416
13145	1	3174
13146	2	7795
13147	0	2743
13147	1	5828
13148	0	2214
13148	1	3882
13149	2	3600
13150	0	6136
13150	1	6083
13151	0	3165
13151	1	6993
13152	0	4833
13152	1	1843
13153	2	6225
13154	0	1436
13154	1	5798
13155	0	5468
13155	1	4523
13156	0	2333
13156	1	7302
13157	0	1967
13157	1	3404
13158	0	246
13158	1	7081
13159	0	6459
13159	1	1375
13160	0	2368
13160	1	5484
13161	0	4566
13161	1	3511
13162	0	7328
13162	1	1791
13163	0	1474
13163	1	7419
13164	2	2296
13165	0	4135
13165	1	2088
13166	0	7809
13166	1	7993
13167	0	5799
13167	1	5500
13168	2	3188
13169	2	4311
13170	0	1508
13170	1	2694
13171	0	6011
13171	1	4578
13172	2	8363
13173	0	5541
13173	1	7989
13174	0	6318
13174	1	7730
13175	2	7975
13176	0	3165
13176	1	4639
13177	0	5468
13177	1	4639
13178	0	5453
13178	1	4639
13179	0	4135
13179	1	8551
13180	2	3195
13181	0	1258
13181	1	797
13182	0	7133
13182	1	8225
13183	0	3917
13183	1	287
13184	0	2880
13184	1	3059
13185	0	433
13185	1	4523
13186	0	5541
13186	1	4523
13187	0	8602
13187	1	7872
13188	0	8644
13188	1	2122
13189	0	5579
13189	1	4510
13190	2	5085
13191	0	7878
13191	1	4230
13192	0	2780
13192	1	5695
13193	0	4135
13193	1	392
13194	2	6283
13195	2	4637
13196	0	5600
13196	1	1285
13197	0	7653
13197	1	1285
13198	2	1663
13199	0	3206
13199	1	4816
13200	0	1508
13200	1	7179
13201	2	31
13202	2	53
13203	2	2825
13204	2	2080
13205	0	5481
13205	1	1285
13206	0	5103
13206	1	7424
13207	2	1451
13208	2	8631
13209	0	1135
13209	1	6083
13210	0	3381
13210	1	6920
13211	2	3157
13212	0	3581
13212	1	3860
13213	0	1801
13213	1	1065
13214	2	6723
13215	0	617
13215	1	5832
13216	0	4566
13216	1	6718
13217	0	4060
13217	1	1375
13218	0	7809
13218	1	5403
13219	0	3381
13219	1	3059
13220	0	246
13220	1	4639
13221	2	6809
13222	0	7839
13222	1	3404
13223	2	6561
13224	0	3106
13224	1	4484
13225	0	4135
13225	1	4578
13226	0	242
13226	1	4639
13227	0	2674
13227	1	8549
13228	0	7350
13228	1	804
13229	0	7777
13229	1	7904
13230	0	3960
13230	1	5214
13231	0	7251
13231	1	2169
13232	0	2106
13232	1	6993
13233	0	2297
13233	1	1843
13234	2	245
13235	0	1899
13235	1	3174
13236	0	5799
13236	1	4510
13237	0	3791
13237	1	7419
13238	0	4838
13238	1	560
13239	0	668
13239	1	6414
13240	0	8250
13240	1	1808
13241	0	5233
13241	1	3469
13242	0	4664
13242	1	5995
13243	2	1831
13244	0	4663
13244	1	2355
13245	0	7500
13245	1	5567
13246	2	6101
13247	0	175
13247	1	799
13248	2	4456
13249	0	8281
13249	1	2761
13250	2	5375
13251	0	5337
13251	1	6015
13252	0	3381
13252	1	5483
13253	0	5544
13253	1	6718
13254	2	6158
13255	2	2854
13256	0	7292
13256	1	510
13257	0	7349
13257	1	6257
13258	2	7112
13259	2	3521
13260	2	4064
13261	0	5462
13261	1	8368
13262	0	553
13262	1	7077
13263	2	3812
13264	0	5103
13264	1	688
13265	2	6730
13266	2	4466
13267	2	1166
13268	0	4135
13268	1	1960
13269	0	5337
13269	1	5484
13270	2	759
13271	0	7500
13271	1	2777
13272	2	1150
13273	0	2368
13273	1	830
13274	2	3284
13275	0	5093
13275	1	5832
13276	0	5337
13276	1	7302
13277	0	5453
13277	1	7302
13278	0	47
13278	1	2614
13279	0	5453
13279	1	7050
13280	0	5424
13280	1	8549
13281	0	3581
13281	1	6663
13282	0	5541
13282	1	2909
13283	2	1470
13284	2	6523
13285	0	5579
13285	1	6656
13286	2	3254
13287	2	6381
13288	0	663
13288	1	8154
13289	0	5799
13289	1	8154
13290	0	5495
13290	1	2966
13291	0	2862
13291	1	7739
13292	2	7016
13293	0	8250
13293	1	2099
13294	0	246
13294	1	3451
13295	0	3825
13295	1	5832
13296	0	6459
13296	1	2117
13297	0	7292
13297	1	4644
13298	0	3517
13298	1	6083
13299	0	7912
13299	1	6083
13300	2	19
13301	0	5453
13301	1	4100
13302	0	983
13302	1	5995
13303	0	5799
13303	1	5995
13304	2	6262
13305	0	668
13305	1	4644
13306	0	1508
13306	1	5006
13307	0	3960
13307	1	355
13308	0	2655
13308	1	6767
13309	0	7809
13309	1	6209
13310	0	1508
13310	1	355
13311	0	8216
13311	1	8225
13312	2	2543
13313	0	1672
13313	1	8225
13314	0	3381
13314	1	8225
13315	0	4833
13315	1	5736
13316	2	6056
13317	2	145
13318	2	967
13319	0	983
13319	1	2761
13320	0	6171
13320	1	2761
13321	0	7137
13321	1	6663
13322	0	3327
13322	1	8465
13323	0	5562
13323	1	4578
13324	0	5541
13324	1	1775
13325	2	1391
13326	2	2795
13327	0	2106
13327	1	8371
13328	0	2880
13328	1	8371
13329	0	478
13329	1	4578
13330	2	6202
13331	2	3630
13332	0	930
13332	1	8225
13333	0	3825
13333	1	8526
13334	2	7645
13335	0	3206
13335	1	1843
13336	2	4992
13337	0	3825
13337	1	1473
13338	2	5092
13339	0	5698
13339	1	3860
13340	0	5462
13340	1	5539
13341	0	5193
13341	1	797
13342	2	1395
13343	0	6447
13343	1	6718
13344	0	5201
13344	1	2966
13345	2	2219
13346	0	3106
13346	1	6718
13347	0	6294
13347	1	3850
13348	0	5541
13348	1	1901
13349	0	6645
13349	1	283
13350	0	6136
13350	1	6767
13351	0	487
13351	1	4816
13352	0	2780
13352	1	5798
13353	2	1487
13354	2	7778
13355	2	984
13356	2	3303
13357	2	141
13358	2	7334
13359	2	5532
13360	0	4135
13360	1	8183
13361	0	2780
13361	1	1631
13362	0	7500
13362	1	1631
13363	0	3960
13363	1	1065
13364	0	3093
13364	1	8183
13365	2	7534
13366	0	3381
13366	1	3956
13367	0	6221
13367	1	1631
13368	0	5541
13368	1	3117
13369	0	433
13369	1	3640
13370	0	5541
13370	1	3640
13371	2	1181
13372	2	5837
13373	0	8644
13373	1	6853
13374	0	3165
13374	1	4510
13375	2	3831
13376	2	8486
13377	0	7349
13377	1	1285
13378	0	7349
13378	1	6199
13379	0	1174
13379	1	2012
13380	2	6674
13381	2	470
13382	0	7137
13382	1	7730
13383	0	1899
13383	1	6015
13384	0	7500
13384	1	4230
13385	0	5858
13385	1	2012
13386	0	7633
13386	1	2012
13387	2	4763
13388	0	2333
13388	1	742
13389	0	6294
13389	1	742
13390	2	7647
13391	2	5576
13392	2	3797
13393	2	7723
13394	0	433
13394	1	1092
13395	0	8237
13395	1	5832
13396	2	1651
13397	0	5562
13397	1	3399
13398	2	5753
13399	0	3870
13399	1	7904
13400	0	2780
13400	1	3399
13401	2	2271
13402	0	3106
13402	1	3564
13403	0	6236
13403	1	3244
13404	0	6698
13404	1	1285
13405	2	475
13406	2	8364
13407	0	6294
13407	1	283
13408	0	6138
13408	1	5760
13409	0	2297
13409	1	1560
13410	0	6526
13410	1	4644
13411	2	7201
13412	0	7633
13412	1	1375
13413	0	5093
13413	1	1065
13414	2	6929
13415	0	2311
13415	1	1930
13416	0	7137
13416	1	1065
13417	0	2015
13417	1	3860
13418	0	2130
13418	1	6993
13419	2	4718
13420	0	6955
13420	1	3989
13421	2	5536
13422	0	4663
13422	1	1413
13423	0	2100
13423	1	858
13424	2	6291
13425	0	6236
13425	1	3174
13426	2	2539
13427	0	8191
13427	1	1255
13428	0	5093
13428	1	1255
13429	0	2130
13429	1	1255
13430	0	6294
13430	1	3565
13431	2	2669
13432	2	4273
13433	2	6152
13434	0	7197
13434	1	1930
13435	2	2127
13436	2	8252
13437	2	8141
13438	0	5487
13438	1	6083
13439	0	4212
13439	1	5832
13440	0	656
13440	1	1473
13441	2	3368
13442	0	4833
13442	1	7509
13443	2	3934
13444	2	7064
13445	2	5412
13446	0	7892
13446	1	5943
13447	2	2565
13448	0	1135
13448	1	6920
13449	0	7620
13449	1	2088
13450	0	7350
13450	1	4644
13451	0	2100
13451	1	4545
13452	0	2100
13452	1	4639
13453	2	7931
13454	2	4648
13455	2	5711
13456	2	8610
13457	2	686
13458	0	2956
13458	1	5500
13459	2	5174
13460	0	2674
13460	1	2098
13461	0	5579
13461	1	5500
13462	0	2941
13462	1	2761
13463	0	403
13463	1	3404
13464	0	2415
13464	1	6015
13465	0	7197
13465	1	3565
13466	2	7593
13467	0	254
13467	1	2966
13468	0	14
13468	1	510
13469	0	7251
13469	1	4191
13470	0	242
13470	1	6575
13471	2	6165
13472	0	7349
13472	1	1969
13473	0	2674
13473	1	2012
13474	2	5228
13475	2	5512
13476	2	2257
13477	0	930
13477	1	3451
13478	0	2399
13478	1	797
13479	0	3151
13479	1	2761
13480	0	7236
13480	1	8551
13481	0	3093
13481	1	5214
13482	2	5218
13483	0	254
13483	1	8368
13484	2	2489
13485	0	5541
13485	1	297
13486	2	110
13487	2	1584
13488	0	7878
13488	1	7454
13489	2	3663
13490	0	668
13490	1	4861
13491	0	668
13491	1	6663
13492	2	5123
13493	0	2333
13493	1	7424
13494	2	8223
13495	0	6149
13495	1	6669
13496	0	2214
13496	1	7730
13497	0	7633
13497	1	6767
13498	0	223
13498	1	1205
13499	0	2956
13499	1	1560
13500	2	6259
13501	2	3482
13502	2	4954
13503	2	8428
13504	0	5319
13504	1	2169
13505	2	5941
13506	0	4212
13506	1	1473
13507	0	6221
13507	1	5832
13508	0	7328
13508	1	5922
13509	2	6073
13510	2	6969
13511	0	8644
13511	1	4644
13512	0	2241
13512	1	5539
13513	0	2130
13513	1	7302
13514	2	1811
13515	0	5453
13515	1	5943
13516	0	8281
13516	1	3174
13517	0	3206
13517	1	2012
13518	2	6249
13519	0	1258
13519	1	2148
13520	0	2130
13520	1	6920
13521	2	2321
13522	0	3165
13522	1	4861
13523	2	4708
13524	0	5103
13524	1	233
13525	0	4663
13525	1	7993
13526	2	7595
13527	0	2655
13527	1	4072
13528	0	3791
13528	1	1285
13529	0	6221
13529	1	3565
13530	0	1508
13530	1	3244
13531	0	1508
13531	1	8551
13532	2	310
13533	0	7276
13533	1	830
13534	0	5103
13534	1	830
13535	2	2334
13536	2	8123
13537	0	1258
13537	1	648
13538	2	3803
13539	2	4305
13540	2	4080
13541	2	1458
13542	2	7498
13543	2	2461
13544	0	7892
13544	1	1375
13545	2	538
13546	2	3441
13547	2	6976
13548	2	3799
13549	2	7198
13550	2	4706
13551	2	8462
13552	2	4443
13553	2	7043
13554	2	5151
13555	0	2241
13555	1	6718
13556	2	8336
13557	2	3775
13558	0	6221
13558	1	233
13559	0	3093
13559	1	4578
13560	0	4899
13560	1	283
13561	2	3459
13562	0	246
13562	1	804
13563	0	7633
13563	1	2536
13564	0	7921
13564	1	3780
13565	0	5093
13565	1	3780
13566	0	6138
13566	1	5214
13567	0	2333
13567	1	3117
13568	0	2333
13568	1	5214
13569	0	5193
13569	1	2117
13570	2	7211
13571	0	2130
13571	1	8551
13572	0	7693
13572	1	5185
13573	0	7839
13573	1	7050
13574	2	4010
13575	0	8644
13575	1	7739
13576	0	3791
13576	1	6853
13577	0	5562
13577	1	4545
13578	2	3916
13579	2	1093
13580	0	2106
13580	1	5736
13581	0	3381
13581	1	5736
13582	0	1672
13582	1	6993
13583	0	6547
13583	1	1285
13584	0	6236
13584	1	7730
13585	0	7156
13585	1	4510
13586	0	1508
13586	1	3061
13587	0	4899
13587	1	6663
13588	2	2805
13589	2	7225
13590	0	7557
13590	1	8368
13591	2	540
13592	0	7921
13592	1	7295
13593	0	2108
13593	1	5249
13594	0	3445
13594	1	2099
13595	0	6054
13595	1	7739
13596	0	4135
13596	1	7179
13597	2	2775
13598	0	663
13598	1	7730
13599	0	2956
13599	1	7904
13600	0	478
13600	1	7739
13601	2	7841
13602	0	7620
13602	1	3404
13603	0	7693
13603	1	5828
13604	2	5002
13605	0	4669
13605	1	1969
13606	0	7236
13606	1	7730
13607	0	1474
13607	1	6199
13608	2	6163
13609	2	135
13610	2	2246
13611	0	7809
13611	1	2119
13612	0	2333
13612	1	3729
13613	0	8124
13613	1	355
13614	0	7921
13614	1	355
13615	0	2655
13615	1	355
13616	0	5698
13616	1	5420
13617	0	7349
13617	1	3564
13618	0	2706
13618	1	2671
13619	0	2880
13619	1	3780
13620	0	7892
13620	1	6299
13621	0	2674
13621	1	6299
13622	0	7878
13622	1	3956
13623	2	5489
13624	2	199
13625	0	3381
13625	1	1065
13626	0	2706
13626	1	3565
13627	0	2214
13627	1	2761
13628	2	948
13629	0	7921
13629	1	3565
13630	0	2655
13630	1	8551
13631	2	1907
13632	0	617
13632	1	2117
13633	0	7756
13633	1	2117
13634	0	600
13634	1	1080
13635	0	1211
13635	1	7295
13636	2	4058
13637	2	6120
13638	0	1258
13638	1	2761
13639	0	7653
13639	1	2755
13640	0	8124
13640	1	1843
13641	0	8319
13641	1	560
13642	2	5959
13643	2	5464
13644	0	6011
13644	1	1372
13645	0	7609
13645	1	6853
13646	2	857
13647	0	3337
13647	1	6718
13648	2	7679
13649	0	2780
13649	1	804
13650	2	6183
13651	0	2880
13651	1	7951
13652	0	7809
13652	1	4072
13653	2	787
13654	0	7874
13654	1	804
13655	0	7633
13655	1	2076
13656	0	7892
13656	1	5832
13657	0	1436
13657	1	718
13658	2	2604
13659	2	1387
13660	0	8251
13660	1	1285
13661	0	2941
13661	1	2088
13662	0	4170
13662	1	2088
13663	2	1056
13664	0	1474
13664	1	6110
13665	0	254
13665	1	1560
13666	2	6967
13667	2	6763
13668	2	3030
13669	0	5453
13669	1	5828
13670	0	3445
13670	1	8225
13671	0	7137
13671	1	3404
13672	2	5212
13673	2	860
13674	0	8250
13674	1	2117
13675	2	2793
13676	0	1899
13676	1	2307
13677	2	6173
13678	0	4663
13678	1	2671
13679	0	8281
13679	1	2755
13680	2	2737
13681	2	4857
13682	0	1279
13682	1	4100
13683	0	5858
13683	1	1631
13684	0	3126
13684	1	7739
13685	0	2551
13685	1	4030
13686	2	5379
13687	0	6994
13687	1	6015
13688	2	2163
13689	2	1628
13690	0	6221
13690	1	858
13691	0	3075
13691	1	688
13692	2	496
13693	0	1333
13693	1	5828
13694	0	93
13694	1	7419
13695	2	5887
13696	0	5434
13696	1	2131
13697	2	8195
13698	2	832
13699	2	5667
13700	0	5541
13700	1	4904
13701	0	6732
13701	1	3469
13702	0	2015
13702	1	1560
13703	0	7137
13703	1	7424
13704	2	3067
13705	0	1409
13705	1	2088
13706	2	216
13707	0	7878
13707	1	1080
13708	0	4302
13708	1	1631
13709	0	5462
13709	1	3117
13710	0	1409
13710	1	5995
13711	0	2352
13711	1	4510
13712	0	7912
13712	1	7730
13713	0	1258
13713	1	8154
13714	0	286
13714	1	4457
13715	0	5814
13715	1	4457
13716	0	7292
13716	1	4457
13717	2	7604
13718	0	7270
13718	1	6428
13719	0	5462
13719	1	1375
13720	0	7156
13720	1	742
13721	0	7350
13721	1	1930
13722	2	2385
13723	0	6137
13723	1	3565
13724	0	553
13724	1	2099
13725	2	1374
13726	0	4212
13726	1	6023
13727	0	5541
13727	1	8444
13728	2	6070
13729	2	1741
13730	2	5146
13731	2	1433
13732	0	3093
13732	1	5500
13733	0	2092
13733	1	4816
13734	0	4060
13734	1	5420
13735	2	536
13736	0	286
13736	1	2966
13737	2	59
13738	2	1642
13739	0	7500
13739	1	2614
13740	2	5058
13741	2	3203
13742	2	1307
13743	0	6221
13743	1	4639
13744	0	5462
13744	1	5798
13745	2	5360
13746	2	6066
13747	0	3206
13747	1	5214
13748	2	6689
13749	2	8304
13750	2	5056
13751	0	254
13751	1	8227
13752	0	5579
13752	1	8227
13753	0	663
13753	1	518
13754	2	7606
13755	0	3327
13755	1	2117
13756	0	7878
13756	1	5567
13757	2	5246
13758	0	225
13758	1	6656
13759	2	4020
13760	0	115
13760	1	8225
13761	0	7878
13761	1	1843
13762	0	4212
13762	1	3451
13763	0	5233
13763	1	5922
13764	0	6337
13764	1	3564
13765	2	5708
13766	2	4660
13767	0	7633
13767	1	2098
13768	2	1341
13769	0	7693
13769	1	3989
13770	0	8602
13770	1	5832
13771	0	8237
13771	1	3059
13772	0	5353
13772	1	3059
13773	2	8098
13774	0	2743
13774	1	2169
13775	0	6389
13775	1	7607
13776	0	478
13776	1	3860
13777	0	4664
13777	1	2122
13778	0	3825
13778	1	688
13779	0	3917
13779	1	6993
13780	2	5945
13781	0	7756
13781	1	3451
13782	0	6011
13782	1	464
13783	2	7238
13784	0	6138
13784	1	464
13785	0	7697
13785	1	2169
13786	0	7349
13786	1	2355
13787	2	8439
13788	0	600
13788	1	2117
13789	0	7839
13789	1	6853
13790	2	8632
13791	2	3894
13792	0	8443
13792	1	2808
13793	0	5018
13793	1	7989
13794	0	7292
13794	1	7050
13795	0	5799
13795	1	8225
13796	2	3217
13797	2	3878
13798	2	1592
13799	0	7270
13799	1	464
13800	2	7076
13801	2	6346
13802	0	986
13802	1	1791
13803	0	1508
13803	1	7861
13804	0	2941
13804	1	5500
13805	2	7635
13806	2	2097
13807	2	5457
13808	0	8443
13808	1	3945
13809	0	6136
13809	1	283
13810	2	7366
13811	0	7620
13811	1	6718
13812	0	7350
13812	1	8551
13813	0	5353
13813	1	8551
13814	2	1800
13815	0	4855
13815	1	6257
13816	0	3445
13816	1	1808
13817	0	6447
13817	1	6794
13818	0	5233
13818	1	5420
13819	2	3849
13820	2	2026
13821	2	7748
13822	2	5627
13823	0	5434
13823	1	2808
13824	0	174
13824	1	8551
13825	0	5093
13825	1	2076
13826	0	6149
13826	1	4578
13827	2	7339
13828	0	5462
13828	1	1631
13829	2	2093
13830	0	2108
13830	1	7419
13831	0	1801
13831	1	8225
13832	2	7882
13833	2	8367
13834	0	2577
13834	1	7509
13835	0	7349
13835	1	7509
13836	0	6221
13836	1	7477
13837	2	1849
13838	0	2774
13838	1	2169
13839	0	3307
13839	1	3564
13840	0	3075
13840	1	1969
13841	2	4840
13842	2	6451
13843	2	3433
13844	0	8251
13844	1	3399
13845	0	223
13845	1	688
13846	0	4302
13846	1	688
13847	0	254
13847	1	830
13848	0	7693
13848	1	830
13849	0	2780
13849	1	3729
13850	0	663
13850	1	233
13851	2	1925
13852	0	5824
13852	1	4644
13853	0	174
13853	1	4100
13854	0	3917
13854	1	392
13855	0	242
13855	1	392
13856	2	1583
13857	2	3921
13858	0	7270
13858	1	392
13859	0	5093
13859	1	8188
13860	2	2050
13861	2	8572
13862	0	2297
13862	1	3404
13863	0	2880
13863	1	6767
13864	2	2111
13865	0	5468
13865	1	1080
13866	0	6011
13866	1	1838
13867	0	6732
13867	1	8154
13868	0	5573
13868	1	2979
13869	2	2979
13870	2	5877
13871	0	1258
13871	1	4457
13872	0	5353
13872	1	3469
13873	0	4663
13873	1	6656
13874	0	8251
13874	1	7509
13875	0	8036
13875	1	3860
13876	0	3917
13876	1	2614
13877	0	358
13877	1	648
13878	0	4999
13878	1	5539
13879	0	4999
13879	1	3564
13880	2	5976
13881	2	585
13882	0	5088
13882	1	275
13883	2	8271
13884	2	6960
13885	2	476
13886	0	5093
13886	1	5214
13887	2	2873
13888	0	1763
13888	1	1843
13889	0	1738
13889	1	1843
13890	0	2311
13890	1	5695
13891	0	175
13891	1	2117
13892	0	3093
13892	1	3956
13893	2	7158
13894	0	2780
13894	1	3469
13895	2	6823
13896	2	202
13897	0	4606
13897	1	8030
13898	2	2653
13899	0	4663
13899	1	5803
13900	0	2407
13900	1	7739
13901	0	3075
13901	1	4465
13902	2	6465
13903	2	6790
13904	0	1763
13904	1	6718
13905	2	2212
13906	0	2780
13906	1	7454
13907	0	4663
13907	1	7454
13908	0	5193
13908	1	2755
13909	0	8124
13909	1	2755
13910	0	663
13910	1	1960
13911	0	5541
13911	1	391
13912	0	2100
13912	1	2088
13913	0	3206
13913	1	2088
13914	2	3022
13915	2	623
13916	0	6577
13916	1	1285
13917	0	6171
13917	1	1960
13918	0	6136
13918	1	2966
13919	2	504
13920	0	3445
13920	1	6876
13921	0	3823
13921	1	5484
13922	0	115
13922	1	3244
13923	0	2082
13923	1	6083
13924	0	8036
13924	1	1080
13925	0	175
13925	1	2148
13926	2	6304
13927	2	1112
13928	0	7809
13928	1	8431
13929	0	2130
13929	1	7424
13930	0	4942
13930	1	2088
13931	2	1856
13932	0	5233
13932	1	8417
13933	0	1436
13933	1	858
13934	2	5819
13935	0	8602
13935	1	2117
13936	0	5193
13936	1	7486
13937	0	4790
13937	1	2169
13938	0	1739
13938	1	7424
13939	0	3165
13939	1	5760
13940	0	4663
13940	1	287
13941	0	6011
13941	1	3882
13942	0	4606
13942	1	4145
13943	0	1135
13943	1	4644
13944	2	2164
13945	2	6572
13946	2	4301
13947	2	4911
13948	0	5784
13948	1	8154
13949	2	2869
13950	0	2415
13950	1	1969
13951	0	8281
13951	1	5736
13952	2	3388
13953	0	7892
13953	1	7477
13954	0	1508
13954	1	7993
13955	0	6353
13955	1	8368
13956	0	7912
13956	1	7295
13957	2	2216
13958	0	1882
13958	1	2088
13959	0	3381
13959	1	5178
13960	0	2780
13960	1	5539
13961	0	5434
13961	1	2755
13962	0	6562
13962	1	1808
13963	2	3927
13964	2	7481
13965	0	2636
13965	1	3882
13966	0	3075
13966	1	2148
13967	0	1899
13967	1	5484
13968	0	1801
13968	1	5420
13969	2	5553
13970	0	5337
13970	1	4465
13971	0	7500
13971	1	4465
13972	0	1174
13972	1	7302
13973	0	2674
13973	1	4578
13974	0	5562
13974	1	3244
13975	0	3917
13975	1	3244
13976	2	1051
13977	0	2710
13977	1	3404
13978	2	4081
13979	0	2551
13979	1	3989
13980	2	4956
13981	0	6577
13981	1	5695
13982	0	7350
13982	1	3945
13983	0	6221
13983	1	804
13984	0	2956
13984	1	804
13985	0	1258
13985	1	2098
13986	2	7890
13987	0	4664
13987	1	5986
13988	0	6337
13988	1	4030
13989	2	612
13990	2	5352
13991	0	2100
13991	1	7872
13992	0	7620
13992	1	392
13993	2	6001
13994	2	1794
13995	2	2495
13996	0	7270
13996	1	2098
13997	2	4399
13998	0	5579
13998	1	287
13999	0	2130
13999	1	392
14000	0	4664
14000	1	2117
14001	0	1895
14001	1	5995
14002	0	6136
14002	1	5995
14003	0	3960
14003	1	5995
14004	2	676
14005	0	3689
14005	1	560
14006	2	6206
14007	0	2130
14007	1	510
14008	2	5925
14009	0	8281
14009	1	3789
14010	0	3327
14010	1	3789
14011	2	2021
14012	2	7434
14013	0	254
14013	1	5185
14014	0	7912
14014	1	2088
14015	2	5155
14016	2	8583
14017	0	5579
14017	1	742
14018	0	2333
14018	1	355
14019	2	6702
14020	0	6562
14020	1	3989
14021	0	4566
14021	1	3989
14022	0	1528
14022	1	5922
14023	0	7328
14023	1	3860
14024	0	2674
14024	1	3789
14025	2	709
14026	2	5851
14027	0	7813
14027	1	8431
14028	0	6352
14028	1	4545
14029	0	7892
14029	1	5933
14030	0	3445
14030	1	4510
14031	0	3327
14031	1	6199
14032	0	4606
14032	1	7993
14033	2	7359
14034	0	668
14034	1	688
14035	2	6343
14036	0	986
14036	1	7509
14037	0	2743
14037	1	7295
14038	0	6011
14038	1	5185
14039	0	403
14039	1	2755
14040	0	4606
14040	1	5933
14041	0	8250
14041	1	7904
14042	2	7252
14043	0	8237
14043	1	4510
14044	2	2944
14045	0	225
14045	1	5420
14046	0	242
14046	1	7424
14047	2	5260
14048	0	2710
14048	1	1255
14049	2	1797
14050	0	6732
14050	1	858
14051	0	254
14051	1	858
14052	2	3577
14053	0	2415
14053	1	734
14054	0	8644
14054	1	6824
14055	2	491
14056	2	8466
14057	0	6011
14057	1	4457
14058	0	2368
14058	1	5420
14059	0	47
14059	1	3565
14060	0	8319
14060	1	5539
14061	0	5858
14061	1	392
14062	2	6877
14063	2	1393
14064	0	5353
14064	1	297
14065	0	6562
14065	1	560
14066	2	3982
14067	2	7902
14068	0	2204
14068	1	233
14069	0	2100
14069	1	7993
14070	0	2100
14070	1	5484
14071	0	934
14071	1	2307
14072	2	5309
14073	2	1890
14074	0	7719
14074	1	3850
14075	0	1801
14075	1	8431
14076	0	3581
14076	1	355
14077	0	7693
14077	1	8368
14078	0	5579
14078	1	8368
14079	0	3165
14079	1	6257
14080	2	6383
14081	0	3689
14081	1	6083
14082	0	4833
14082	1	1808
14083	0	5233
14083	1	804
14084	0	433
14084	1	1205
14085	0	5863
14085	1	797
14086	0	2130
14086	1	518
14087	0	1672
14087	1	2671
14088	0	8319
14088	1	283
14089	0	2636
14089	1	7302
14090	0	7500
14090	1	2076
14091	0	6054
14091	1	797
14092	0	8191
14092	1	797
14093	0	1254
14093	1	5214
14094	2	2325
14095	0	7832
14095	1	4030
14096	0	2941
14096	1	2122
14097	0	600
14097	1	5214
14098	2	4073
14099	0	5233
14099	1	6575
14100	2	3720
14101	2	3234
14102	2	5341
14103	0	246
14103	1	510
14104	2	1428
14105	0	1436
14105	1	6015
14106	2	3109
14107	0	8644
14107	1	5500
14108	2	7774
14109	0	7693
14109	1	4145
14110	0	5579
14110	1	4145
14111	0	6011
14111	1	4145
14112	2	3362
14113	0	5453
14113	1	5484
14114	0	959
14114	1	1473
14115	0	7349
14115	1	5828
14116	2	3805
14117	2	5437
14118	0	3027
14118	1	3860
14119	0	5600
14119	1	6993
14120	0	4669
14120	1	7607
14121	0	3704
14121	1	5484
14122	0	6331
14122	1	2761
14123	0	8124
14123	1	7454
14124	0	651
14124	1	2808
14125	0	8602
14125	1	4457
14126	0	8602
14126	1	5760
14127	2	4684
14128	2	162
14129	0	4664
14129	1	8465
14130	0	7921
14130	1	8465
14131	0	6236
14131	1	6853
14132	0	2674
14132	1	8177
14133	0	7633
14133	1	7050
14134	0	5799
14134	1	3780
14135	0	1895
14135	1	2088
14136	2	4513
14137	2	1850
14138	0	1348
14138	1	283
14139	2	1725
14140	2	6778
14141	0	5562
14141	1	2777
14142	0	5462
14142	1	6015
14143	2	597
14144	0	7892
14144	1	931
14145	2	4211
14146	0	4790
14146	1	1808
14147	0	3106
14147	1	1969
14148	2	710
14149	2	4205
14150	0	2674
14150	1	5736
14151	2	562
14152	0	2743
14152	1	4545
14153	0	663
14153	1	4545
14154	2	1145
14155	2	2723
14156	0	223
14156	1	5420
14157	2	499
14158	0	5093
14158	1	6575
14159	2	4260
14160	0	47
14160	1	7730
14161	0	3444
14161	1	7730
14162	0	3825
14162	1	2098
14163	0	3704
14163	1	2098
14164	0	3870
14164	1	6575
14165	0	358
14165	1	5420
14166	0	4084
14166	1	8154
14167	0	3165
14167	1	858
14168	0	8319
14168	1	3882
14169	0	3075
14169	1	2777
14170	0	2214
14170	1	2117
14171	0	3381
14171	1	858
14172	0	2368
14172	1	7607
14173	0	3601
14173	1	797
14174	0	2655
14174	1	3043
14175	2	6781
14176	0	3581
14176	1	3451
14177	2	7069
14178	0	7197
14178	1	986
14179	2	4597
14180	2	2821
14181	2	497
14182	2	6231
14183	0	5562
14183	1	2088
14184	0	4606
14184	1	6993
14185	0	7392
14185	1	3564
14186	0	7156
14186	1	7730
14187	0	4815
14187	1	6015
14188	2	4018
14189	0	1967
14189	1	4816
14190	0	5233
14190	1	4639
14191	2	1429
14192	0	2297
14192	1	8188
14193	2	6230
14194	0	47
14194	1	3059
14195	0	2636
14195	1	5214
14196	0	3381
14196	1	2122
14197	0	6171
14197	1	2117
14198	0	7416
14198	1	6853
14199	0	4899
14199	1	4644
14200	0	246
14200	1	6853
14201	0	5784
14201	1	1255
14202	0	1508
14202	1	1255
14203	0	3327
14203	1	464
14204	2	5369
14205	0	4302
14205	1	2966
14206	0	7754
14206	1	2966
14207	0	7754
14207	1	510
14208	2	1841
14209	2	795
14210	0	1578
14210	1	510
14211	0	5183
14211	1	6718
14212	2	7445
14213	2	8178
14214	0	2106
14214	1	1255
14215	0	4663
14215	1	6594
14216	0	5453
14216	1	1560
14217	2	3866
14218	0	5541
14218	1	464
14219	2	2486
14220	0	2333
14220	1	5736
14221	0	4302
14221	1	6669
14222	2	7017
14223	2	1245
14224	0	4560
14224	1	5420
14225	0	2404
14225	1	5420
14226	2	2047
14227	2	985
14228	0	3093
14228	1	1413
14229	0	2636
14229	1	7739
14230	0	4790
14230	1	1274
14231	0	7328
14231	1	5798
14232	0	3075
14232	1	3061
14233	0	4833
14233	1	4644
14234	2	1746
14235	0	1895
14235	1	4578
14236	0	8250
14236	1	4644
14237	0	6136
14237	1	1473
14238	2	179
14239	0	1899
14239	1	233
14240	0	6294
14240	1	3451
14241	0	6973
14241	1	4644
14242	2	6641
14243	2	4936
14244	0	919
14244	1	804
14245	2	1747
14246	0	4212
14246	1	6669
14247	0	5319
14247	1	5185
14248	0	4833
14248	1	1860
14249	0	2297
14249	1	5420
14250	0	8124
14250	1	5828
14251	2	5647
14252	2	208
14253	2	2568
14254	0	5799
14254	1	3469
14255	0	5863
14255	1	6718
14256	0	8237
14256	1	6110
14257	2	1253
14258	2	7407
14259	0	7839
14259	1	2117
14260	0	7557
14260	1	6669
14261	0	6011
14261	1	249
14262	0	5103
14262	1	4523
14263	0	3581
14263	1	7081
14264	2	6501
14265	2	5101
14266	2	4654
14267	2	6893
14268	0	8351
14268	1	7509
14269	2	1138
14270	2	2911
14271	0	3825
14271	1	510
14272	0	223
14272	1	797
14273	0	663
14273	1	6015
14274	2	8365
14275	2	6090
14276	0	5579
14276	1	4230
14277	0	3581
14277	1	3956
14278	2	1476
14279	0	3106
14279	1	510
14280	2	6860
14281	0	6236
14281	1	1791
14282	2	1829
14283	2	6864
14284	0	6526
14284	1	6083
14285	2	1218
14286	2	1101
14287	0	7633
14287	1	4510
14288	0	7878
14288	1	4510
14289	2	6335
14290	2	539
14291	0	6221
14291	1	6199
14292	2	7303
14293	0	5858
14293	1	2307
14294	0	2377
14294	1	6853
14295	0	225
14295	1	5500
14296	0	2015
14296	1	4816
14297	2	1733
14298	0	433
14298	1	8417
14299	0	5462
14299	1	7509
14300	2	1568
14301	0	8443
14301	1	7295
14302	0	2415
14302	1	3860
14303	0	1064
14303	1	1285
14304	0	223
14304	1	4644
14305	0	7758
14305	1	2076
14306	0	8251
14306	1	7295
14307	0	5434
14307	1	5420
14308	0	2204
14308	1	6669
14309	0	7758
14309	1	283
14310	2	4673
14311	2	7413
14312	0	3581
14312	1	2076
14313	0	3445
14313	1	3271
14314	2	1987
14315	0	8366
14315	1	4230
14316	2	4326
14317	0	8251
14317	1	1791
14318	0	8644
14318	1	6083
14319	0	246
14319	1	518
14320	0	3165
14320	1	518
14321	2	3725
14322	0	7500
14322	1	7730
14323	2	3957
14324	0	4060
14324	1	5828
14325	0	2674
14325	1	7872
14326	0	4664
14326	1	6669
14327	2	3747
14328	2	4615
14329	2	6783
14330	2	4593
14331	0	1436
14331	1	5922
14332	0	5353
14332	1	4545
14333	2	289
14334	0	3952
14334	1	6083
14335	0	6353
14335	1	74
14336	0	668
14336	1	2099
14337	2	7536
14338	0	5600
14338	1	6920
14339	0	919
14339	1	2076
14340	0	5858
14340	1	4644
14341	2	7115
14342	0	4266
14342	1	6015
14343	0	600
14343	1	6015
14344	0	1436
14344	1	3565
14345	0	1135
14345	1	2777
14346	2	2064
14347	0	2106
14347	1	3780
14348	0	246
14348	1	3565
14349	0	7620
14349	1	560
14350	0	2311
14350	1	5539
14351	2	3733
14352	2	841
14353	2	1535
14354	2	6941
14355	0	5515
14355	1	7739
14356	0	5233
14356	1	7509
14357	0	7845
14357	1	7509
14358	2	1079
14359	2	4997
14360	2	3125
14361	0	7633
14361	1	4523
14362	0	4430
14362	1	5217
14363	0	3445
14363	1	8188
14364	0	924
14364	1	8188
14365	0	2880
14365	1	6794
14366	0	5103
14366	1	6794
14367	0	4664
14367	1	3404
14368	0	6054
14368	1	3404
14369	2	6902
14370	0	4663
14370	1	5922
14371	2	7000
14372	2	323
14373	0	4507
14373	1	1285
14374	0	3960
14374	1	804
14375	0	6331
14375	1	804
14376	2	6452
14377	2	2818
14378	0	7236
14378	1	2098
14379	2	4239
14380	2	5242
14381	0	7777
14381	1	2761
14382	0	6337
14382	1	3945
14383	0	2315
14383	1	797
14384	0	8250
14384	1	44
14385	0	663
14385	1	2122
14386	0	3825
14386	1	2122
14387	0	5784
14387	1	6853
14388	2	4008
14389	2	7852
14390	2	1818
14391	0	2015
14391	1	4644
14392	0	3151
14392	1	510
14393	0	7878
14393	1	1285
14394	0	7365
14394	1	6110
14395	2	654
14396	0	1258
14396	1	1075
14397	0	3165
14397	1	1075
14398	0	7349
14398	1	5995
14399	0	3825
14399	1	5394
14400	0	6221
14400	1	6257
14401	0	3501
14401	1	6083
14402	2	2425
14403	0	2780
14403	1	3564
14404	0	7633
14404	1	718
14405	2	8276
14406	0	7500
14406	1	8188
14407	0	2106
14407	1	1960
14408	0	2311
14408	1	1960
14409	0	6547
14409	1	510
14410	2	3099
14411	0	6294
14411	1	8188
14412	0	2204
14412	1	6023
14413	0	1700
14413	1	5828
14414	0	4663
14414	1	1285
14415	0	4664
14415	1	2777
14416	2	7464
14417	0	2100
14417	1	297
14418	0	3310
14418	1	3399
14419	0	5562
14419	1	7652
14420	0	3327
14420	1	4041
14421	2	6467
14422	2	8009
14423	0	5487
14423	1	2169
14424	0	2655
14424	1	3780
14425	0	7878
14425	1	3061
14426	0	2655
14426	1	3061
14427	2	8441
14428	0	5939
14428	1	8368
14429	0	2551
14429	1	5828
14430	0	8602
14430	1	3850
14431	0	5093
14431	1	7302
14432	0	2108
14432	1	8188
14433	0	7137
14433	1	5185
14434	0	7156
14434	1	7638
14435	0	7921
14435	1	1960
14436	2	1177
14437	2	4900
14438	0	7845
14438	1	4122
14439	0	2551
14439	1	4122
14440	0	3960
14440	1	6920
14441	0	4833
14441	1	3989
14442	0	7133
14442	1	1808
14443	0	1254
14443	1	6199
14444	0	4790
14444	1	5394
14445	0	2674
14445	1	8183
14446	0	7227
14446	1	3061
14447	2	2491
14448	2	5016
14449	0	663
14449	1	3061
14450	0	5453
14450	1	5630
14451	0	403
14451	1	1080
14452	0	656
14452	1	4041
14453	0	3126
14453	1	3564
14454	0	7620
14454	1	2614
14455	0	5562
14455	1	355
14456	0	4642
14456	1	355
14457	0	5784
14457	1	355
14458	0	3327
14458	1	355
14459	0	246
14459	1	2169
14460	0	5103
14460	1	3611
14461	0	2130
14461	1	3611
14462	0	5103
14462	1	1560
14463	0	6331
14463	1	858
14464	2	8379
14465	0	4899
14465	1	5420
14466	0	8035
14466	1	283
14467	0	1106
14467	1	3956
14468	0	7251
14468	1	7904
14469	2	6062
14470	2	1678
14471	2	60
14472	2	4947
14473	0	5103
14473	1	5798
14474	0	115
14474	1	797
14475	2	2370
14476	0	5093
14476	1	804
14477	0	3745
14477	1	797
14478	0	4790
14478	1	3945
14479	0	8443
14479	1	2761
14480	2	995
14481	0	4669
14481	1	287
14482	0	2956
14482	1	5832
14483	2	3493
14484	0	242
14484	1	3956
14485	0	5541
14485	1	6024
14486	2	4699
14487	2	6965
14488	0	5858
14488	1	6853
14489	0	4663
14489	1	5185
14490	2	4489
14491	0	1436
14491	1	2966
14492	0	6294
14492	1	5500
14493	2	7550
14494	0	1258
14494	1	7652
14495	2	1176
14496	0	174
14496	1	2808
14497	2	5160
14498	0	4302
14498	1	1838
14499	0	5495
14499	1	3860
14500	0	7133
14500	1	233
14501	0	1135
14501	1	4510
14502	0	2674
14502	1	1205
14503	0	403
14503	1	5484
14504	0	3381
14504	1	1631
14505	0	3445
14505	1	6242
14506	0	1967
14506	1	1808
14507	2	6707
14508	2	4406
14509	0	1254
14509	1	8154
14510	0	4430
14510	1	5832
14511	2	8473
14512	0	5201
14512	1	7904
14513	0	1258
14513	1	7904
14514	2	239
14515	0	5541
14515	1	3059
14516	0	4566
14516	1	6663
14517	2	3901
14518	0	4135
14518	1	7739
14519	2	8211
14520	2	2413
14521	0	242
14521	1	6663
14522	0	1899
14522	1	1843
14523	2	4539
14524	0	4302
14524	1	2777
14525	2	8194
14526	0	7758
14526	1	2755
14527	0	2880
14527	1	4457
14528	2	1224
14529	0	5858
14529	1	858
14530	0	7809
14530	1	3588
14531	2	4546
14532	0	5353
14532	1	5922
14533	2	7950
14534	0	7416
14534	1	7904
14535	2	474
14536	2	2474
14537	0	5863
14537	1	6669
14538	2	6574
14539	2	2110
14540	2	6592
14541	2	3697
14542	2	5549
14543	2	5467
14544	0	2551
14544	1	6718
14545	0	7292
14545	1	6853
14546	2	7368
14547	2	1184
14548	0	1672
14548	1	2088
14549	0	6011
14549	1	3780
14550	0	8216
14550	1	4816
14551	2	2804
14552	0	6138
14552	1	8177
14553	0	1474
14553	1	7509
14554	2	3883
14555	0	3445
14555	1	5832
14556	0	4669
14556	1	5832
14557	0	8250
14557	1	3361
14558	0	8602
14558	1	3059
14559	2	6166
14560	0	2100
14560	1	4465
14561	2	619
14562	2	550
14563	0	2941
14563	1	6656
14564	2	6630
14565	0	1254
14565	1	2722
14566	0	7229
14566	1	2761
14567	0	7633
14567	1	73
14568	2	2570
14569	0	7633
14569	1	6656
14570	0	5858
14570	1	5214
14571	2	1986
14572	2	1189
14573	2	5067
14574	2	5414
14575	0	3917
14575	1	5695
14576	0	4899
14576	1	5695
14577	2	4969
14578	0	1135
14578	1	5500
14579	0	6011
14579	1	5695
14580	0	3093
14580	1	5832
14581	2	5435
14582	2	638
14583	0	6337
14583	1	1860
14584	0	3165
14584	1	8030
14585	2	1299
14586	0	7878
14586	1	1413
14587	2	6759
14588	2	5011
14589	2	659
14590	2	3719
14591	0	2956
14591	1	6663
14592	0	7292
14592	1	6663
14593	0	1135
14593	1	6663
14594	2	7563
14595	2	5389
14596	2	3787
14597	0	930
14597	1	6853
14598	2	5915
14599	2	3474
14600	2	6312
14601	0	8250
14601	1	6853
14602	0	6698
14602	1	7739
14603	2	6618
14604	0	2769
14604	1	6669
14605	0	3581
14605	1	4545
14606	2	6685
14607	2	1990
14608	2	477
14609	2	7532
14610	0	1258
14610	1	287
14611	0	663
14611	1	3564
14612	0	8281
14612	1	5420
14613	0	6889
14613	1	1285
14614	0	6137
14614	1	8154
14615	0	7197
14615	1	8465
14616	0	617
14616	1	3244
14617	2	6737
14618	0	3689
14618	1	2088
14619	0	5917
14619	1	6083
14620	2	3349
14621	0	6562
14621	1	7904
14622	2	8497
14623	0	3874
14623	1	6718
14624	0	5939
14624	1	2755
14625	0	5193
14625	1	7872
14626	0	1967
14626	1	1065
14627	0	7874
14627	1	7904
14628	0	4135
14628	1	4465
14629	0	7693
14629	1	2169
14630	2	4862
14631	0	7156
14631	1	2652
14632	0	1508
14632	1	6529
14633	2	4027
14634	0	246
14634	1	4465
14635	0	4888
14635	1	858
14636	0	8281
14636	1	7989
14637	2	3339
14638	0	3327
14638	1	4457
14639	0	1508
14639	1	8526
14640	2	2464
14641	0	2106
14641	1	4041
14642	0	6526
14642	1	4041
14643	2	6529
14644	2	4066
14645	0	1170
14645	1	5484
14646	0	7500
14646	1	797
14647	2	452
14648	0	3517
14648	1	7295
14649	0	4664
14649	1	7295
14650	0	2706
14650	1	4457
14651	2	6361
14652	0	1474
14652	1	3945
14653	0	3823
14653	1	2761
14654	0	3165
14654	1	797
14655	0	656
14655	1	2761
14656	0	2655
14656	1	5832
14657	0	7137
14657	1	4122
14658	2	6957
14659	0	2880
14659	1	4523
14660	0	4430
14660	1	5027
14661	2	8277
14662	0	3601
14662	1	726
14663	0	1474
14663	1	2808
14664	0	3952
14664	1	2808
14665	2	3864
14666	2	2312
14667	0	2956
14667	1	6853
14668	2	6456
14669	0	5103
14669	1	3059
14670	0	1174
14670	1	8465
14671	2	3168
14672	0	5541
14672	1	213
14673	2	5321
14674	2	2176
14675	2	8404
14676	2	1598
14677	2	6987
14678	0	2780
14678	1	6596
14679	0	478
14679	1	2755
14680	0	4669
14680	1	7730
14681	2	5240
14682	0	4212
14682	1	4510
14683	0	6171
14683	1	4510
14684	2	6675
14685	0	4664
14685	1	4861
14686	0	6732
14686	1	1285
14687	0	2743
14687	1	5484
14688	0	7137
14688	1	1473
14689	0	4135
14689	1	1930
14690	2	2009
14691	0	7892
14691	1	7302
14692	2	4079
14693	0	2780
14693	1	2755
14694	0	2636
14694	1	8188
14695	0	14
14695	1	4861
14696	2	6895
14697	2	5104
14698	2	7779
14699	2	4731
14700	0	5579
14700	1	7454
14701	0	4664
14701	1	283
14702	0	8216
14702	1	283
14703	2	908
14704	0	1174
14704	1	931
14705	2	8523
14706	0	225
14706	1	6575
14707	0	1254
14707	1	4510
14708	0	1258
14708	1	3780
14709	0	617
14709	1	3780
14710	0	4669
14710	1	8188
14711	2	7873
14712	0	663
14712	1	7295
14713	2	8322
14714	0	7251
14714	1	6265
14715	0	3381
14715	1	931
14716	2	285
14717	2	8096
14718	2	2154
14719	2	6715
14720	0	5453
14720	1	2755
14721	0	3960
14721	1	797
14722	2	3040
14723	2	4127
14724	0	1436
14724	1	2122
14725	2	886
14726	0	2769
14726	1	8188
14727	0	7693
14727	1	1808
14728	0	2706
14728	1	1808
14729	2	7771
14730	2	7401
14731	0	7137
14731	1	6575
14732	0	6138
14732	1	233
14733	0	8319
14733	1	6083
14734	2	405
14735	0	5698
14735	1	560
14736	0	5863
14736	1	560
14737	2	6200
14738	0	2439
14738	1	1375
14739	0	2551
14739	1	392
14740	2	975
14741	0	2204
14741	1	5027
14742	0	2297
14742	1	6585
14743	2	6553
14744	0	7892
14744	1	355
14745	0	47
14745	1	5185
14746	0	1254
14746	1	5185
14747	0	7892
14747	1	8549
14748	2	8213
14749	0	3445
14749	1	107
14750	2	4587
14751	0	919
14751	1	4816
14752	2	6305
14753	2	1178
14754	0	7132
14754	1	3956
14755	0	5858
14755	1	7419
14756	2	8268
14757	0	7156
14757	1	5922
14758	0	3581
14758	1	3244
14759	2	6810
14760	0	5434
14760	1	1631
14761	2	5909
14762	2	83
14763	0	7350
14763	1	2761
14764	2	5329
14765	0	1258
14765	1	718
14766	2	81
14767	0	4212
14767	1	2169
14768	2	3255
14769	0	4664
14769	1	5178
14770	0	8124
14770	1	3956
14771	0	4212
14771	1	8225
14772	2	5143
14773	0	8281
14773	1	3860
14774	0	1135
14774	1	5185
14775	2	7403
14776	2	7340
14777	2	744
14778	0	2204
14778	1	1255
14779	0	7839
14779	1	3174
14780	0	5917
14780	1	2808
14781	0	8602
14781	1	797
14782	0	4888
14782	1	7174
14783	2	846
14784	2	6555
14785	2	1186
14786	2	8330
14787	0	3093
14787	1	510
14788	2	5952
14789	0	2241
14789	1	3611
14790	0	6136
14790	1	648
14791	2	6316
14792	0	6171
14792	1	3989
14793	0	2439
14793	1	7419
14794	0	7500
14794	1	5178
14795	0	115
14795	1	4041
14796	0	5939
14796	1	4041
14797	2	5580
14798	0	1106
14798	1	1930
14799	2	5847
14800	2	2418
14801	0	2780
14801	1	2148
14802	2	1075
14803	2	808
14804	2	4102
14805	0	3463
14805	1	4510
14806	2	7857
14807	0	6973
14807	1	1080
14808	0	115
14808	1	6853
14809	2	2584
14810	2	6496
14811	2	1624
14812	2	5796
14813	0	1967
14813	1	510
14814	0	2311
14814	1	8188
14815	2	586
14816	2	7511
14817	2	8209
14818	2	4929
14819	0	2130
14819	1	5832
14820	0	3499
14820	1	2088
14821	2	6608
14822	0	7758
14822	1	8188
14823	2	6780
14824	2	3416
14825	0	7349
14825	1	3850
14826	0	3337
14826	1	3451
14827	2	2156
14828	0	3075
14828	1	2169
14829	2	6721
14830	2	7583
14831	0	6285
14831	1	2088
14832	0	3430
14832	1	2117
14833	2	3372
14834	2	5381
14835	0	403
14835	1	3469
14836	0	3952
14836	1	8225
14837	2	7973
14838	2	4056
14839	0	2674
14839	1	7050
14840	2	3507
14841	2	493
14842	2	2411
14843	0	4833
14843	1	2162
14844	0	6011
14844	1	3860
14845	2	2623
14846	2	6410
14847	0	8493
14847	1	3451
14848	0	2130
14848	1	6656
14849	0	2674
14849	1	6656
14850	0	2130
14850	1	3244
14851	0	1899
14851	1	8188
14852	2	3731
14853	0	5541
14853	1	3578
14854	0	175
14854	1	5922
14855	0	7350
14855	1	2098
14856	2	6035
14857	0	3106
14857	1	1968
14858	0	8250
14858	1	6575
14859	0	5353
14859	1	4816
14860	0	3075
14860	1	7419
14861	0	5579
14861	1	1285
14862	2	4834
14863	0	1672
14863	1	5736
14864	0	6955
14864	1	5922
14865	2	4029
14866	2	4694
14867	2	3222
14868	2	7140
14869	2	1575
14870	0	5353
14870	1	4578
14871	2	5565
14872	0	2655
14872	1	8526
14873	2	7326
14874	0	4663
14874	1	1274
14875	2	7600
14876	0	3825
14876	1	7730
14877	0	2710
14877	1	4644
14878	0	7892
14878	1	5394
14879	0	983
14879	1	560
14880	2	4175
14881	2	3262
14882	0	1508
14882	1	5249
14883	0	4566
14883	1	560
14884	2	4910
14885	0	5468
14885	1	8225
14886	0	7633
14886	1	5483
14887	0	4606
14887	1	7771
14888	0	2710
14888	1	7904
14889	0	2995
14889	1	7904
14890	0	7697
14890	1	7509
14891	2	72
14892	2	5122
14893	0	6294
14893	1	2148
14894	2	5015
14895	2	4994
14896	0	6732
14896	1	8368
14897	0	7653
14897	1	510
14898	0	1645
14898	1	4100
14899	0	6235
14899	1	7739
14900	0	4899
14900	1	858
14901	0	5541
14901	1	5818
14902	0	5562
14902	1	7739
14903	0	5103
14903	1	518
14904	0	2130
14904	1	7941
14905	0	3165
14905	1	7941
14906	0	4663
14906	1	6663
14907	2	1636
14908	0	7809
14908	1	7199
14909	2	1447
14910	0	7878
14910	1	4465
14911	0	2780
14911	1	1285
14912	2	8077
14913	0	3601
14913	1	1631
14914	0	5353
14914	1	6663
14915	0	3601
14915	1	233
14916	0	1967
14916	1	233
14917	0	2297
14917	1	4122
14918	0	6547
14918	1	1065
14919	0	5799
14919	1	1065
14920	0	2100
14920	1	2136
14921	0	8644
14921	1	1080
14922	0	5541
14922	1	212
14923	2	6201
14924	0	3327
14924	1	1205
14925	0	5562
14925	1	3469
14926	0	7197
14926	1	5420
14927	2	3818
14928	2	195
14929	2	3976
14930	0	5824
14930	1	283
14931	0	478
14931	1	5420
14932	0	1508
14932	1	5469
14933	2	8088
14934	0	5093
14934	1	8551
14935	0	47
14935	1	4041
14936	2	8450
14937	0	2368
14937	1	5995
14938	0	983
14938	1	3404
14939	2	582
14940	2	170
14941	0	3704
14941	1	7295
14942	0	225
14942	1	797
14943	0	7839
14943	1	283
14944	0	2706
14944	1	2076
14945	2	7701
14946	0	7328
14946	1	2076
14947	0	2941
14947	1	8465
14948	0	52
14948	1	3956
14949	2	8032
14950	0	2551
14950	1	4465
14951	2	1988
14952	2	117
14953	0	7137
14953	1	3989
14954	0	3917
14954	1	3989
14955	0	5233
14955	1	8225
14956	0	2130
14956	1	4510
14957	0	5541
14957	1	107
14958	0	1989
14958	1	6853
14959	2	5286
14960	0	433
14960	1	1791
14961	2	6827
14962	0	4430
14962	1	5995
14963	0	7609
14963	1	283
14964	2	2788
14965	0	1474
14965	1	5995
14966	0	6011
14966	1	2755
14967	0	3327
14967	1	5943
14968	2	4570
14969	2	5471
14970	2	7687
14971	2	13
14972	0	225
14972	1	1960
14973	0	5103
14973	1	7993
14974	0	7392
14974	1	3469
14975	0	1170
14975	1	5217
14976	0	5541
14976	1	1896
14977	0	7557
14977	1	464
14978	2	5651
14979	2	2332
14980	0	2769
14980	1	3956
14981	0	7545
14981	1	1375
14982	0	600
14982	1	1375
14983	0	1436
14983	1	1560
14984	0	223
14984	1	8526
14985	0	2333
14985	1	8526
14986	2	1004
14987	2	7977
14988	2	2320
14989	0	7609
14989	1	648
14990	2	1940
14991	0	4302
14991	1	518
14992	2	5935
14993	0	2333
14993	1	1560
14994	0	959
14994	1	5922
14995	0	1508
14995	1	5155
14996	0	5858
14996	1	464
14997	0	8443
14997	1	5006
14998	0	6011
14998	1	4122
14999	0	5858
14999	1	4122
15000	2	2718
15001	2	2286
15002	0	4251
15002	1	3451
15003	0	2774
15003	1	3451
15004	2	6909
15005	2	6834
15006	2	8285
15007	2	1459
15008	0	7839
15008	1	3860
15009	0	5337
15009	1	6663
15010	2	5619
15011	2	8042
15012	0	2743
15012	1	5760
15013	2	378
15014	0	6331
15014	1	2966
15015	0	5434
15015	1	7730
15016	0	2655
15016	1	8188
15017	0	8602
15017	1	6993
15018	0	246
15018	1	1960
15019	0	2100
15019	1	6575
15020	2	8565
15021	0	7620
15021	1	73
15022	2	5938
15023	0	5233
15023	1	3882
15024	0	3825
15024	1	392
15025	0	7349
15025	1	804
15026	0	7839
15026	1	2076
15027	2	5953
15028	0	2636
15028	1	7419
15029	2	7526
15030	2	6693
15031	0	3745
15031	1	3469
15032	0	2368
15032	1	5500
15033	0	1700
15033	1	2761
15034	0	1672
15034	1	6669
15035	2	6744
15036	2	2810
15037	2	1261
15038	0	5562
15038	1	7419
15039	0	1254
15039	1	3956
15040	2	1013
15041	0	4833
15041	1	1473
15042	0	3704
15042	1	6920
15043	2	4544
15044	0	4663
15044	1	4510
15045	0	4113
15045	1	2966
15046	0	930
15046	1	4644
15047	2	366
15048	0	1967
15048	1	8551
15049	2	1384
15050	2	7230
15051	0	3327
15051	1	1092
15052	0	7500
15052	1	1092
15053	0	3165
15053	1	718
15054	0	5353
15054	1	7477
15055	2	5081
15056	0	3870
15056	1	6663
15057	0	5858
15057	1	3117
15058	0	8602
15058	1	8227
15059	0	2674
15059	1	8227
15060	0	2407
15060	1	2122
15061	2	5875
15062	2	6014
15063	2	7281
15064	2	7452
15065	2	6237
15066	0	8250
15066	1	4221
15067	0	4266
15067	1	1080
15068	2	8334
15069	0	2389
15069	1	6718
15070	0	8602
15070	1	560
15071	2	4672
15072	2	2331
15073	2	7123
15074	0	3499
15074	1	2169
15075	0	6221
15075	1	4457
15076	2	2020
15077	0	7416
15077	1	7419
15078	0	3704
15078	1	648
15079	0	4737
15079	1	2966
15080	0	5353
15080	1	5736
15081	0	2297
15081	1	4221
15082	0	3862
15082	1	2148
15083	2	5537
15084	0	5103
15084	1	4465
15085	0	5799
15085	1	2808
15086	2	5367
15087	0	7756
15087	1	560
15088	0	7758
15088	1	3729
15089	0	5824
15089	1	3729
15090	2	1003
15091	2	7056
15092	2	435
15093	2	197
15094	0	225
15094	1	1080
15095	2	2103
15096	0	3327
15096	1	7419
15097	0	1106
15097	1	688
15098	0	2130
15098	1	5539
15099	0	5103
15099	1	392
15100	2	3911
15101	2	6081
15102	2	6113
15103	0	5353
15103	1	2307
15104	0	5462
15104	1	2307
15105	2	2968
15106	0	2311
15106	1	5828
15107	2	3308
15108	2	3375
15109	2	2468
15110	0	3206
15110	1	3565
15111	2	1482
15112	0	5799
15112	1	6575
15113	0	6459
15113	1	1838
15114	0	403
15114	1	5500
15115	0	93
15115	1	5500
15116	2	2929
15117	0	2655
15117	1	3451
15118	0	4790
15118	1	3451
15119	0	2655
15119	1	7509
15120	2	4991
15121	2	6038
15122	0	2333
15122	1	392
15123	0	115
15123	1	5539
15124	0	403
15124	1	7302
15125	0	7557
15125	1	7730
15126	0	7620
15126	1	8188
15127	2	6300
15128	2	8337
15129	0	8237
15129	1	1255
15130	0	7892
15130	1	3059
15131	2	7964
15132	2	5378
15133	0	5541
15133	1	1187
15134	2	1231
15135	2	2837
15136	0	7892
15136	1	4122
15137	0	5093
15137	1	4639
15138	0	5103
15138	1	1375
15139	0	6124
15139	1	4578
15140	2	7562
15141	2	3728
15142	0	175
15142	1	5726
15143	2	4107
15144	0	6994
15144	1	7739
15145	0	3106
15145	1	2169
15146	0	7878
15146	1	1274
15147	0	2774
15147	1	3945
15148	0	462
15148	1	4816
15149	2	4721
15150	0	2880
15150	1	7771
15151	2	46
15152	0	3381
15152	1	6594
15153	0	7633
15153	1	1960
15154	0	7912
15154	1	4816
15155	0	1254
15155	1	4816
15156	0	225
15156	1	7295
15157	2	2394
15158	2	3425
15159	0	7839
15159	1	5420
15160	0	5462
15160	1	1205
15161	0	1508
15161	1	5736
15162	0	1508
15162	1	8417
15163	2	6281
15164	0	3327
15164	1	2777
15165	0	5799
15165	1	6199
15166	2	7646
15167	0	668
15167	1	364
15168	2	4369
15169	0	2781
15169	1	4644
15170	0	1254
15170	1	4644
15171	2	671
15172	0	175
15172	1	1285
15173	2	7411
15174	0	766
15174	1	6718
15175	2	4270
15176	0	6171
15176	1	4465
15177	0	668
15177	1	4465
15178	0	6137
15178	1	3989
15179	0	2706
15179	1	1080
15180	0	6137
15180	1	4861
15181	0	1672
15181	1	4861
15182	0	6011
15182	1	8417
15183	0	6138
15183	1	4465
15184	0	3581
15184	1	4465
15185	2	5867
15186	0	8237
15186	1	1838
15187	2	6999
15188	0	703
15188	1	6083
15189	2	2620
15190	0	6562
15190	1	3174
15191	2	3281
15192	0	6337
15192	1	6110
15193	0	2941
15193	1	3244
15194	0	7292
15194	1	688
15195	0	3581
15195	1	7509
15196	2	2260
15197	0	7921
15197	1	7904
15198	0	8518
15198	1	2169
15199	0	6447
15199	1	6575
15200	2	7911
15201	0	7874
15201	1	7989
15202	2	76
15203	0	7878
15203	1	7989
15204	0	8644
15204	1	632
15205	0	2706
15205	1	2536
15206	2	7663
15207	2	7991
15208	2	7944
15209	0	668
15209	1	797
15210	0	7416
15210	1	2761
15211	0	2106
15211	1	2098
15212	0	959
15212	1	3565
15213	0	5353
15213	1	3989
15214	0	5562
15214	1	3989
15215	0	7132
15215	1	6718
15216	0	6171
15216	1	4644
15217	2	5624
15218	2	2347
15219	2	221
15220	0	8602
15220	1	6876
15221	2	1688
15222	0	8319
15222	1	5828
15223	2	7417
15224	0	2204
15224	1	4465
15225	0	2439
15225	1	3404
15226	0	4888
15226	1	4644
15227	2	4602
15228	0	930
15228	1	2117
15229	0	4094
15229	1	2117
15230	0	1174
15230	1	4644
15231	0	2333
15231	1	1960
15232	0	3601
15232	1	1960
15233	0	5573
15233	1	8551
15234	0	6011
15234	1	3611
15235	0	3420
15235	1	4918
15236	0	223
15236	1	2808
15237	2	4418
15238	2	8091
15239	2	4198
15240	2	5904
15241	0	7545
15241	1	4545
15242	2	7750
15243	2	2107
15244	0	1967
15244	1	3578
15245	2	1915
15246	0	1967
15246	1	4230
15247	0	3960
15247	1	4230
15248	0	1738
15248	1	3611
15249	0	4888
15249	1	7730
15250	0	4855
15250	1	2169
15251	2	1230
15252	2	7090
15253	0	2106
15253	1	5798
15254	0	8443
15254	1	1860
15255	0	2674
15255	1	213
15256	0	4663
15256	1	2148
15257	2	1590
15258	2	329
15259	2	2898
15260	0	605
15260	1	1413
15261	0	6221
15261	1	7295
15262	0	924
15262	1	6718
15263	0	6011
15263	1	6876
15264	0	3601
15264	1	3451
15265	0	3963
15265	1	3451
15266	2	7575
15267	2	2552
15268	2	2667
15269	0	5233
15269	1	2808
15270	0	1508
15270	1	6669
15271	0	2377
15271	1	7872
15272	2	8129
15273	0	1254
15273	1	7295
15274	0	2368
15274	1	6853
15275	0	6138
15275	1	7652
15276	0	223
15276	1	1808
15277	0	6352
15277	1	233
15278	0	4942
15278	1	5420
15279	0	8136
15279	1	6920
15280	2	2408
15281	0	3862
15281	1	2614
15282	0	242
15282	1	804
15283	2	2431
15284	0	174
15284	1	2761
15285	0	5319
15285	1	2761
15286	2	8601
15287	0	2655
15287	1	1065
15288	0	1254
15288	1	8526
15289	0	3093
15289	1	5933
15290	0	6318
15290	1	5933
15291	0	5007
15291	1	2117
15292	2	2471
15293	0	2100
15293	1	1791
15294	2	4125
15295	2	3633
15296	2	5055
15297	0	1508
15297	1	1560
15298	0	1508
15298	1	3117
15299	0	5579
15299	1	4465
15300	0	6011
15300	1	7148
15301	0	403
15301	1	5828
15302	0	1801
15302	1	1808
15303	0	6221
15303	1	1080
15304	0	1547
15304	1	4100
15305	2	2666
15306	0	1474
15306	1	560
15307	2	3235
15308	2	2273
15309	0	7292
15309	1	7652
15310	0	3444
15310	1	1560
15311	0	6054
15311	1	1560
15312	0	663
15312	1	5539
15313	0	8644
15313	1	5275
15314	2	2858
15315	2	2586
15316	0	2780
15316	1	1860
15317	2	1691
15318	0	254
15318	1	2148
15319	0	2297
15319	1	2777
15320	0	6955
15320	1	2777
15321	2	5838
15322	2	1749
15323	0	225
15323	1	6993
15324	0	5468
15324	1	2755
15325	0	4642
15325	1	6575
15326	2	7189
15327	0	6221
15327	1	1560
15328	0	2780
15328	1	5484
15329	0	2015
15329	1	1080
15330	0	1135
15330	1	3244
15331	0	14
15331	1	5539
15332	2	2590
15333	2	508
15334	0	986
15334	1	648
15335	0	4833
15335	1	4816
15336	0	2297
15336	1	5798
15337	2	5490
15338	0	5881
15338	1	3404
15339	0	7416
15339	1	1560
15340	0	6459
15340	1	688
15341	2	5004
15342	0	6337
15342	1	5803
15343	0	6138
15343	1	7081
15344	0	2769
15344	1	7872
15345	0	5353
15345	1	4100
15346	2	8121
15347	0	656
15347	1	7419
15348	0	2130
15348	1	5483
15349	0	4664
15349	1	3729
15350	2	2918
15351	2	4761
15352	0	5093
15352	1	6920
15353	0	589
15353	1	3404
15354	0	6138
15354	1	4578
15355	2	5034
15356	0	246
15356	1	7739
15357	2	6248
15358	0	899
15358	1	3564
15359	0	1508
15359	1	7148
15360	0	3499
15360	1	6718
15361	2	6972
15362	0	5468
15362	1	5828
15363	0	47
15363	1	3945
15364	0	6817
15364	1	6015
15365	2	4421
15366	0	4606
15366	1	4484
15367	0	7328
15367	1	7302
15368	2	4675
15369	0	507
15369	1	1285
15370	2	6532
15371	2	511
15372	2	1262
15373	0	5858
15373	1	5185
15374	2	5996
15375	2	1229
15376	0	1508
15376	1	1843
15377	2	5334
15378	0	8036
15378	1	1560
15379	0	6054
15379	1	3860
15380	0	7777
15380	1	5828
15381	0	7878
15381	1	3399
15382	0	6138
15382	1	4523
15383	2	5152
15384	0	6137
15384	1	4030
15385	0	5799
15385	1	3061
15386	0	6221
15386	1	3061
15387	0	7633
15387	1	3061
15388	0	8644
15388	1	510
15389	2	1053
15390	2	2027
15391	0	4663
15391	1	8154
15392	0	7118
15392	1	6663
15393	2	6934
15394	0	1170
15394	1	6015
15395	2	3698
15396	2	7360
15397	0	4642
15397	1	1080
15398	2	6583
15399	2	2444
15400	2	5089
15401	2	5769
15402	0	1254
15402	1	283
15403	2	8093
15404	0	2743
15404	1	7424
15405	0	2956
15405	1	7730
15406	0	7912
15406	1	2148
15407	0	4212
15407	1	2098
15408	0	7251
15408	1	5758
15409	2	1780
15410	2	2560
15411	0	5453
15411	1	3945
15412	2	6769
15413	0	5858
15413	1	1255
15414	0	7251
15414	1	2098
15415	0	7609
15415	1	287
15416	0	7270
15416	1	6299
15417	0	7633
15417	1	6299
15418	0	673
15418	1	3469
15419	0	6221
15419	1	3882
15420	0	2297
15420	1	4523
15421	0	5579
15421	1	3780
15422	0	1672
15422	1	3174
15423	0	5337
15423	1	7607
15424	2	7214
15425	0	5487
15425	1	2966
15426	0	4084
15426	1	2761
15427	2	498
15428	0	6352
15428	1	797
15429	2	4229
15430	0	6054
15430	1	8368
15431	0	4430
15431	1	1791
15432	0	3917
15432	1	1791
15433	0	1450
15433	1	510
15434	0	7633
15434	1	830
15435	2	4592
15436	2	3540
15437	0	7392
15437	1	2755
15438	0	6562
15438	1	7419
15439	0	3601
15439	1	5828
15440	0	7197
15440	1	5185
15441	0	5468
15441	1	1285
15442	0	5174
15442	1	2148
15443	0	254
15443	1	8465
15444	0	6138
15444	1	234
15445	0	5799
15445	1	234
15446	2	913
15447	0	6526
15447	1	2076
15448	0	8191
15448	1	8465
15449	0	2333
15449	1	3061
15450	2	6661
15451	2	1435
15452	0	8237
15452	1	3956
15453	0	286
15453	1	5832
15454	0	2092
15454	1	1843
15455	2	4747
15456	2	368
15457	0	3093
15457	1	718
15458	0	1254
15458	1	718
15459	2	782
15460	0	2655
15460	1	2117
15461	0	2337
15461	1	6718
15462	2	989
15463	2	6450
15464	0	6955
15464	1	6718
15465	0	5573
15465	1	5999
15466	0	4084
15466	1	8188
15467	0	3165
15467	1	1500
15468	2	6700
15469	0	6955
15469	1	4465
15470	2	8533
15471	2	4750
15472	0	3165
15472	1	830
15473	2	8642
15474	0	7270
15474	1	3578
15475	0	7839
15475	1	7904
15476	0	8251
15476	1	2966
15477	0	7350
15477	1	283
15478	0	6337
15478	1	233
15479	0	5468
15479	1	233
15480	0	6294
15480	1	7872
15481	0	2655
15481	1	7454
15482	0	267
15482	1	5922
15483	0	3027
15483	1	5922
15484	2	5717
15485	2	8568
15486	0	6337
15486	1	718
15487	2	2378
15488	0	7874
15488	1	8417
15489	2	8170
15490	0	2108
15490	1	510
15491	0	7777
15491	1	1255
15492	2	3656
15493	0	5858
15493	1	6663
15494	0	2780
15494	1	6663
15495	2	1422
15496	2	8401
15497	2	1740
15498	0	5093
15498	1	5922
15499	0	2674
15499	1	2614
15500	0	7197
15500	1	991
15501	0	6221
15501	1	392
15502	2	7548
15503	0	5573
15503	1	8225
15504	0	6732
15504	1	6575
15505	0	6562
15505	1	3564
15506	0	7693
15506	1	7509
15507	0	2574
15507	1	3244
15508	2	2916
15509	0	5863
15509	1	5943
15510	0	3917
15510	1	1560
15511	2	6045
15512	2	5418
15513	0	1258
15513	1	1560
15514	0	5201
15514	1	4545
15515	0	3093
15515	1	8465
15516	0	2780
15516	1	6110
15517	0	5434
15517	1	3451
15518	0	4663
15518	1	6110
15519	0	6171
15519	1	3404
15520	0	5573
15520	1	2671
15521	2	4334
15522	2	2752
15523	0	2015
15523	1	1631
15524	2	6985
15525	2	8165
15526	2	7891
15527	0	242
15527	1	1274
15528	0	2015
15528	1	1274
15529	0	3445
15529	1	3860
15530	2	3876
15531	2	2925
15532	0	5462
15532	1	830
15533	0	2092
15533	1	5760
15534	2	24
15535	2	7516
15536	0	1254
15536	1	7509
15537	2	2822
15538	2	2509
15539	0	2636
15539	1	4545
15540	2	2381
15541	0	8191
15541	1	3244
15542	0	8237
15542	1	6656
15543	0	6138
15543	1	6656
15544	0	5453
15544	1	8154
15545	0	5093
15545	1	3565
15546	2	8332
15547	2	513
15548	2	1719
15549	2	6858
15550	0	4855
15550	1	5943
15551	0	3327
15551	1	7730
15552	0	115
15552	1	3451
15553	2	3086
15554	2	3935
15555	2	5237
15556	0	1174
15556	1	688
15557	0	3327
15557	1	1838
15558	0	6285
15558	1	7419
15559	2	6420
15560	0	2106
15560	1	6767
15561	0	5353
15561	1	6993
15562	0	1672
15562	1	5943
15563	0	6221
15563	1	4510
15564	0	47
15564	1	7302
15565	0	7349
15565	1	3244
15566	2	407
15567	0	3601
15567	1	5539
15568	2	3148
15569	0	1271
15569	1	283
15570	2	3208
15571	0	2956
15571	1	7477
15572	0	5093
15572	1	7477
15573	0	1436
15573	1	2614
15574	0	6236
15574	1	2614
15575	2	3512
15576	2	689
15577	2	7827
15578	0	433
15578	1	3887
15579	0	6889
15579	1	8465
15580	0	8237
15580	1	4639
15581	0	3980
15581	1	283
15582	0	8443
15582	1	804
15583	0	3027
15583	1	8188
15584	2	7555
15585	0	7809
15585	1	1337
15586	2	7108
15587	2	2266
15588	0	1578
15588	1	3860
15589	0	1967
15589	1	2761
15590	0	7839
15590	1	2761
15591	0	1436
15591	1	2755
15592	0	2743
15592	1	8465
15593	0	6011
15593	1	7951
15594	0	7878
15594	1	1375
15595	2	2295
15596	0	7777
15596	1	6853
15597	2	733
15598	0	3165
15598	1	7951
15599	0	6337
15599	1	283
15600	2	1880
15601	0	6221
15601	1	7951
15602	0	3327
15602	1	4639
15603	0	3206
15603	1	3956
15604	2	5514
15605	0	5233
15605	1	2122
15606	2	8532
15607	0	663
15607	1	5695
15608	0	3327
15608	1	3404
15609	0	4855
15609	1	5828
15610	0	2049
15610	1	2117
15611	2	1945
15612	0	8036
15612	1	1960
15613	2	8569
15614	0	7365
15614	1	8465
15615	0	3862
15615	1	283
15616	2	8620
15617	2	211
15618	0	4266
15618	1	1808
15619	2	8537
15620	0	7878
15620	1	8188
15621	2	6995
15622	2	1604
15623	2	2167
15624	0	4266
15624	1	2169
15625	0	4094
15625	1	3860
15626	0	93
15626	1	8188
15627	0	1436
15627	1	283
15628	0	7557
15628	1	7904
15629	0	246
15629	1	5736
15630	0	2655
15630	1	5736
15631	2	7791
15632	0	6138
15632	1	5178
15633	0	4664
15633	1	7951
15634	0	5573
15634	1	3451
15635	2	7822
15636	0	2655
15636	1	5971
15637	0	93
15637	1	6083
15638	0	1135
15638	1	287
15639	0	5233
15639	1	2148
15640	0	3960
15640	1	2614
15641	0	5353
15641	1	7454
15642	0	668
15642	1	8365
15643	2	2701
15644	0	7197
15644	1	6671
15645	2	3071
15646	0	3704
15646	1	5943
15647	0	5824
15647	1	3244
15648	0	1135
15648	1	4030
15649	0	3960
15649	1	4030
15650	0	6732
15650	1	5828
15651	0	1899
15651	1	2117
15652	2	1599
15653	2	7124
15654	0	403
15654	1	6015
15655	2	1601
15656	2	2992
15657	0	2106
15657	1	2614
15658	0	2106
15658	1	4523
15659	0	5858
15659	1	4523
15660	2	5926
15661	0	7839
15661	1	7419
15662	2	3629
15663	2	7377
15664	0	5481
15664	1	4221
15665	2	6036
15666	2	1449
15667	2	4802
15668	2	7184
15669	2	5861
15670	2	5361
15671	0	5858
15671	1	7951
15672	0	4060
15672	1	2808
15673	0	6447
15673	1	2808
15674	2	7176
15675	0	553
15675	1	8551
15676	2	2145
15677	0	403
15677	1	2761
15678	0	4663
15678	1	2966
15679	0	2577
15679	1	2076
15680	2	1074
15681	2	1399
15682	2	8553
15683	0	5319
15683	1	6015
15684	0	5579
15684	1	6257
15685	2	8087
15686	0	2674
15686	1	7951
15687	0	3745
15687	1	4816
15688	2	4385
15689	0	600
15689	1	3564
15690	0	7912
15690	1	6920
15691	0	8443
15691	1	8183
15692	0	2106
15692	1	8183
15693	0	2880
15693	1	7993
15694	0	1170
15694	1	7295
15695	0	6459
15695	1	6299
15696	2	7466
15697	0	2415
15697	1	6853
15698	2	4981
15699	2	7243
15700	2	5220
15701	0	2655
15701	1	8227
15702	0	6011
15702	1	8227
15703	2	2566
15704	0	403
15704	1	355
15705	0	4266
15705	1	5185
15706	0	2706
15706	1	8227
15707	0	5573
15707	1	3564
15708	0	8443
15708	1	6920
15709	0	4822
15709	1	5420
15710	0	3745
15710	1	4267
15711	2	6195
15712	0	246
15712	1	8227
15713	0	3444
15713	1	8227
15714	0	4790
15714	1	1080
15715	0	242
15715	1	5185
15716	0	8251
15716	1	6920
15717	0	2743
15717	1	3469
15718	0	242
15718	1	283
15719	2	402
15720	2	2245
15721	2	4678
15722	0	5858
15722	1	8227
15723	0	4888
15723	1	8227
15724	2	5508
15725	0	986
15725	1	6083
15726	0	6294
15726	1	6199
15727	0	4430
15727	1	6083
15728	0	3889
15728	1	3451
15729	0	7878
15729	1	8227
15730	2	848
15731	2	5124
15732	0	7633
15732	1	1560
15733	2	6699
15734	0	2333
15734	1	6853
15735	2	4512
15736	0	5462
15736	1	7951
15737	0	8319
15737	1	2098
15738	2	853
15739	0	7292
15739	1	8183
15740	0	6479
15740	1	3956
15741	0	656
15741	1	5185
15742	0	2941
15742	1	560
15743	0	175
15743	1	8225
15744	0	2780
15744	1	560
15745	0	2214
15745	1	6920
15746	2	751
15747	0	6816
15747	1	2088
15748	0	5858
15748	1	1560
15749	0	3327
15749	1	3729
15750	2	6514
15751	0	2214
15751	1	5420
15752	0	7693
15752	1	1205
15753	2	2883
15754	0	1170
15754	1	1473
15755	0	3327
15755	1	1473
15756	0	3905
15756	1	6575
15757	2	6937
15758	0	6011
15758	1	7730
15759	0	6526
15759	1	2808
15760	0	2655
15760	1	234
15761	0	3381
15761	1	1560
15762	0	2001
15762	1	6015
15763	2	3450
15764	0	1258
15764	1	3729
15765	0	656
15765	1	5420
15766	0	6447
15766	1	560
15767	0	7826
15767	1	3729
15768	0	1258
15768	1	804
15769	0	2001
15769	1	4644
15770	0	3704
15770	1	5185
15771	0	2941
15771	1	7951
15772	0	1436
15772	1	804
15773	2	5426
15774	0	6331
15774	1	8551
15775	0	7156
15775	1	5185
15776	0	5541
15776	1	4887
15777	0	3027
15777	1	6015
15778	0	7633
15778	1	7951
15779	2	3978
15780	0	2706
15780	1	8549
15781	0	893
15781	1	8549
15782	0	1508
15782	1	8549
15783	0	7500
15783	1	7951
15784	2	6032
15785	2	4129
15786	0	2001
15786	1	1631
15787	0	2015
15787	1	1960
15788	0	5103
15788	1	2012
15789	2	7448
15790	0	7328
15790	1	5185
15791	0	1508
15791	1	2614
15792	2	2622
15793	2	2538
15794	0	656
15794	1	6920
15795	2	8461
15796	2	6156
15797	2	3034
15798	0	3704
15798	1	3850
15799	0	6011
15799	1	4484
15800	0	2781
15800	1	283
15801	0	2706
15801	1	6199
15802	0	2769
15802	1	3850
15803	2	7998
15804	0	8443
15804	1	1560
15805	2	63
15806	2	6738
15807	2	4407
15808	0	3381
15808	1	518
15809	0	3870
15809	1	518
15810	2	25
15811	0	1508
15811	1	3882
15812	0	5434
15812	1	7951
15813	0	2995
15813	1	283
15814	2	7018
15815	0	7197
15815	1	3172
15816	2	238
15817	2	2485
15818	0	4266
15818	1	7904
15819	2	2436
15820	0	6337
15820	1	931
15821	2	3172
15822	2	2689
15823	0	6331
15823	1	5539
15824	0	7921
15824	1	3244
15825	2	7700
15826	2	7409
15827	2	8022
15828	0	6331
15828	1	2088
15829	0	8644
15829	1	2131
15830	0	6562
15830	1	734
15831	0	4899
15831	1	7509
15832	0	5319
15832	1	7509
15833	0	7118
15833	1	4644
15834	0	4838
15834	1	8465
15835	2	5530
15836	0	2130
15836	1	234
15837	0	2108
15837	1	1560
15838	0	6732
15838	1	2117
15839	0	7137
15839	1	2777
15840	2	4830
15841	2	6146
15842	0	8366
15842	1	2761
15843	0	2100
15843	1	6767
15844	0	7349
15844	1	1843
15845	0	3381
15845	1	3729
15846	0	2333
15846	1	3882
15847	2	4519
15848	2	6896
15849	0	5462
15849	1	5484
15850	0	1135
15850	1	8551
15851	0	2780
15851	1	1838
15852	2	1975
15853	0	8191
15853	1	518
15854	2	5763
15855	0	3075
15855	1	2966
15856	2	3242
15857	0	1258
15857	1	7951
15858	2	5396
15859	2	6155
15860	0	7633
15860	1	799
15861	0	5453
15861	1	7951
15862	2	4845
15863	0	7328
15863	1	5828
15864	2	4076
15865	2	5947
15866	2	4843
15867	0	3327
15867	1	6596
15868	2	2052
15869	2	227
15870	0	553
15870	1	6242
15871	0	4663
15871	1	6993
15872	2	5388
15873	2	606
15874	2	8269
15875	2	3706
15876	0	1508
15876	1	7302
15877	2	4190
15878	0	8036
15878	1	5828
15879	2	8059
15880	2	8255
15881	2	5332
15882	0	2278
15882	1	7904
15883	2	1950
15884	2	1168
15885	2	3092
15886	0	6138
15886	1	7993
15887	0	5193
15887	1	3882
15888	0	6955
15888	1	1560
15889	0	225
15889	1	2088
15890	2	6925
15891	0	7500
15891	1	5500
15892	0	1801
15892	1	5500
15893	2	2441
15894	2	4153
15895	2	3774
15896	2	2680
15897	0	2551
15897	1	1274
15898	0	2100
15898	1	355
15899	0	4664
15899	1	8227
15900	2	1864
15901	0	2743
15901	1	7730
15902	0	2100
15902	1	1255
15903	2	3944
15904	0	2106
15904	1	3789
15905	0	2743
15905	1	283
15906	0	2204
15906	1	3404
15907	0	663
15907	1	8225
15908	2	6267
15909	0	4790
15909	1	6853
15910	0	6171
15910	1	7739
15911	0	656
15911	1	5995
15912	2	4741
15913	2	7695
15914	0	254
15914	1	8225
15915	2	6528
15916	0	7416
15916	1	2501
15917	2	5554
15918	2	3627
15919	0	1211
15919	1	3564
15920	2	8492
15921	0	8237
15921	1	1205
15922	0	5541
15922	1	1274
15923	0	7777
15923	1	6718
15924	2	3490
15925	0	7328
15925	1	6876
15926	0	7229
15926	1	3469
15927	0	6459
15927	1	234
15928	0	4737
15928	1	7951
15929	0	4227
15929	1	3945
15930	0	6285
15930	1	648
15931	0	4790
15931	1	8551
15932	0	4103
15932	1	6718
15933	2	4996
15934	2	3385
15935	0	358
15935	1	6015
15936	0	358
15936	1	3469
15937	0	1763
15937	1	3860
15938	0	4566
15938	1	4644
15939	2	2053
15940	2	2964
15941	2	5272
15942	2	1159
15943	2	579
15944	2	44
15945	2	1354
15946	0	1135
15946	1	1960
15947	2	4306
15948	2	7949
15949	0	5434
15949	1	4682
15950	0	1874
15950	1	1413
15951	0	7813
15951	1	8016
15952	0	7878
15952	1	464
15953	2	5097
15954	0	2001
15954	1	4030
15955	2	544
15956	0	1258
15956	1	780
15957	0	7135
15957	1	6015
15958	2	6356
15959	2	4224
15960	0	2100
15960	1	3956
15961	0	7328
15961	1	8154
15962	2	4149
15963	0	663
15963	1	3399
15964	2	1453
15965	2	7213
15966	2	8626
15967	0	1508
15967	1	8154
15968	0	5434
15968	1	5539
15969	0	1967
15969	1	1560
15970	0	4669
15970	1	1205
15971	0	3240
15971	1	648
15972	0	7839
15972	1	7454
15973	0	5799
15973	1	3244
15974	0	4046
15974	1	8551
15975	0	663
15975	1	6199
15976	2	2981
15977	0	5858
15977	1	1930
15978	0	4246
15978	1	648
15979	0	2333
15979	1	5922
15980	0	5573
15980	1	7373
15981	0	7845
15981	1	799
15982	0	3917
15982	1	7495
15983	2	4817
15984	0	2130
15984	1	4041
15985	0	2100
15985	1	3469
15986	0	7500
15986	1	7607
15987	0	3917
15987	1	5394
15988	0	8124
15988	1	1969
15989	0	1271
15989	1	3860
15990	0	507
15990	1	2088
15991	0	1672
15991	1	3565
15992	0	5917
15992	1	7302
15993	0	4664
15993	1	7387
15994	2	5670
15995	0	6698
15995	1	560
15996	0	6011
15996	1	6656
15997	0	2278
15997	1	6083
15998	2	2247
15999	2	3105
16000	0	246
16000	1	2148
16001	2	338
16002	2	1270
16003	0	2849
16003	1	3564
16004	0	2636
16004	1	283
16005	0	3165
16005	1	8621
16006	0	6816
16006	1	648
16007	2	888
16008	0	7693
16008	1	4578
16009	0	5562
16009	1	5500
16010	0	7839
16010	1	648
16011	2	4827
16012	0	3075
16012	1	7652
16013	0	7545
16013	1	510
16014	0	370
16014	1	7295
16015	2	3580
16016	0	8443
16016	1	5420
16017	0	7236
16017	1	797
16018	0	7826
16018	1	8551
16019	0	1106
16019	1	718
16020	0	2130
16020	1	3059
16021	0	6459
16021	1	3956
16022	0	1474
16022	1	3956
16023	0	7349
16023	1	1631
16024	2	962
16025	0	1106
16025	1	2088
16026	2	4851
16027	0	2917
16027	1	3399
16028	0	6353
16028	1	8014
16029	2	3154
16030	0	3581
16030	1	518
16031	0	2214
16031	1	6575
16032	2	6311
16033	2	1316
16034	0	242
16034	1	3578
16035	0	5183
16035	1	7739
16036	0	3889
16036	1	5828
16037	2	3315
16038	2	4938
16039	0	4251
16039	1	1930
16040	0	1508
16040	1	7730
16041	0	7912
16041	1	4100
16042	0	4606
16042	1	6794
16043	0	4566
16043	1	4100
16044	2	2434
16045	2	8316
16046	0	2297
16046	1	4861
16047	0	3106
16047	1	4644
16048	2	3183
16049	0	2352
16049	1	355
16050	2	5021
16051	0	1436
16051	1	7302
16052	0	1474
16052	1	7989
16053	0	1474
16053	1	3565
16054	0	6011
16054	1	7302
16055	0	6136
16055	1	3244
16056	0	959
16056	1	1065
16057	2	3052
16058	0	5233
16058	1	4457
16059	0	3581
16059	1	1560
16060	0	5881
16060	1	5539
16061	2	3551
16062	0	7912
16062	1	1843
16063	2	7234
16064	0	2204
16064	1	7295
16065	0	3704
16065	1	283
16066	0	5183
16066	1	8465
16067	0	673
16067	1	234
16068	0	4664
16068	1	234
16069	0	7118
16069	1	4578
16070	2	3638
16071	0	2956
16071	1	8551
16072	0	3093
16072	1	4545
16073	2	6471
16074	2	1146
16075	2	4864
16076	0	3601
16076	1	7951
16077	2	2572
16078	0	2106
16078	1	3511
16079	0	2655
16079	1	7951
16080	2	1902
16081	0	7349
16081	1	5185
16082	0	5093
16082	1	6110
16083	2	5074
16084	2	5634
16085	0	7878
16085	1	1968
16086	0	3798
16086	1	5832
16087	0	487
16087	1	7951
16088	0	3980
16088	1	7951
16089	0	7137
16089	1	2122
16090	2	1929
16091	2	4025
16092	0	8250
16092	1	5217
16093	0	5562
16093	1	2755
16094	2	1840
16095	0	668
16095	1	5995
16096	2	1944
16097	0	1474
16097	1	518
16098	0	2204
16098	1	3564
16099	0	5353
16099	1	1560
16100	2	5583
16101	0	3327
16101	1	3565
16102	2	1764
16103	2	3721
16104	0	8319
16104	1	7424
16105	0	242
16105	1	3860
16106	2	1503
16107	2	1372
16108	0	7349
16108	1	6083
16109	2	7505
16110	0	663
16110	1	4457
16111	0	3381
16111	1	4457
16112	0	656
16112	1	3565
16113	0	2241
16113	1	1560
16114	0	7270
16114	1	7993
16115	0	7912
16115	1	1205
16116	0	5241
16116	1	7419
16117	2	2660
16118	0	358
16118	1	560
16119	0	3165
16119	1	6709
16120	2	1073
16121	0	6054
16121	1	5500
16122	0	1785
16122	1	5185
16123	2	2696
16124	0	3437
16124	1	6718
16125	2	4464
16126	0	6135
16126	1	6718
16127	2	4195
16128	2	640
16129	2	8305
16130	0	1508
16130	1	7951
16131	0	6285
16131	1	1968
16132	0	663
16132	1	3956
16133	2	2860
16134	2	6469
16135	2	524
16136	0	5353
16136	1	2076
16137	0	7137
16137	1	3956
16138	2	1042
16139	0	2780
16139	1	3956
16140	2	6464
16141	0	4046
16141	1	5214
16142	0	7118
16142	1	6110
16143	0	225
16143	1	5214
16144	0	7156
16144	1	4230
16145	0	47
16145	1	4230
16146	0	7392
16146	1	283
16147	2	7970
16148	0	1248
16148	1	6853
16149	0	3952
16149	1	1285
16150	2	1820
16151	2	5493
16152	0	3445
16152	1	4639
16153	0	2204
16153	1	7933
16154	0	5939
16154	1	5539
16155	2	1991
16156	2	118
16157	0	4815
16157	1	6853
16158	0	223
16158	1	1969
16159	0	5799
16159	1	7295
16160	0	7137
16160	1	3850
16161	0	3106
16161	1	1080
16162	0	3093
16162	1	1080
16163	0	3307
16163	1	2761
16164	0	8035
16164	1	6083
16165	2	4799
16166	2	7009
16167	2	8312
16168	0	919
16168	1	797
16169	0	1436
16169	1	1413
16170	0	8191
16170	1	2966
16171	2	374
16172	0	8443
16172	1	1285
16173	0	2015
16173	1	7951
16174	0	7876
16174	1	6920
16175	2	7785
16176	0	3917
16176	1	804
16177	0	6236
16177	1	2755
16178	0	5462
16178	1	8549
16179	0	7197
16179	1	1847
16180	2	6323
16181	0	2333
16181	1	1631
16182	0	7118
16182	1	2117
16183	2	4298
16184	0	2551
16184	1	5922
16185	0	7292
16185	1	5922
16186	0	6423
16186	1	1560
16187	0	4135
16187	1	830
16188	0	3327
16188	1	8526
16189	2	1518
16190	0	5487
16190	1	1274
16191	2	1313
16192	0	7633
16192	1	518
16193	0	2956
16193	1	8227
16194	2	5150
16195	0	7809
16195	1	4145
16196	2	7109
16197	2	5991
16198	2	5960
16199	2	2878
16200	2	1081
16201	2	6109
16202	0	1967
16202	1	804
16203	0	2204
16203	1	8225
16204	2	4695
16205	0	47
16205	1	2169
16206	0	7156
16206	1	2808
16207	0	6973
16207	1	2808
16208	2	5776
16209	2	5200
16210	0	7620
16210	1	2355
16211	2	150
16212	2	5841
16213	2	3453
16214	0	4251
16214	1	1808
16215	0	5799
16215	1	4465
16216	0	433
16216	1	2652
16217	2	2059
16218	2	7948
16219	0	5193
16219	1	2808
16220	0	7500
16220	1	3061
16221	0	3093
16221	1	1092
16222	0	5093
16222	1	1092
16223	0	2706
16223	1	8526
16224	0	5453
16224	1	6663
16225	0	794
16225	1	4861
16226	0	8237
16226	1	3564
16227	0	8602
16227	1	688
16228	2	5303
16229	0	2204
16229	1	8368
16230	2	7955
16231	2	205
16232	0	175
16232	1	2772
16233	0	3917
16233	1	5500
16234	2	7103
16235	0	2956
16235	1	213
16236	2	1457
16237	0	7633
16237	1	6099
16238	0	6526
16238	1	6099
16239	0	3870
16239	1	4465
16240	0	5462
16240	1	3469
16241	0	2655
16241	1	8594
16242	2	2621
16243	0	1895
16243	1	6015
16244	2	4024
16245	0	1645
16245	1	1080
16246	0	7251
16246	1	6718
16247	0	7556
16247	1	8368
16248	0	1882
16248	1	1285
16249	0	7921
16249	1	7509
16250	0	668
16250	1	6920
16251	0	1254
16251	1	213
16252	0	4664
16252	1	213
16253	0	6294
16253	1	3989
16254	2	8554
16255	0	8443
16255	1	2122
16256	2	6563
16257	2	8238
16258	0	2106
16258	1	3061
16259	2	6004
16260	2	8479
16261	0	668
16261	1	283
16262	0	3437
16262	1	3945
16263	0	3246
16263	1	1560
16264	0	5007
16264	1	7739
16265	0	8443
16265	1	7302
16266	0	5541
16266	1	1375
16267	0	1258
16267	1	4465
16268	2	8588
16269	2	2498
16270	0	5784
16270	1	3061
16271	0	3445
16271	1	7904
16272	2	614
16273	0	2333
16273	1	1930
16274	2	5476
16275	2	6828
16276	0	5599
16276	1	8368
16277	0	3327
16277	1	1843
16278	0	4822
16278	1	5484
16279	0	6137
16279	1	4462
16280	0	4888
16280	1	8594
16281	0	6221
16281	1	2614
16282	0	1258
16282	1	1413
16283	0	8136
16283	1	2966
16284	0	1436
16284	1	510
16285	0	225
16285	1	6853
16286	0	5939
16286	1	6853
16287	2	2647
16288	0	5093
16288	1	213
16289	2	8236
16290	0	1258
16290	1	5695
16291	2	5672
16292	0	5784
16292	1	4230
16293	2	2420
16294	2	6321
16295	0	2880
16295	1	7872
16296	2	6800
16297	0	1174
16297	1	510
16298	0	1258
16298	1	2012
16299	0	47
16299	1	8225
16300	0	8124
16300	1	7904
16301	0	2780
16301	1	2777
16302	0	4430
16302	1	4918
16303	0	2743
16303	1	4041
16304	2	1461
16305	0	1258
16305	1	5630
16306	0	5434
16306	1	2355
16307	0	1508
16307	1	2355
16308	0	7392
16308	1	1255
16309	2	783
16310	0	735
16310	1	4644
16311	0	6137
16311	1	6663
16312	2	7005
16313	2	1983
16314	0	225
16314	1	560
16315	0	5462
16315	1	7904
16316	0	6137
16316	1	858
16317	2	1924
16318	2	189
16319	2	3977
16320	2	357
16321	0	1926
16321	1	7295
16322	0	2995
16322	1	4861
16323	0	4669
16323	1	5420
16324	2	6696
16325	2	7391
16326	0	3093
16326	1	3882
16327	2	3083
16328	0	5337
16328	1	2761
16329	2	7752
16330	2	4078
16331	0	2706
16331	1	718
16332	0	3581
16332	1	8227
16333	2	6697
16334	2	4393
16335	0	433
16335	1	6099
16336	2	6099
16337	2	7962
16338	0	6526
16338	1	3945
16339	2	3359
16340	0	6973
16340	1	6669
16341	0	5495
16341	1	560
16342	0	8644
16342	1	5736
16343	2	4732
16344	0	225
16344	1	6083
16345	0	4669
16345	1	3882
16346	0	5103
16346	1	3117
16347	0	1672
16347	1	2098
16348	2	6930
16349	2	4155
16350	0	3445
16350	1	3361
16351	2	1023
16352	0	7633
16352	1	1968
16353	0	8602
16353	1	7302
16354	0	2214
16354	1	5214
16355	2	2619
16356	0	1258
16356	1	8227
16357	2	5936
16358	0	8237
16358	1	2777
16359	0	2100
16359	1	2614
16360	2	5584
16361	0	1258
16361	1	8225
16362	2	7715
16363	0	1508
16363	1	3451
16364	2	7918
16365	0	4606
16365	1	8403
16366	0	5824
16366	1	6920
16367	0	8251
16367	1	2088
16368	0	8602
16368	1	1560
16369	2	6576
16370	0	3389
16370	1	2808
16371	0	1474
16371	1	1631
16372	0	3445
16372	1	1631
16373	0	3581
16373	1	8154
16374	0	6294
16374	1	1092
16375	2	3321
16376	0	47
16376	1	2777
16377	2	8202
16378	2	7313
16379	0	8035
16379	1	1065
16380	0	1258
16380	1	1065
16381	0	3791
16381	1	3059
16382	0	4833
16382	1	1519
16383	0	4888
16383	1	4861
16384	0	2513
16384	1	2169
16385	0	5799
16385	1	8368
16386	0	3075
16386	1	3882
16387	0	242
16387	1	1560
16388	0	2311
16388	1	1560
16389	0	1258
16389	1	3882
16390	2	2571
16391	0	6171
16391	1	4122
16392	0	919
16392	1	4122
16393	0	6331
16393	1	4122
16394	0	3791
16394	1	6663
16395	0	403
16395	1	6663
16396	0	1895
16396	1	464
16397	0	8644
16397	1	4230
16398	2	4913
16399	2	629
16400	0	5824
16400	1	2117
16401	0	5579
16401	1	5933
16402	2	5372
16403	0	4663
16403	1	797
16404	0	7500
16404	1	804
16405	0	663
16405	1	7951
16406	0	4135
16406	1	1791
16407	0	4135
16407	1	8188
16408	2	5226
16409	2	7981
16410	0	3823
16410	1	3404
16411	0	2015
16411	1	5828
16412	2	6911
16413	0	6136
16413	1	4816
16414	2	5992
16415	2	6901
16416	2	3277
16417	0	7328
16417	1	1285
16418	0	1508
16418	1	4904
16419	0	5453
16419	1	797
16420	0	4664
16420	1	4510
16421	0	6732
16421	1	4510
16422	0	4566
16422	1	4122
16423	0	5824
16423	1	1473
16424	0	332
16424	1	804
16425	2	603
16426	0	7878
16426	1	2148
16427	2	6637
16428	2	5778
16429	0	6136
16429	1	1285
16430	0	1967
16430	1	5995
16431	0	3823
16431	1	3564
16432	0	4848
16432	1	392
16433	2	5754
16434	2	1317
16435	0	4536
16435	1	7904
16436	0	7137
16436	1	1413
16437	0	5573
16437	1	1413
16438	0	3381
16438	1	3611
16439	0	403
16439	1	3611
16440	0	7156
16440	1	3611
16441	0	1258
16441	1	3611
16442	0	8281
16442	1	7904
16443	0	617
16443	1	4510
16444	2	2387
16445	2	6121
16446	0	3075
16446	1	5943
16447	0	2311
16447	1	8465
16448	0	8644
16448	1	4100
16449	0	1258
16449	1	7302
16450	0	5453
16450	1	4578
16451	0	5353
16451	1	4457
16452	0	3165
16452	1	6596
16453	0	3825
16453	1	4457
16454	0	2214
16454	1	1560
16455	0	3960
16455	1	1473
16456	0	3206
16456	1	858
16457	2	7767
16458	0	8366
16458	1	6656
16459	2	1638
16460	2	1455
16461	0	8124
16461	1	2117
16462	2	8054
16463	2	2470
16464	0	7197
16464	1	858
16465	0	2956
16465	1	858
16466	2	3379
16467	0	1508
16467	1	1205
16468	2	737
16469	2	7916
16470	0	2333
16470	1	7951
16471	2	4110
16472	0	6337
16472	1	7739
16473	2	3683
16474	0	2743
16474	1	233
16475	0	2214
16475	1	648
16476	2	4196
16477	0	478
16477	1	6853
16478	0	5353
16478	1	213
16479	2	1587
16480	2	5296
16481	0	2297
16481	1	1255
16482	0	1248
16482	1	510
16483	0	242
16483	1	6099
16484	0	3327
16484	1	6099
16485	2	7397
16486	0	1508
16486	1	4221
16487	2	7903
16488	2	6052
16489	0	4536
16489	1	3956
16490	2	3914
16491	0	5541
16491	1	8227
16492	0	5193
16492	1	7419
16493	2	2931
16494	0	6318
16494	1	1960
16495	0	1903
16495	1	4230
16496	0	5353
16496	1	3945
16497	0	487
16497	1	3945
16498	0	8602
16498	1	7295
16499	0	1967
16499	1	5185
16500	2	7205
16501	0	6732
16501	1	4816
16502	0	3106
16502	1	4816
16503	2	4120
16504	2	5871
16505	0	6137
16505	1	5185
16506	2	7707
16507	0	3327
16507	1	3882
16508	2	5596
16509	0	7754
16509	1	6575
16510	0	7350
16510	1	3564
16511	0	3389
16511	1	1285
16512	2	3744
16513	0	403
16513	1	6199
16514	0	5093
16514	1	1274
16515	0	6236
16515	1	3564
16516	0	5453
16516	1	3780
16517	0	7777
16517	1	5484
16518	0	2001
16518	1	1065
16519	2	6446
16520	0	1508
16520	1	7572
16521	0	4833
16521	1	7568
16522	0	174
16522	1	2122
16523	0	8493
16523	1	4644
16524	0	7892
16524	1	2652
16525	0	242
16525	1	1205
16526	0	8035
16526	1	1255
16527	0	2297
16527	1	4484
16528	0	5103
16528	1	4484
16529	0	7156
16529	1	3398
16530	0	4664
16530	1	1337
16531	2	2055
16532	2	5605
16533	0	6136
16533	1	8549
16534	2	5498
16535	0	663
16535	1	5933
16536	2	1078
16537	0	4161
16537	1	283
16538	2	1199
16539	0	2880
16539	1	6299
16540	0	5103
16540	1	6299
16541	0	2297
16541	1	5027
16542	0	7809
16542	1	5027
16543	0	2880
16543	1	6099
16544	2	7519
16545	2	940
16546	2	149
16547	0	7809
16547	1	5803
16548	0	7754
16548	1	1969
16549	0	919
16549	1	1969
16550	0	7758
16550	1	2536
16551	2	6587
16552	0	7156
16552	1	6015
16553	0	7874
16553	1	1808
16554	0	8443
16554	1	2536
16555	0	6054
16555	1	1255
16556	0	4664
16556	1	5484
16557	2	4177
16558	2	356
16559	0	2130
16559	1	2076
16560	2	6441
16561	0	2706
16561	1	7951
16562	2	998
16563	0	1474
16563	1	4122
16564	0	3327
16564	1	4122
16565	0	1174
16565	1	2808
16566	0	7633
16566	1	353
16567	0	7197
16567	1	7302
16568	0	5353
16568	1	2148
16569	2	6500
16570	0	2106
16570	1	2652
16571	0	6526
16571	1	6257
16572	2	7412
16573	2	933
16574	0	7839
16574	1	7295
16575	0	1967
16575	1	2355
16576	0	174
16576	1	5828
16577	0	7270
16577	1	6099
16578	0	175
16578	1	4191
16579	2	2615
16580	0	47
16580	1	6015
16581	0	3027
16581	1	1960
16582	0	6217
16582	1	3882
16583	0	7697
16583	1	6575
16584	0	8124
16584	1	4861
16585	0	254
16585	1	7424
16586	0	2710
16586	1	5922
16587	2	7612
16588	2	746
16589	0	6331
16589	1	4644
16590	0	2780
16590	1	5567
16591	0	5393
16591	1	7607
16592	2	6009
16593	0	7809
16593	1	2203
16594	0	175
16594	1	688
16595	0	5183
16595	1	5828
16596	0	5541
16596	1	6594
16597	0	4664
16597	1	8549
16598	2	5204
16599	0	7982
16599	1	3564
16600	0	3165
16600	1	7652
16601	0	1135
16601	1	73
16602	0	3952
16602	1	648
16603	2	2109
16604	0	4302
16604	1	2755
16605	2	2587
16606	0	7809
16606	1	6099
16607	0	1645
16607	1	2148
16608	0	4606
16608	1	6099
16609	2	727
16610	2	7319
16611	0	5462
16611	1	3061
16612	2	4315
16613	0	3389
16613	1	797
16614	2	2240
16615	2	788
16616	0	47
16616	1	2122
16617	0	5698
16617	1	2117
16618	2	8342
16619	2	3753
16620	0	5103
16620	1	734
16621	0	6447
16621	1	2117
16622	0	8132
16622	1	7951
16623	0	1170
16623	1	5646
16624	2	691
16625	2	7999
16626	0	2706
16626	1	3611
16627	2	2789
16628	0	663
16628	1	2012
16629	0	3499
16629	1	3989
16630	0	1508
16630	1	3989
16631	0	2204
16631	1	2966
16632	0	2001
16632	1	2966
16633	2	2600
16634	0	5562
16634	1	7904
16635	0	1174
16635	1	4457
16636	0	5562
16636	1	1413
16637	2	3039
16638	2	5958
16639	2	4943
16640	0	1801
16640	1	688
16641	2	2276
16642	0	2015
16642	1	8368
16643	0	2278
16643	1	780
16644	0	2706
16644	1	7904
16645	0	47
16645	1	4510
16646	2	7446
16647	2	3837
16648	0	2636
16648	1	2761
16649	0	8326
16649	1	6083
16650	2	6613
16651	0	5767
16651	1	560
16652	0	7328
16652	1	355
16653	0	5353
16653	1	2098
16654	2	2617
16655	2	6449
16656	2	5339
16657	2	1197
16658	0	4664
16658	1	1413
16659	2	4881
16660	0	403
16660	1	7652
16661	0	2106
16661	1	7652
16662	0	1876
16662	1	6015
16663	0	5170
16663	1	6718
16664	0	3106
16664	1	2761
16665	0	8602
16665	1	5500
16666	2	2776
16667	2	2505
16668	2	1014
16669	0	7826
16669	1	2755
16670	2	1160
16671	0	4302
16671	1	1473
16672	2	6339
16673	2	2386
16674	0	4790
16674	1	4639
16675	2	809
16676	0	3960
16676	1	2076
16677	0	433
16677	1	5803
16678	0	4135
16678	1	5933
16679	0	7349
16679	1	3956
16680	2	252
16681	2	3114
16682	2	6092
16683	0	1474
16683	1	7081
16684	0	1967
16684	1	2755
16685	0	919
16685	1	688
16686	0	7754
16686	1	5539
16687	0	2956
16687	1	1930
16688	0	6011
16688	1	7652
16689	2	7331
16690	0	6221
16690	1	7081
16691	2	1884
16692	2	6387
16693	0	1700
16693	1	3451
16694	0	8124
16694	1	4100
16695	0	254
16695	1	931
16696	2	5644
16697	0	2941
16697	1	2808
16698	0	3165
16698	1	6656
16699	2	3996
16700	2	5557
16701	0	1508
16701	1	7652
16702	2	566
16703	0	1508
16703	1	1960
16704	2	6276
16705	0	8265
16705	1	1413
16706	0	5103
16706	1	6110
16707	2	7673
16708	2	6872
16709	0	6352
16709	1	5185
16710	0	7007
16710	1	4816
16711	2	2494
16712	0	4663
16712	1	3404
16713	0	4566
16713	1	648
16714	2	3113
16715	0	4060
16715	1	3860
16716	2	6103
16717	0	2333
16717	1	797
16718	0	3420
16718	1	8052
16719	0	5579
16719	1	234
16720	0	3093
16720	1	234
16721	0	2655
16721	1	56
16722	0	6645
16722	1	4545
16723	2	1066
16724	0	5541
16724	1	7486
16725	0	5462
16725	1	1255
16726	0	656
16726	1	5828
16727	2	1489
16728	2	6055
16729	0	4135
16729	1	7607
16730	0	519
16730	1	5185
16731	0	1436
16731	1	5185
16732	0	4888
16732	1	8188
16733	2	4679
16734	2	4696
16735	0	5093
16735	1	4523
16736	0	6294
16736	1	6920
16737	0	2706
16737	1	4510
16738	2	3072
16739	0	2655
16739	1	4861
16740	2	7320
16741	2	5109
16742	0	1852
16742	1	5185
16743	2	3137
16744	0	4838
16744	1	5185
16745	0	2297
16745	1	742
16746	2	2128
16747	2	755
16748	0	6459
16748	1	7302
16749	0	7809
16749	1	6596
16750	2	8176
16751	0	8281
16751	1	7302
16752	0	6137
16752	1	7607
16753	0	2941
16753	1	7419
16754	0	7229
16754	1	2808
16755	0	7627
16755	1	7739
16756	0	7349
16756	1	3882
16757	0	5562
16757	1	1969
16758	2	7688
16759	0	2577
16759	1	830
16760	0	3075
16760	1	7050
16761	0	14
16761	1	6575
16762	0	5014
16762	1	7904
16763	2	7003
16764	2	7323
16765	0	5698
16765	1	3850
16766	2	929
16767	2	909
16768	0	3106
16768	1	2088
16769	0	6138
16769	1	8225
16770	2	3959
16771	0	2333
16771	1	2755
16772	2	8145
16773	0	1899
16773	1	2088
16774	0	6171
16774	1	2088
16775	0	7878
16775	1	3780
16776	2	7971
16777	2	1267
16778	0	794
16778	1	7904
16779	2	3215
16780	0	5562
16780	1	8225
16781	2	2210
16782	0	2204
16782	1	3565
16783	0	1258
16783	1	8465
16784	2	4370
16785	0	4094
16785	1	8465
16786	0	2100
16786	1	1969
16787	2	7619
16788	0	2015
16788	1	4230
16789	2	6524
16790	0	2743
16790	1	4639
16791	0	6294
16791	1	2076
16792	0	4212
16792	1	2088
16793	2	7066
16794	2	7154
16795	0	2655
16795	1	1285
16796	0	3499
16796	1	8188
16797	0	7236
16797	1	8225
16798	0	4899
16798	1	5760
16799	0	6526
16799	1	5394
16800	2	7751
16801	0	7633
16801	1	1530
16802	0	5562
16802	1	287
16803	0	919
16803	1	6663
16804	0	6221
16804	1	6663
16805	0	519
16805	1	1274
16806	0	47
16806	1	3989
16807	0	7557
16807	1	1285
16808	0	919
16808	1	2088
16809	0	1474
16809	1	1413
16810	0	47
16810	1	1560
16811	2	6255
16812	0	478
16812	1	1065
16813	0	5462
16813	1	1065
16814	0	4663
16814	1	1065
16815	0	8191
16815	1	688
16816	0	3704
16816	1	1560
16817	2	7987
16818	0	2100
16818	1	3244
16819	0	2214
16819	1	4545
16820	2	609
16821	0	330
16821	1	1285
16822	0	656
16822	1	2808
16823	0	8602
16823	1	4465
16824	0	2241
16824	1	283
16825	0	7350
16825	1	3989
16826	0	8443
16826	1	8154
16827	0	7118
16827	1	8154
16828	0	6294
16828	1	2203
16829	0	3430
16829	1	6669
16830	0	3327
16830	1	8549
16831	2	8069
16832	2	2926
16833	0	5462
16833	1	1808
16834	0	7137
16834	1	6110
16835	0	6337
16835	1	287
16836	0	6337
16836	1	518
16837	2	645
16838	0	6994
16838	1	2761
16839	2	2606
16840	2	77
16841	0	5434
16841	1	5484
16842	0	4890
16842	1	7288
16843	2	5732
16844	2	7191
16845	0	4060
16845	1	5484
16846	0	2674
16846	1	35
16847	0	7620
16847	1	797
16848	0	487
16848	1	6718
16849	0	8286
16849	1	6718
16850	0	2743
16850	1	8188
16851	0	2655
16851	1	804
16852	0	1135
16852	1	6257
16853	2	8475
16854	2	5153
16855	0	93
16855	1	1960
16856	0	1508
16856	1	780
16857	0	2297
16857	1	3956
16858	0	478
16858	1	5185
16859	2	4316
16860	0	5487
16860	1	7050
16861	0	4790
16861	1	2966
16862	0	3825
16862	1	4523
16863	0	668
16863	1	8368
16864	0	242
16864	1	4523
16865	0	5858
16865	1	7872
16866	2	8162
16867	0	175
16867	1	4510
16868	0	3601
16868	1	5922
16869	0	6547
16869	1	3860
16870	0	246
16870	1	3956
16871	0	6562
16871	1	7951
16872	0	4899
16872	1	3989
16873	2	2654
16874	0	2956
16874	1	1375
16875	0	3644
16875	1	3061
16876	0	5784
16876	1	8188
16877	0	4790
16877	1	5736
16878	0	3981
16878	1	5736
16879	0	2106
16879	1	7951
16880	0	4855
16880	1	3729
16881	0	3327
16881	1	35
16882	0	7117
16882	1	3850
16883	0	919
16883	1	6920
16884	0	7133
16884	1	2808
16885	2	3898
16886	0	242
16886	1	8464
16887	0	4560
16887	1	6669
16888	2	6161
16889	0	2655
16889	1	1694
16890	0	7809
16890	1	3187
16891	0	6235
16891	1	5922
16892	0	2001
16892	1	5922
16893	0	3027
16893	1	3451
16894	0	1508
16894	1	5922
16895	0	4212
16895	1	8188
16896	2	1812
16897	2	1025
16898	0	3499
16898	1	648
16899	2	6229
16900	0	1271
16900	1	510
16901	0	4833
16901	1	7943
16902	0	5579
16902	1	1274
16903	2	6330
16904	2	2288
16905	2	7783
16906	2	4436
16907	0	7133
16907	1	1255
16908	0	8602
16908	1	3451
16909	0	3581
16909	1	4816
16910	2	3711
16911	0	8250
16911	1	3244
16912	0	7777
16912	1	7739
16913	0	8250
16913	1	1930
16914	2	1932
16915	0	3093
16915	1	3729
16916	2	2550
16917	0	919
16917	1	8188
16918	0	6459
16918	1	3860
16919	0	8250
16919	1	5185
16920	0	5233
16920	1	7904
16921	0	3327
16921	1	1065
16922	0	4005
16922	1	7904
16923	0	5014
16923	1	688
16924	0	3327
16924	1	2012
16925	0	5061
16925	1	6718
16926	0	7653
16926	1	4100
16927	2	8266
16928	0	4790
16928	1	6669
16929	0	4822
16929	1	4644
16930	2	7470
16931	0	5599
16931	1	3860
16932	2	3634
16933	2	2754
16934	0	7845
16934	1	6663
16935	2	6477
16936	0	8250
16936	1	4861
16937	2	5433
16938	0	4046
16938	1	2088
16939	2	752
16940	2	7023
16941	0	1672
16941	1	6656
16942	2	2893
16943	0	7156
16943	1	5995
16944	0	5573
16944	1	5995
16945	0	7921
16945	1	5185
16946	0	14
16946	1	3451
16947	0	7236
16947	1	7951
16948	2	8161
16949	0	7874
16949	1	4578
16950	0	4046
16950	1	560
16951	0	2941
16951	1	3989
16952	0	2710
16952	1	3956
16953	2	6436
16954	2	7676
16955	0	5541
16955	1	518
16956	2	1540
16957	2	4666
16958	0	4566
16958	1	8188
16959	0	7813
16959	1	5500
16960	0	5014
16960	1	5500
16961	0	5093
16961	1	5539
16962	2	2637
16963	0	3206
16963	1	742
16964	2	2651
16965	2	4780
16966	2	8159
16967	0	919
16967	1	5933
16968	2	7164
16969	2	8015
16970	0	4664
16970	1	8183
16971	2	6111
16972	2	7770
16973	0	4833
16973	1	4523
16974	0	6136
16974	1	2098
16975	2	7753
16976	0	5799
16976	1	7951
16977	0	8124
16977	1	6110
16978	2	7279
16979	0	332
16979	1	2755
16980	2	5786
16981	2	1536
16982	2	969
16983	2	2990
16984	2	7631
16985	0	47
16985	1	4465
16986	0	3917
16986	1	2966
16987	2	3347
16988	0	5573
16988	1	1930
16989	0	3704
16989	1	510
16990	0	656
16990	1	1930
16991	0	5562
16991	1	4100
16992	0	6149
16992	1	7904
16993	2	389
16994	0	7500
16994	1	5695
16995	0	3452
16995	1	7739
16996	2	3609
16997	2	8221
16998	2	4762
16999	0	1801
16999	1	233
17000	2	2228
17001	2	2751
17002	2	7848
17003	2	7
17004	0	2780
17004	1	7509
17005	2	7269
17006	0	3791
17006	1	5185
17007	0	8443
17007	1	7424
17008	0	4790
17008	1	8154
17009	2	4758
17010	0	5562
17010	1	4816
17011	0	5698
17011	1	4816
17012	0	4899
17012	1	4523
17013	0	4669
17013	1	688
17014	2	2454
17015	0	5233
17015	1	5760
17016	0	5093
17016	1	5760
17017	0	242
17017	1	1473
17018	2	4828
17019	0	8644
17019	1	353
17020	0	930
17020	1	2169
17021	2	3025
17022	0	478
17022	1	3850
17023	2	3478
17024	0	2743
17024	1	7951
17025	0	6353
17025	1	6575
17026	0	6011
17026	1	1881
17027	2	3722
17028	0	246
17028	1	4122
17029	2	7518
17030	2	543
17031	2	8067
17032	2	1110
17033	0	4663
17033	1	3989
17034	2	1566
17035	0	358
17035	1	510
17036	2	2398
17037	0	5093
17037	1	5484
17038	2	7908
17039	2	265
17040	2	7312
17041	0	2439
17041	1	7951
17042	0	2780
17042	1	2307
17043	0	2513
17043	1	8188
17044	0	7500
17044	1	1960
17045	0	2957
17045	1	5185
17046	0	3917
17046	1	5185
17047	0	246
17047	1	2966
17048	0	893
17048	1	2966
17049	0	8602
17049	1	7951
17050	0	8602
17050	1	6920
17051	2	4712
17052	2	484
17053	0	8443
17053	1	6015
17054	0	4669
17054	1	1838
17055	0	5784
17055	1	283
17056	0	668
17056	1	4030
17057	0	1436
17057	1	1838
17058	0	246
17058	1	4041
17059	0	6221
17059	1	5214
17060	2	1897
17061	2	2632
17062	0	175
17062	1	6414
17063	0	223
17063	1	355
17064	0	7620
17064	1	3564
17065	0	2015
17065	1	6853
17066	2	7450
17067	0	2001
17067	1	2614
17068	2	8515
17069	0	5139
17069	1	5971
17070	0	930
17070	1	1969
17071	0	1170
17071	1	6083
17072	0	8191
17072	1	1843
17073	0	3206
17073	1	7904
17074	0	6732
17074	1	4457
17075	0	7137
17075	1	4510
17076	2	3275
17077	0	225
17077	1	7509
17078	0	6054
17078	1	6669
17079	0	1967
17079	1	1080
17080	2	4791
17081	0	1474
17081	1	7730
17082	0	3165
17082	1	7607
17083	0	7892
17083	1	2136
17084	0	8644
17084	1	7904
17085	2	4375
17086	0	5453
17086	1	5995
17087	0	668
17087	1	5420
17088	0	6732
17088	1	7951
17089	0	7633
17089	1	3059
17090	0	2636
17090	1	5484
17091	2	3219
17092	0	6137
17092	1	1065
17093	2	6632
17094	0	5784
17094	1	3989
17095	0	6352
17095	1	8188
17096	0	6137
17096	1	8188
17097	0	7349
17097	1	3469
17098	2	3340
17099	0	2333
17099	1	4816
17100	0	4642
17100	1	5933
17101	2	1047
17102	0	8443
17102	1	1255
17103	0	8191
17103	1	1838
17104	0	3075
17104	1	648
17105	0	5468
17105	1	7951
17106	2	1588
17107	2	5250
17108	0	5541
17108	1	903
17109	0	7809
17109	1	5662
17110	0	6955
17110	1	5662
17111	0	8191
17111	1	5662
17112	0	4302
17112	1	6993
17113	0	959
17113	1	3404
17114	0	6331
17114	1	7951
17115	2	7747
17116	2	8386
17117	2	5967
17118	0	4663
17118	1	4816
17119	2	4631
17120	2	151
17121	2	1908
17122	0	1508
17122	1	858
17123	0	6294
17123	1	2755
17124	0	2427
17124	1	4816
17125	0	976
17125	1	1791
17126	0	4838
17126	1	6083
17127	0	4642
17127	1	2777
17128	2	4059
17129	0	175
17129	1	7739
17130	2	644
17131	2	4876
17132	0	2092
17132	1	2761
17133	2	6320
17134	0	8602
17134	1	4523
17135	2	7650
17136	0	4664
17136	1	804
17137	0	7697
17137	1	8551
17138	0	5858
17138	1	4041
17139	0	2743
17139	1	6083
17140	0	8644
17140	1	3989
17141	0	2956
17141	1	5214
17142	2	5706
17143	2	871
17144	0	47
17144	1	8417
17145	0	3165
17145	1	8417
17146	0	2106
17146	1	8417
17147	0	7349
17147	1	2755
17148	0	5562
17148	1	1560
17149	2	5060
17150	2	854
17151	0	4318
17151	1	688
17152	2	559
17153	2	5167
17154	0	668
17154	1	1721
17155	2	5054
17156	0	2655
17156	1	5760
17157	0	6138
17157	1	6993
17158	0	4302
17158	1	5214
17159	2	7658
17160	0	223
17160	1	3404
17161	0	2551
17161	1	8183
17162	2	7491
17163	2	4698
17164	0	115
17164	1	3564
17165	2	8328
17166	0	6732
17166	1	4639
17167	0	668
17167	1	8183
17168	0	93
17168	1	4644
17169	0	1672
17169	1	5394
17170	0	5014
17170	1	5185
17171	0	668
17171	1	560
17172	2	4785
17173	2	6481
17174	0	2333
17174	1	1375
17175	0	4560
17175	1	6110
17176	2	8369
17177	2	7717
17178	0	223
17178	1	5394
17179	0	959
17179	1	5394
17180	2	3044
17181	0	7557
17181	1	283
17182	0	3917
17182	1	3945
17183	2	5677
17184	0	7251
17184	1	6015
17185	0	4642
17185	1	1960
17186	0	6221
17186	1	4578
17187	2	5586
17188	0	7197
17188	1	510
17189	2	1546
17190	0	6221
17190	1	7872
17191	0	3165
17191	1	4465
17192	0	3870
17192	1	7739
17193	2	3657
17194	0	1763
17194	1	3244
17195	2	4248
17196	0	1258
17196	1	2755
17197	2	7561
17198	0	502
17198	1	5500
17199	0	4266
17199	1	7509
17200	0	4833
17200	1	1560
17201	0	3075
17201	1	1285
17202	2	8175
17203	0	358
17203	1	7904
17204	0	4888
17204	1	5971
17205	0	3206
17205	1	5695
17206	0	4899
17206	1	5832
17207	0	47
17207	1	4861
17208	0	7878
17208	1	1838
17209	0	3889
17209	1	1838
17210	0	3601
17210	1	1255
17211	0	8250
17211	1	2614
17212	0	5468
17212	1	2808
17213	0	3310
17213	1	1413
17214	2	6260
17215	0	1672
17215	1	1473
17216	2	5802
17217	2	3953
17218	2	3504
17219	2	3710
17220	0	2297
17220	1	283
17221	0	3825
17221	1	5185
17222	0	4642
17222	1	1843
17223	2	8592
17224	2	4504
17225	0	5468
17225	1	3860
17226	2	8215
17227	0	3075
17227	1	8368
17228	0	7633
17228	1	2694
17229	2	2779
17230	2	4268
17231	2	3198
17232	0	4094
17232	1	1969
17233	2	128
17234	0	6816
17234	1	4545
17235	0	5541
17235	1	734
17236	0	7500
17236	1	830
17237	2	3169
17238	2	3767
17239	2	954
17240	0	5093
17240	1	3989
17241	0	6294
17241	1	3956
17242	0	2204
17242	1	1413
17243	0	2311
17243	1	1006
17244	0	4566
17244	1	3244
17245	0	668
17245	1	1631
17246	0	8124
17246	1	7295
17247	0	3027
17247	1	3850
17248	0	2130
17248	1	1560
17249	2	5392
17250	0	2674
17250	1	1917
17251	0	2108
17251	1	1917
17252	2	8000
17253	2	2426
17254	0	5462
17254	1	5567
17255	2	3751
17256	2	1204
17257	0	8251
17257	1	5185
17258	0	5193
17258	1	355
17259	0	2706
17259	1	355
17260	2	2453
17261	0	6054
17261	1	2614
17262	0	7156
17262	1	2614
17263	0	2780
17263	1	8465
17264	2	6005
17265	2	4548
17266	2	8643
17267	2	6842
17268	0	6337
17268	1	3578
17269	2	8076
17270	0	7156
17270	1	5539
17271	0	433
17271	1	8183
17272	0	6526
17272	1	6663
17273	0	1436
17273	1	8188
17274	2	7912
17275	0	4664
17275	1	3945
17276	0	656
17276	1	3860
17277	0	2214
17277	1	1791
17278	0	7328
17278	1	2755
17279	0	2100
17279	1	560
17280	0	4212
17280	1	2966
17281	2	3655
17282	0	2780
17282	1	7872
17283	0	7292
17283	1	797
17284	2	7046
17285	2	7459
17286	0	673
17286	1	601
17287	0	169
17287	1	6110
17288	0	8443
17288	1	7730
17289	2	4361
17290	0	3601
17290	1	2169
17291	0	433
17291	1	6257
17292	0	6136
17292	1	4578
17293	0	3151
17293	1	6853
17294	2	4733
17295	0	8191
17295	1	7424
17296	0	3206
17296	1	3882
17297	2	3177
17298	0	5424
17298	1	5539
17299	0	7633
17299	1	7993
17300	0	7156
17300	1	7424
17301	0	4790
17301	1	4510
17302	0	242
17302	1	4450
17303	2	6016
17304	0	6973
17304	1	1285
17305	2	2129
17306	2	8335
17307	2	3129
17308	2	2412
17309	0	3075
17309	1	3850
17310	0	6136
17310	1	1560
17311	0	2204
17311	1	4230
17312	2	5623
17313	0	5353
17313	1	4030
17314	0	6136
17314	1	4100
17315	2	2451
17316	2	2102
17317	0	3151
17317	1	4578
17318	0	6526
17318	1	2761
17319	0	2108
17319	1	6083
17320	2	7256
17321	0	7500
17321	1	86
17322	2	6772
17323	2	3813
17324	0	3825
17324	1	5995
17325	2	5673
17326	2	8522
17327	0	668
17327	1	3945
17328	2	8467
17329	2	1236
17330	2	3498
17331	2	1440
17332	2	6855
17333	0	5579
17333	1	5918
17334	0	339
17334	1	3956
17335	0	4302
17335	1	4041
17336	0	3870
17336	1	5995
17337	0	5824
17337	1	4578
17338	0	7756
17338	1	2088
17339	0	7349
17339	1	2148
17340	0	3075
17340	1	1960
17341	2	5008
17342	0	7921
17342	1	2088
17343	0	1508
17343	1	5403
17344	0	4401
17344	1	797
17345	2	7052
17346	2	2720
17347	0	2780
17347	1	6594
17348	2	6208
17349	2	3248
17350	0	1135
17350	1	283
17351	0	5434
17351	1	1808
17352	0	2655
17352	1	1947
17353	0	5103
17353	1	8444
17354	2	4490
17355	2	2435
17356	2	2209
17357	0	1474
17357	1	3989
17358	0	7633
17358	1	5394
17359	0	5337
17359	1	1473
17360	2	2298
17361	0	4135
17361	1	5214
17362	0	7197
17362	1	355
17363	0	4135
17363	1	4041
17364	2	4728
17365	0	6236
17365	1	6199
17366	0	6337
17366	1	6199
17367	2	8248
17368	2	8016
17369	2	900
17370	2	6480
17371	2	8436
17372	0	4135
17372	1	5178
17373	0	4566
17373	1	5214
17374	0	4251
17374	1	5214
17375	0	2941
17375	1	5214
17376	0	6136
17376	1	7419
17377	0	4060
17377	1	2777
17378	2	316
17379	2	2249
17380	2	4671
17381	0	8250
17381	1	6049
17382	0	519
17382	1	8368
17383	0	7197
17383	1	6457
17384	0	6136
17384	1	8465
17385	0	3601
17385	1	464
17386	0	7921
17386	1	3174
17387	0	462
17387	1	6083
17388	0	2015
17388	1	4639
17389	2	5911
17390	0	1899
17390	1	2122
17391	0	4737
17391	1	8188
17392	0	5183
17392	1	8188
17393	0	7197
17393	1	1943
17394	2	2419
17395	2	8487
17396	0	6221
17396	1	5539
17397	0	8443
17397	1	8465
17398	2	666
17399	0	3960
17399	1	1843
17400	2	1683
17401	0	5579
17401	1	3945
17402	2	2949
17403	0	223
17403	1	1337
17404	2	5572
17405	2	1680
17406	2	7742
17407	2	2734
17408	0	6137
17408	1	5630
17409	2	2450
17410	0	4606
17410	1	2493
17411	0	2130
17411	1	5178
17412	2	2921
17413	2	1846
17414	2	3910
17415	0	1508
17415	1	734
17416	2	4415
17417	0	7777
17417	1	3956
17418	0	5434
17418	1	3174
17419	0	2407
17419	1	6993
17420	0	4833
17420	1	799
17421	0	2004
17421	1	7509
17422	0	1763
17422	1	3611
17423	0	4663
17423	1	3061
17424	2	4333
17425	0	6459
17425	1	5539
17426	2	7721
17427	2	3726
17428	0	5353
17428	1	858
17429	2	3032
17430	0	1967
17430	1	4100
17431	2	5416
17432	0	2100
17432	1	4122
17433	0	4566
17433	1	7509
17434	0	3307
17434	1	6015
17435	0	3206
17435	1	2777
17436	0	6171
17436	1	5539
17437	0	2880
17437	1	355
17438	0	4664
17438	1	742
17439	2	8075
17440	0	246
17440	1	8551
17441	0	1801
17441	1	6110
17442	0	7156
17442	1	4861
17443	2	591
17444	0	7197
17444	1	3244
17445	0	7693
17445	1	3882
17446	0	5881
17446	1	560
17447	2	2520
17448	2	2224
17449	0	7392
17449	1	5736
17450	2	6614
17451	0	7892
17451	1	742
17452	0	5353
17452	1	8368
17453	0	5353
17453	1	1065
17454	2	839
17455	0	5007
17455	1	804
17456	0	6064
17456	1	4644
17457	0	7921
17457	1	5995
17458	0	2706
17458	1	5995
17459	0	6294
17459	1	2966
17460	2	1099
17461	0	5784
17461	1	5185
17462	2	5845
17463	0	4888
17463	1	2777
17464	2	5380
17465	0	3499
17465	1	4465
17466	0	2706
17466	1	4523
17467	0	3601
17467	1	4523
17468	0	7270
17468	1	6709
17469	0	2633
17469	1	560
17470	0	225
17470	1	5185
17471	2	6945
17472	2	2745
17473	2	6798
17474	2	7001
17475	2	5712
17476	0	2333
17476	1	5918
17477	0	673
17477	1	688
17478	0	2956
17478	1	688
17479	0	175
17479	1	5214
17480	0	4664
17480	1	7081
17481	0	2100
17481	1	4100
17482	2	6867
17483	0	7292
17483	1	1560
17484	0	2015
17484	1	3117
17485	0	7270
17485	1	1860
17486	2	3888
17487	0	919
17487	1	510
17488	0	3430
17488	1	510
17489	2	1539
17490	2	3142
17491	0	8237
17491	1	6575
17492	0	2297
17492	1	4918
17493	0	5487
17493	1	5922
17494	0	4566
17494	1	2761
17495	0	4663
17495	1	4100
17496	0	5353
17496	1	5214
17497	0	7754
17497	1	1413
17498	0	4046
17498	1	5695
17499	0	3165
17499	1	5695
17500	0	3381
17500	1	392
17501	0	1895
17501	1	797
17502	0	2941
17502	1	7509
17503	0	6149
17503	1	7424
17504	0	6526
17504	1	3989
17505	0	6236
17505	1	4100
17506	2	2041
17507	0	1899
17507	1	4122
17508	2	6000
17509	0	1895
17509	1	2761
17510	0	6698
17510	1	5828
17511	0	8602
17511	1	5736
17512	2	3868
17513	0	225
17513	1	8188
17514	0	5799
17514	1	742
17515	0	6337
17515	1	2536
17516	2	4768
17517	0	223
17517	1	8431
17518	0	5462
17518	1	233
17519	0	403
17519	1	5185
17520	0	7756
17520	1	804
17521	0	4212
17521	1	3860
17522	0	2015
17522	1	3469
17523	2	196
17524	2	2007
17525	0	5201
17525	1	5420
17526	0	2404
17526	1	5500
17527	0	5434
17527	1	1968
17528	0	3106
17528	1	6199
17529	0	4999
17529	1	510
17530	0	8237
17530	1	233
17531	0	2214
17531	1	510
17532	0	5103
17532	1	1968
17533	2	5343
17534	0	8237
17534	1	7951
17535	0	4833
17535	1	7951
17536	2	6125
17537	0	7556
17537	1	7739
17538	2	1257
17539	0	5233
17539	1	7424
17540	0	6294
17540	1	4100
17541	0	6889
17541	1	2755
17542	0	2130
17542	1	742
17543	0	2880
17543	1	2355
17544	0	1508
17544	1	2376
17545	2	7073
17546	2	3335
17547	0	6138
17547	1	8549
17548	0	6138
17548	1	931
17549	0	986
17549	1	931
17550	0	6817
17550	1	1930
17551	0	175
17551	1	6575
17552	0	7292
17552	1	3882
17553	2	7131
17554	0	4838
17554	1	7295
17555	0	7197
17555	1	4041
17556	2	3520
17557	0	4212
17557	1	6083
17558	2	4096
17559	0	4664
17559	1	3989
17560	2	7355
17561	0	6221
17561	1	8177
17562	0	223
17562	1	2088
17563	0	7620
17563	1	4523
17564	0	1967
17564	1	7295
17565	0	6889
17565	1	3945
17566	2	5134
17567	2	3386
17568	0	6459
17568	1	1473
17569	2	719
17570	0	433
17570	1	6209
17571	0	7137
17571	1	6209
17572	0	1801
17572	1	2117
17573	0	2100
17573	1	8188
17574	0	2655
17574	1	3945
17575	0	7292
17575	1	5832
17576	2	5639
17577	0	6389
17577	1	6015
17578	2	7488
17579	0	6138
17579	1	1631
17580	2	4286
17581	0	3963
17581	1	7951
17582	0	3452
17582	1	6718
17583	0	5353
17583	1	6199
17584	0	7229
17584	1	3451
17585	0	2743
17585	1	2122
17586	0	3445
17586	1	560
17587	2	345
17588	0	3644
17588	1	5832
17589	0	6236
17589	1	8225
17590	0	7756
17590	1	8225
17591	2	3046
17592	2	5195
17593	0	3499
17593	1	3945
17594	0	358
17594	1	3945
17595	2	7959
17596	0	3537
17596	1	3850
17597	0	3206
17597	1	3850
17598	2	2035
17599	2	3605
17600	0	2214
17600	1	8551
17601	0	3240
17601	1	8551
17602	2	1516
17603	2	685
17604	0	1450
17604	1	3564
17605	2	842
17606	0	3093
17606	1	1255
17607	0	7892
17607	1	7486
17608	0	3960
17608	1	2122
17609	0	8493
17609	1	5995
17610	2	7576
17611	0	5453
17611	1	6199
17612	0	3601
17612	1	8444
17613	2	5817
17614	2	6457
17615	0	8366
17615	1	86
17616	0	2577
17616	1	6083
17617	0	3075
17617	1	797
17618	0	3240
17618	1	3404
17619	2	394
17620	0	6479
17620	1	6718
17621	2	5655
17622	2	2639
17623	2	2366
17624	0	3093
17624	1	4230
17625	0	2655
17625	1	4230
17626	0	7633
17626	1	3244
17627	2	982
17628	0	3704
17628	1	1285
17629	0	919
17629	1	3945
17630	0	3093
17630	1	6110
17631	0	8036
17631	1	6575
17632	0	2820
17632	1	2536
17633	2	7939
17634	0	115
17634	1	233
17635	2	1062
17636	0	5233
17636	1	6709
17637	0	6337
17637	1	1631
17638	0	433
17638	1	1223
17639	0	553
17639	1	283
17640	0	6294
17640	1	5420
17641	0	5573
17641	1	560
17642	0	5955
17642	1	6083
17643	2	910
17644	2	65
17645	0	5468
17645	1	5832
17646	0	2995
17646	1	1285
17647	0	3275
17647	1	1285
17648	0	2278
17648	1	7295
17649	0	2655
17649	1	7295
17650	2	7626
17651	2	765
17652	2	7070
17653	0	8443
17653	1	4465
17654	0	7633
17654	1	4185
17655	2	7741
17656	0	3917
17656	1	8526
17657	0	4663
17657	1	688
17658	0	617
17658	1	688
17659	0	3106
17659	1	2117
17660	0	6221
17660	1	1473
17661	2	348
17662	0	254
17662	1	4230
17663	0	5393
17663	1	3061
17664	0	254
17664	1	1960
17665	0	1874
17665	1	3945
17666	0	5093
17666	1	3244
17667	2	6002
17668	2	1442
17669	2	4619
17670	2	3371
17671	0	6138
17671	1	5567
17672	2	1173
17673	2	2314
17674	2	5282
17675	2	7972
17676	0	3689
17676	1	1838
17677	2	7522
17678	0	254
17678	1	6853
17679	0	1135
17679	1	233
17680	2	4185
17681	2	8414
17682	0	4888
17682	1	1960
17683	2	6139
17684	2	2540
17685	2	3844
17686	0	5858
17686	1	1065
17687	0	3917
17687	1	2808
17688	0	6240
17688	1	2808
17689	2	5080
17690	0	3870
17690	1	3882
17691	0	2015
17691	1	8154
17692	0	2674
17692	1	8154
17693	0	6353
17693	1	6083
17694	0	5698
17694	1	3404
17695	2	1701
17696	0	6011
17696	1	6669
17697	2	5222
17698	0	7270
17698	1	213
17699	0	4302
17699	1	4030
17700	0	115
17700	1	7904
17701	0	5453
17701	1	1843
17702	0	5453
17702	1	1065
17703	2	7443
17704	2	1423
17705	0	4251
17705	1	3244
17706	0	8237
17706	1	804
17707	0	5487
17707	1	283
17708	0	8265
17708	1	3780
17709	0	668
17709	1	3780
17710	2	2589
17711	0	5799
17711	1	1255
17712	2	6837
17713	0	2297
17713	1	5832
17714	0	7697
17714	1	1843
17715	0	403
17715	1	1808
17716	0	246
17716	1	1838
17717	0	7197
17717	1	4603
17718	0	5233
17718	1	1843
17719	0	7878
17719	1	6656
17720	0	4060
17720	1	355
17721	0	2780
17721	1	2614
17722	0	6136
17722	1	2117
17723	2	2659
17724	2	2232
17725	2	8639
17726	2	2218
17727	0	5233
17727	1	1631
17728	0	3825
17728	1	7951
17729	0	7270
17729	1	8070
17730	0	7809
17730	1	8070
17731	0	5541
17731	1	5394
17732	0	3075
17732	1	5394
17733	0	2551
17733	1	5214
17734	2	4720
17735	0	5353
17735	1	3611
17736	2	849
17737	0	6054
17737	1	3850
17738	2	3373
17739	0	3126
17739	1	6718
17740	2	4889
17741	2	3926
17742	2	7473
17743	0	5541
17743	1	2307
17744	2	4633
17745	0	7653
17745	1	3860
17746	0	8493
17746	1	6718
17747	2	8582
17748	0	8281
17748	1	7951
17749	0	5541
17749	1	5798
17750	0	478
17750	1	8465
17751	2	5118
17752	2	8245
17753	0	14
17753	1	6656
17754	0	1926
17754	1	6656
17755	0	7754
17755	1	7419
17756	0	959
17756	1	3850
17757	0	3791
17757	1	688
17758	0	8281
17758	1	6015
17759	0	4855
17759	1	6853
17760	2	427
17761	2	42
17762	0	2106
17762	1	5760
17763	2	8471
17764	2	360
17765	0	5799
17765	1	213
17766	0	6236
17766	1	213
17767	0	2706
17767	1	3780
17768	0	4135
17768	1	3780
17769	0	5462
17769	1	8225
17770	0	6526
17770	1	3860
17771	0	2551
17771	1	7739
17772	2	6145
17773	2	8590
17774	0	8251
17774	1	6083
17775	0	5193
17775	1	1255
17776	2	3435
17777	0	3553
17777	1	6083
17778	0	1254
17778	1	1274
17779	0	1436
17779	1	4230
17780	2	3324
17781	0	5093
17781	1	8227
17782	2	1437
17783	0	7236
17783	1	7739
17784	2	1324
17785	0	3075
17785	1	4545
17786	0	6955
17786	1	8526
17787	0	5103
17787	1	8526
17788	0	3381
17788	1	8526
17789	0	5093
17789	1	8526
17790	0	1547
17790	1	3860
17791	2	4295
17792	0	2780
17792	1	858
17793	0	5698
17793	1	6594
17794	2	7828
17795	0	4833
17795	1	2122
17796	0	254
17796	1	2117
17797	2	8586
17798	0	4302
17798	1	1843
17799	2	6770
17800	0	2706
17800	1	234
17801	2	2259
17802	2	6719
17803	0	1763
17803	1	3945
17804	2	772
17805	0	3075
17805	1	2614
17806	0	2092
17806	1	5798
17807	0	8250
17807	1	1586
17808	0	656
17808	1	510
17809	0	663
17809	1	3578
17810	0	8281
17810	1	1255
17811	0	5201
17811	1	3404
17812	0	2130
17812	1	8177
17813	0	242
17813	1	1808
17814	0	7545
17814	1	6853
17815	0	7754
17815	1	6853
17816	0	6732
17816	1	797
17817	0	246
17817	1	5185
17818	2	7441
17819	2	6379
17820	0	1763
17820	1	7295
17821	0	5453
17821	1	6594
17822	2	6731
17823	2	4872
17824	2	6600
17825	0	6294
17825	1	233
17826	0	2577
17826	1	3174
17827	2	622
17828	2	1859
17829	0	959
17829	1	4644
17830	2	5785
17831	0	2297
17831	1	7951
17832	0	7500
17832	1	5760
17833	0	2633
17833	1	1080
17834	0	3327
17834	1	804
17835	0	617
17835	1	7419
17836	2	806
17837	0	4135
17837	1	6993
17838	0	7921
17838	1	4041
17839	2	5652
17840	0	8237
17840	1	1560
17841	2	8498
17842	2	4674
17843	2	1338
17844	0	1895
17844	1	7607
17845	0	115
17845	1	2122
17846	0	1508
17846	1	6663
17847	2	5889
17848	0	4606
17848	1	3059
17849	0	7826
17849	1	5484
17850	0	4212
17850	1	7454
17851	0	2297
17851	1	6575
17852	0	7236
17852	1	6083
17853	0	478
17853	1	3404
17854	0	5093
17854	1	6656
17855	0	3601
17855	1	8177
17856	2	7794
17857	2	6704
17858	2	7084
17859	0	2780
17859	1	648
17860	2	6505
17861	0	5562
17861	1	8551
17862	2	2906
17863	0	4060
17863	1	6199
17864	2	1802
17865	0	8124
17865	1	4816
17866	2	613
17867	2	6192
17868	2	5186
17869	0	4302
17869	1	2088
17870	2	7113
17871	0	5201
17871	1	6853
17872	2	4594
17873	0	3381
17873	1	7951
17874	0	6011
17874	1	7400
17875	0	3093
17875	1	2808
17876	0	5453
17876	1	5695
17877	0	5353
17877	1	7872
17878	2	8629
17879	0	5353
17879	1	6920
17880	0	4663
17880	1	7295
17881	2	1730
17882	0	5573
17882	1	7509
17883	0	7197
17883	1	5500
17884	2	6978
17885	0	3601
17885	1	1080
17886	2	306
17887	0	6973
17887	1	6920
17888	0	3075
17888	1	1473
17889	2	4915
17890	0	2710
17890	1	1843
17891	0	7197
17891	1	4816
17892	2	3429
17893	0	673
17893	1	6718
17894	2	8426
17895	2	6938
17896	2	1001
17897	0	3307
17897	1	6110
17898	0	2769
17898	1	5500
17899	0	8644
17899	1	3503
17900	2	3304
17901	0	2333
17901	1	4639
17902	0	7292
17902	1	8368
17903	0	4430
17903	1	3442
17904	0	4302
17904	1	1808
17905	0	1474
17905	1	1255
17906	2	453
17907	0	8308
17907	1	5420
17908	0	5424
17908	1	283
17909	2	2943
17910	0	2439
17910	1	1960
17911	0	2941
17911	1	1960
17912	0	5562
17912	1	3404
17913	2	3970
17914	0	4206
17914	1	7295
17915	0	5103
17915	1	742
17916	0	2706
17916	1	3945
17917	2	8318
17918	2	4150
17919	0	242
17919	1	7951
17920	2	2054
17921	0	5193
17921	1	7730
17922	2	398
17923	0	7350
17923	1	7424
17924	2	373
17925	0	4888
17925	1	1631
17926	2	3472
17927	0	3581
17927	1	1631
17928	0	2706
17928	1	830
17929	0	1436
17929	1	830
17930	2	6870
17931	0	3501
17931	1	5736
17932	0	3917
17932	1	3404
17933	0	4888
17933	1	5178
17934	0	4942
17934	1	1791
17935	2	7877
17936	0	519
17936	1	1413
17937	0	2001
17937	1	1413
17938	2	4303
17939	2	8370
17940	2	1017
17941	0	3501
17941	1	3729
17942	2	436
17943	0	6795
17943	1	4816
17944	0	6011
17944	1	2493
17945	0	6093
17945	1	6575
17946	0	2551
17946	1	7509
17947	0	6526
17947	1	3564
17948	0	4663
17948	1	4545
17949	0	7137
17949	1	6015
17950	2	1360
17951	0	7839
17951	1	1473
17952	0	2504
17952	1	4030
17953	0	2106
17953	1	3956
17954	0	6011
17954	1	1843
17955	2	5982
17956	2	7749
17957	0	2870
17957	1	8225
17958	0	3889
17958	1	3956
17959	0	115
17959	1	8188
17960	0	1135
17960	1	5484
17961	0	1672
17961	1	3729
17962	0	3206
17962	1	6015
17963	0	7118
17963	1	283
17964	0	5233
17964	1	7730
17965	0	2743
17965	1	3061
17966	0	6285
17966	1	560
17967	2	8472
17968	0	1436
17968	1	8465
17969	0	2106
17969	1	6596
17970	0	4507
17970	1	6718
17971	0	663
17971	1	1375
17972	0	5799
17972	1	4545
17973	0	7118
17973	1	3882
17974	2	2939
17975	2	4742
17976	2	2016
17977	2	4652
17978	2	1026
17979	2	8576
17980	0	930
17980	1	2808
17981	0	6136
17981	1	3882
17982	0	1967
17982	1	1473
17983	0	673
17983	1	2122
17984	0	2106
17984	1	5006
17985	2	7153
17986	0	3027
17986	1	1631
17987	2	101
17988	2	4093
17989	0	2407
17989	1	718
17990	0	2743
17990	1	688
17991	2	4729
17992	0	2956
17992	1	5178
17993	0	2743
17993	1	830
17994	0	6732
17994	1	3611
17995	0	7697
17995	1	1285
17996	2	97
17997	0	6337
17997	1	5828
17998	0	590
17998	1	6718
17999	2	4818
18000	0	1672
18000	1	1205
18001	0	1258
18001	1	4639
18002	0	8602
18002	1	4639
18003	0	254
18003	1	6110
18004	0	3075
18004	1	355
18005	2	7105
18006	2	2032
18007	0	8644
18007	1	8476
18008	0	1508
18008	1	5943
18009	0	3499
18009	1	6575
18010	2	7818
18011	2	5506
18012	0	1436
18012	1	1255
18013	2	3316
18014	0	8237
18014	1	2671
18015	0	4430
18015	1	233
18016	2	6190
18017	2	8315
18018	0	656
18018	1	5500
18019	2	8008
18020	0	2368
18020	1	560
18021	2	184
18022	2	3552
18023	2	8119
18024	2	5385
18025	0	5487
18025	1	6718
18026	0	3601
18026	1	4230
18027	2	7203
18028	0	8602
18028	1	5420
18029	0	2551
18029	1	7302
18030	0	7826
18030	1	6853
18031	0	3980
18031	1	4816
18032	0	3337
18032	1	2169
18033	2	6535
18034	2	4977
18035	0	174
18035	1	3860
18036	2	2658
18037	0	6285
18037	1	7989
18038	0	3704
18038	1	2148
18039	2	1804
18040	0	3027
18040	1	7872
18041	0	2278
18041	1	4030
18042	2	8133
18043	2	219
18044	2	6380
18045	2	802
18046	0	1739
18046	1	2148
18047	2	6455
18048	2	5297
18049	0	7197
18049	1	3561
18050	0	2743
18050	1	7904
18051	0	2674
18051	1	6428
18052	2	8092
18053	2	5025
18054	0	6732
18054	1	830
18055	2	7493
18056	2	3421
18057	2	6239
18058	2	6996
18059	0	5453
18059	1	1969
18060	2	2732
18061	0	4430
18061	1	5736
18062	0	2333
18062	1	3611
18063	0	254
18063	1	6146
18064	0	4888
18064	1	1930
18065	0	2100
18065	1	7302
18066	0	5233
18066	1	7941
18067	0	7809
18067	1	6777
18068	0	3093
18068	1	3565
18069	0	223
18069	1	858
18070	0	6236
18070	1	3850
18071	0	934
18071	1	2088
18072	0	6459
18072	1	797
18073	0	4822
18073	1	648
18074	2	2172
18075	2	164
18076	0	2674
18076	1	7652
18077	2	6060
18078	2	8031
18079	2	3320
18080	0	7500
18080	1	1968
18081	0	6459
18081	1	3564
18082	0	330
18082	1	6718
18083	2	4595
18084	2	7843
18085	0	7156
18085	1	4816
18086	2	3077
18087	0	1508
18087	1	830
18088	0	2743
18088	1	742
18089	2	1132
18090	0	3581
18090	1	2761
18091	0	8207
18091	1	4816
18092	0	1474
18092	1	1274
18093	0	4642
18093	1	4644
18094	0	8124
18094	1	3611
18095	0	6732
18095	1	2777
18096	2	2069
18097	0	7500
18097	1	6663
18098	0	1801
18098	1	2088
18099	0	7921
18099	1	2098
18100	0	5881
18100	1	6718
18101	0	703
18101	1	5493
18102	2	4274
18103	0	6294
18103	1	6575
18104	2	592
18105	0	2204
18105	1	3850
18106	0	2108
18106	1	1721
18107	2	7736
18108	0	7349
18108	1	6575
18109	0	4103
18109	1	2088
18110	2	947
18111	0	5233
18111	1	7454
18112	2	5445
18113	2	3669
18114	0	6137
18114	1	6920
18115	0	663
18115	1	7081
18116	0	6337
18116	1	5214
18117	2	3417
18118	0	6138
18118	1	804
18119	0	3581
18119	1	4030
18120	2	7580
18121	0	225
18121	1	73
18122	2	4793
18123	0	2636
18123	1	8465
18124	0	794
18124	1	5420
18125	0	7878
18125	1	6920
18126	2	5207
18127	2	204
18128	0	6020
18128	1	8154
18129	2	5720
18130	0	5448
18130	1	5922
18131	2	5079
18132	0	5233
18132	1	392
18133	2	517
18134	0	5863
18134	1	4816
18135	0	4663
18135	1	4578
18136	0	4663
18136	1	8465
18137	2	7849
18138	0	3601
18138	1	8465
18139	2	3017
18140	0	6337
18140	1	2098
18141	0	3499
18141	1	3860
18142	0	4642
18142	1	6718
18143	0	5093
18143	1	6767
18144	0	7365
18144	1	5185
18145	0	5353
18145	1	6110
18146	0	6973
18146	1	283
18147	0	3327
18147	1	5567
18148	2	5954
18149	2	4467
18150	0	3823
18150	1	2808
18151	0	2415
18151	1	2808
18152	0	5767
18152	1	688
18153	0	2774
18153	1	3645
18154	0	7137
18154	1	287
18155	2	6417
18156	2	5266
18157	2	7210
18158	2	6122
18159	2	5974
18160	0	2092
18160	1	2117
18161	2	3912
18162	0	7392
18162	1	2148
18163	0	2214
18163	1	2777
18164	0	3601
18164	1	2777
18165	0	6136
18165	1	7509
18166	0	5434
18166	1	4510
18167	0	663
18167	1	5760
18168	0	8251
18168	1	5760
18169	0	6318
18169	1	2122
18170	2	5192
18171	0	7137
18171	1	7652
18172	2	16
18173	0	8036
18173	1	7730
18174	0	5193
18174	1	2614
18175	0	6093
18175	1	688
18176	2	3595
18177	0	223
18177	1	6083
18178	2	2252
18179	2	4414
18180	0	5233
18180	1	2076
18181	2	5810
18182	0	1258
18182	1	234
18183	0	3106
18183	1	7739
18184	2	7433
18185	0	1895
18185	1	3956
18186	0	242
18186	1	3565
18187	2	2046
18188	2	8578
18189	2	437
18190	2	6029
18191	2	444
18192	2	7128
18193	2	7573
18194	2	5788
18195	0	5858
18195	1	3404
18196	0	959
18196	1	2148
18197	0	1254
18197	1	6227
18198	2	7456
18199	0	1899
18199	1	2671
18200	0	1899
18200	1	3564
18201	2	1404
18202	2	8208
18203	0	1288
18203	1	7419
18204	0	6337
18204	1	7081
18205	0	4664
18205	1	44
18206	0	2706
18206	1	6146
18207	2	1124
18208	0	6221
18208	1	3989
18209	0	2106
18209	1	1065
18210	0	358
18210	1	1080
18211	0	7156
18211	1	3469
18212	0	4135
18212	1	4030
18213	2	3549
18214	0	3960
18214	1	3882
18215	0	6294
18215	1	2808
18216	0	3499
18216	1	1080
18217	0	930
18217	1	5539
18218	0	1899
18218	1	7739
18219	2	5710
18220	2	3010
18221	0	2743
18221	1	3565
18222	0	175
18222	1	4221
18223	0	5233
18223	1	2307
18224	0	3307
18224	1	1080
18225	0	3093
18225	1	742
18226	2	4503
18227	0	2100
18227	1	3989
18228	2	6598
18229	2	5735
18230	0	7392
18230	1	3860
18231	2	3614
18232	2	3833
18233	2	442
18234	0	7839
18234	1	2355
18235	0	2333
18235	1	2307
18236	0	223
18236	1	648
18237	0	7633
18237	1	536
18238	2	2067
18239	0	3745
18239	1	1843
18240	2	2977
18241	0	1170
18241	1	6920
18242	0	7137
18242	1	2117
18243	2	6861
18244	0	7416
18244	1	2098
18245	0	6318
18245	1	6083
18246	2	37
18247	0	3206
18247	1	8154
18248	0	2880
18248	1	2162
18249	0	2130
18249	1	73
18250	0	5453
18250	1	3611
18251	0	3601
18251	1	7302
18252	0	5233
18252	1	7302
18253	0	2297
18253	1	6663
18254	0	6816
18254	1	6083
18255	0	2311
18255	1	3565
18256	0	2108
18256	1	4644
18257	0	2214
18257	1	3565
18258	0	5468
18258	1	5630
18259	2	4014
18260	0	403
18260	1	2777
18261	2	8050
18262	2	3364
18263	2	6393
18264	0	6285
18264	1	510
18265	0	115
18265	1	2755
18266	0	1409
18266	1	4644
18267	0	4302
18267	1	1255
18268	0	6011
18268	1	4545
18269	0	7251
18269	1	3850
18270	0	5541
18270	1	4484
18271	0	2551
18271	1	6794
18272	0	1578
18272	1	7904
18273	2	1887
18274	2	7714
18275	0	3445
18275	1	688
18276	0	2780
18276	1	5933
18277	0	7633
18277	1	2162
18278	2	1007
18279	0	254
18279	1	233
18280	0	2015
18280	1	5420
18281	2	6159
18282	0	2204
18282	1	6015
18283	0	3823
18283	1	8465
18284	0	2311
18284	1	2777
18285	0	7921
18285	1	8225
18286	0	2297
18286	1	5922
18287	0	6294
18287	1	3564
18288	0	7500
18288	1	3174
18289	0	6138
18289	1	5995
18290	0	2780
18290	1	5214
18291	2	1875
18292	2	1370
18293	0	2743
18293	1	3729
18294	2	2993
18295	0	7633
18295	1	297
18296	2	8226
18297	2	7408
18298	0	3981
18298	1	3061
18299	0	1170
18299	1	3850
18300	0	3389
18300	1	2777
18301	0	3151
18301	1	1285
18302	2	3685
18303	0	6337
18303	1	7993
18304	0	7500
18304	1	73
18305	0	2106
18305	1	73
18306	0	7564
18306	1	7739
18307	0	3206
18307	1	283
18308	2	3548
18309	2	1301
18310	0	5858
18310	1	7477
18311	0	6011
18311	1	7477
18312	0	4664
18312	1	7477
18313	0	7777
18313	1	7302
18314	0	7500
18314	1	5995
18315	0	4135
18315	1	8154
18316	0	4113
18316	1	3469
18317	0	2655
18317	1	2761
18318	2	6397
18319	0	5698
18319	1	804
18320	0	2655
18320	1	7989
18321	2	3821
18322	0	7633
18322	1	1860
18323	0	2551
18323	1	4523
18324	2	5475
18325	2	4974
18326	0	986
18326	1	6015
18327	0	1279
18327	1	2761
18328	2	5407
18329	0	6337
18329	1	3451
18330	2	7196
18331	0	7118
18331	1	5798
18332	0	3093
18332	1	1808
18333	2	6931
18334	2	2727
18335	0	2241
18335	1	7424
18336	0	5093
18336	1	73
18337	0	3704
18337	1	4578
18338	0	7874
18338	1	1843
18339	0	4942
18339	1	1631
18340	0	656
18340	1	7509
18341	2	2112
18342	2	3969
18343	2	3492
18344	0	6732
18344	1	6663
18345	0	2204
18345	1	4545
18346	2	6147
18347	0	6318
18347	1	1808
18348	2	451
18349	2	7879
18350	0	47
18350	1	7904
18351	2	1278
18352	0	8136
18352	1	3302
18353	2	2221
18354	0	5093
18354	1	3451
18355	0	1135
18355	1	3451
18356	0	7349
18356	1	7424
18357	0	5093
18357	1	742
18358	2	4343
18359	0	7197
18359	1	5539
18360	0	5434
18360	1	5832
18361	0	8602
18361	1	5178
18362	0	6526
18362	1	688
18363	2	1699
18364	0	3206
18364	1	3404
18365	0	5579
18365	1	3061
18366	0	3093
18366	1	2536
18367	0	5462
18367	1	8177
18368	0	3960
18368	1	2117
18369	2	2268
18370	0	3027
18370	1	8227
18371	0	4113
18371	1	86
18372	2	8181
18373	0	7270
18373	1	3588
18374	0	242
18374	1	3588
18375	0	3445
18375	1	3517
18376	2	6504
18377	0	3327
18377	1	6920
18378	0	1787
18378	1	233
18379	0	358
18379	1	1285
18380	0	3327
18380	1	7454
18381	0	1874
18381	1	5736
18382	0	5103
18382	1	8417
18383	2	4903
18384	2	6169
18385	0	3445
18385	1	1413
18386	2	1572
18387	2	7917
18388	0	6353
18388	1	3989
18389	0	2956
18389	1	3117
18390	0	7292
18390	1	3117
18391	2	4215
18392	2	4390
18393	0	2706
18393	1	5695
18394	0	4430
18394	1	5695
18395	0	4737
18395	1	4578
18396	0	7633
18396	1	5006
18397	0	358
18397	1	1843
18398	0	5353
18398	1	8526
18399	2	185
18400	2	4202
18401	2	4555
18402	2	4806
18403	0	3581
18403	1	8177
18404	0	8191
18404	1	283
18405	2	200
18406	2	4408
18407	0	6149
18407	1	804
18408	0	8602
18408	1	283
18409	0	6138
18409	1	1968
18410	2	7037
18411	0	3327
18411	1	5394
18412	0	5093
18412	1	8465
18413	0	254
18413	1	3404
18414	2	3455
18415	2	3278
18416	2	6364
18417	0	5061
18417	1	1413
18418	0	3581
18418	1	830
18419	2	6153
18420	0	175
18420	1	3302
18421	0	4669
18421	1	4545
18422	0	2743
18422	1	1838
18423	0	4888
18423	1	4603
18424	0	223
18424	1	5922
18425	0	8124
18425	1	1968
18426	0	5093
18426	1	1968
18427	0	7118
18427	1	6575
18428	0	3075
18428	1	2117
18429	0	2130
18429	1	4457
18430	2	7726
18431	0	242
18431	1	4484
18432	0	3601
18432	1	6575
18433	2	956
18434	0	6136
18434	1	830
18435	0	4642
18435	1	5995
18436	0	3206
18436	1	8465
18437	0	2100
18437	1	4230
18438	2	3313
18439	0	2780
18439	1	8551
18440	0	1967
18440	1	1255
18441	0	3960
18441	1	73
18442	2	5478
18443	0	5541
18443	1	2694
18444	2	1251
18445	0	8250
18445	1	648
18446	0	6337
18446	1	86
18447	0	7349
18447	1	858
18448	0	5337
18448	1	858
18449	0	1508
18449	1	1413
18450	0	6732
18450	1	5798
18451	2	4939
18452	0	6221
18452	1	5798
18453	0	2706
18453	1	5798
18454	2	938
18455	0	6011
18455	1	5798
18456	2	785
18457	2	2421
18458	2	8470
18459	2	6573
18460	0	8251
18460	1	7739
18461	0	3931
18461	1	7739
18462	0	7633
18462	1	3611
18463	0	3601
18463	1	4578
18464	2	6366
18465	2	5545
18466	0	3917
18466	1	4523
18467	2	2602
18468	2	8043
18469	0	7349
18469	1	797
18470	2	8106
18471	0	1895
18471	1	6767
18472	0	7270
18472	1	5178
18473	0	7620
18473	1	858
18474	0	7392
18474	1	5567
18475	2	156
18476	0	246
18476	1	2076
18477	0	1508
18477	1	297
18478	0	5319
18478	1	6575
18479	2	7817
18480	2	8240
18481	0	4302
18481	1	2808
18482	0	8602
18482	1	2808
18483	0	4888
18483	1	1843
18484	2	2648
18485	2	6470
18486	0	8191
18486	1	3061
18487	2	5581
18488	2	711
18489	0	8452
18489	1	7454
18490	0	983
18490	1	7951
18491	0	6221
18491	1	1968
18492	0	4266
18492	1	5027
18493	0	6294
18493	1	6083
18494	0	7270
18494	1	5933
18495	2	486
18496	0	2945
18496	1	648
18497	0	4302
18497	1	2122
18498	0	5541
18498	1	5567
18499	2	5130
18500	0	3093
18500	1	2966
18501	2	5203
18502	0	4266
18502	1	4484
18503	2	7086
18504	0	3151
18504	1	560
18505	2	6942
18506	2	132
18507	0	254
18507	1	5539
18508	0	668
18508	1	5832
18509	0	3499
18509	1	7419
18510	0	6547
18510	1	7951
18511	2	1304
18512	0	1899
18512	1	5214
18513	0	7892
18513	1	2493
18514	0	2706
18514	1	5539
18515	2	2023
18516	0	4664
18516	1	3332
18517	0	7392
18517	1	2966
18518	2	4307
18519	0	5103
18519	1	7951
18520	2	1789
18521	0	6236
18521	1	3956
18522	0	2333
18522	1	4145
18523	0	2743
18523	1	6015
18524	2	7974
18525	2	3509
18526	2	1669
18527	2	8300
18528	2	2479
18529	0	1258
18529	1	3244
18530	0	5434
18530	1	2966
18531	2	6298
18532	0	1645
18532	1	3945
18533	2	4877
18534	0	237
18534	1	5695
18535	0	617
18535	1	2169
18536	2	7979
18537	2	5316
18538	0	5337
18538	1	3956
18539	0	3445
18539	1	4484
18540	2	1970
18541	0	983
18541	1	2088
18542	0	7839
18542	1	688
18543	0	433
18543	1	6299
18544	0	4507
18544	1	5760
18545	2	5716
18546	2	6667
18547	0	6221
18547	1	3399
18548	0	3445
18548	1	1255
18549	2	3176
18550	0	6353
18550	1	1403
18551	2	1554
18552	0	7620
18552	1	4465
18553	0	6352
18553	1	3850
18554	0	8251
18554	1	7989
18555	2	690
18556	0	3825
18556	1	287
18557	0	8250
18557	1	287
18558	0	7251
18558	1	287
18559	0	2941
18559	1	3882
18560	0	2636
18560	1	4100
18561	2	547
18562	0	5495
18562	1	3882
18563	0	4790
18563	1	2088
18564	0	6221
18564	1	8154
18565	0	4848
18565	1	7302
18566	0	225
18566	1	6015
18567	2	17
18568	0	2743
18568	1	8551
18569	0	5939
18569	1	8225
18570	2	2208
18571	2	1955
18572	0	7500
18572	1	2148
18573	0	3437
18573	1	56
18574	2	1750
18575	0	4790
18575	1	1065
18576	2	4426
18577	0	6171
18577	1	7295
18578	2	701
18579	2	7091
18580	0	6955
18580	1	6853
18581	0	1895
18581	1	5420
18582	0	7878
18582	1	6767
18583	2	4775
18584	0	5093
18584	1	8368
18585	0	7328
18585	1	510
18586	0	983
18586	1	1285
18587	2	2935
18588	2	2974
18589	2	3568
18590	0	3499
18590	1	3850
18591	0	5495
18591	1	6110
18592	0	223
18592	1	287
18593	0	225
18593	1	5828
18594	2	7410
18595	0	3931
18595	1	283
18596	0	242
18596	1	2148
18597	0	7236
18597	1	3850
18598	2	7924
18599	0	5579
18599	1	6427
18600	2	7004
18601	2	5137
18602	2	6385
18603	0	8281
18603	1	233
18604	0	7620
18604	1	4510
18605	0	5462
18605	1	1930
18606	0	7556
18606	1	3882
18607	0	6011
18607	1	1065
18608	0	1801
18608	1	510
18609	0	8136
18609	1	4100
18610	0	5453
18610	1	2122
18611	0	5784
18611	1	2122
18612	0	7392
18612	1	1969
18613	0	1895
18613	1	5695
18614	2	488
18615	0	7878
18615	1	6199
18616	0	6816
18616	1	1285
18617	0	4212
18617	1	8551
18618	2	1029
18619	0	1895
18619	1	2671
18620	0	2655
18620	1	5986
18621	0	5453
18621	1	3565
18622	0	2439
18622	1	4457
18623	0	7756
18623	1	2761
18624	0	4135
18624	1	3989
18625	0	7137
18625	1	355
18626	2	6838
18627	0	5434
18627	1	2777
18628	0	6011
18628	1	1205
18629	0	3165
18629	1	464
18630	0	8319
18630	1	8465
18631	0	4135
18631	1	7454
18632	0	6337
18632	1	7454
18633	2	6752
18634	0	6337
18634	1	1843
18635	2	4143
18636	2	2390
18637	2	6651
18638	0	4135
18638	1	2122
18639	0	5681
18639	1	804
18640	2	2343
18641	0	5541
18641	1	8403
18642	2	3631
18643	0	8493
18643	1	3860
18644	0	7878
18644	1	742
18645	0	8124
18645	1	742
18646	0	433
18646	1	5394
18647	0	4664
18647	1	5252
18648	0	959
18648	1	6853
18649	0	3381
18649	1	234
18650	0	4135
18650	1	234
18651	2	747
18652	0	8281
18652	1	8465
18653	0	2241
18653	1	8465
18654	0	7620
18654	1	4122
18655	0	6547
18655	1	2122
18656	0	1967
18656	1	2122
18657	0	6138
18657	1	5695
18658	0	2743
18658	1	5695
18659	2	7801
18660	0	6171
18660	1	7951
18661	0	4848
18661	1	2088
18662	2	2832
18663	2	7880
18664	2	2028
18665	0	2706
18665	1	6427
18666	2	420
18667	2	628
18668	0	3601
18668	1	6853
18669	2	8321
18670	0	4302
18670	1	8183
18671	0	3430
18671	1	7419
18672	0	7328
18672	1	8526
18673	0	1672
18673	1	1930
18674	0	2297
18674	1	4465
18675	0	4663
18675	1	5695
18676	2	1976
18677	0	4664
18677	1	3059
18678	2	5419
18679	0	7118
18679	1	1960
18680	2	379
18681	0	5434
18681	1	1065
18682	0	3601
18682	1	6688
18683	2	3426
18684	2	5345
18685	0	223
18685	1	742
18686	2	5042
18687	0	3917
18687	1	4465
18688	2	1523
18689	0	223
18689	1	7509
18690	0	8602
18690	1	3611
18691	0	7697
18691	1	5736
18692	0	2439
18692	1	283
18693	0	3581
18693	1	931
18694	0	3501
18694	1	2355
18695	2	3326
18696	0	254
18696	1	6993
18697	0	5103
18697	1	3729
18698	2	4324
18699	0	7892
18699	1	8137
18700	0	223
18700	1	4230
18701	0	5541
18701	1	6509
18702	2	4218
18703	0	959
18703	1	1968
18704	0	1409
18704	1	1205
18705	0	2100
18705	1	804
18706	0	3825
18706	1	4465
18707	0	4663
18707	1	1960
18708	0	617
18708	1	2808
18709	2	8375
18710	2	1444
18711	2	714
18712	2	2556
18713	0	5337
18713	1	1930
18714	0	6236
18714	1	7424
18715	0	6294
18715	1	6669
18716	0	5337
18716	1	5995
18717	2	2801
18718	0	223
18718	1	2122
18719	0	6353
18719	1	4484
18720	0	1895
18720	1	734
18721	0	2214
18721	1	3956
18722	2	6888
18723	2	5701
18724	2	4734
18725	0	7251
18725	1	8225
18726	0	1254
18726	1	7302
18727	0	2333
18727	1	5995
18728	2	1985
18729	0	4135
18729	1	6853
18730	0	5784
18730	1	1065
18731	0	3601
18731	1	1065
18732	0	2706
18732	1	2148
18733	0	47
18733	1	4639
18734	0	7156
18734	1	4639
18735	0	2399
18735	1	7951
18736	2	1595
18737	2	5031
18738	0	433
18738	1	7771
18739	2	4558
18740	0	2941
18740	1	283
18741	0	5858
18741	1	1372
18742	0	5103
18742	1	1372
18743	0	2278
18743	1	2761
18744	2	1914
18745	0	4833
18745	1	804
18746	0	6732
18746	1	3956
18747	0	7392
18747	1	6767
18748	0	5462
18748	1	4122
18749	2	549
18750	0	1170
18750	1	4221
18751	2	1649
18752	0	3106
18752	1	3780
18753	2	6717
18754	0	6547
18754	1	4100
18755	0	2130
18755	1	7872
18756	0	5337
18756	1	4545
18757	0	2781
18757	1	1413
18758	0	2655
18758	1	1413
18759	0	4135
18759	1	3469
18760	2	8320
18761	2	3230
18762	0	4430
18762	1	4484
18763	0	223
18763	1	5214
18764	0	223
18764	1	8183
18765	2	2186
18766	2	1475
18767	0	2941
18767	1	1930
18768	0	2743
18768	1	1473
18769	0	5541
18769	1	7771
18770	0	3240
18770	1	7739
18771	0	7156
18771	1	1255
18772	0	1258
18772	1	1255
18773	0	286
18773	1	7419
18774	2	2844
18775	0	2577
18775	1	1838
18776	0	4790
18776	1	1413
18777	2	186
18778	2	3533
18779	0	656
18779	1	3956
18780	0	2674
18780	1	5394
18781	2	3458
18782	2	6085
18783	0	7500
18783	1	8551
18784	0	2130
18784	1	6767
18785	0	8644
18785	1	3061
18786	0	4899
18786	1	797
18787	0	919
18787	1	1791
18788	0	4560
18788	1	1560
18789	0	2297
18789	1	56
18790	0	3581
18790	1	4484
18791	0	3027
18791	1	8368
18792	2	243
18793	0	246
18793	1	1473
18794	2	5927
18795	0	7693
18795	1	4230
18796	2	649
18797	2	6484
18798	0	242
18798	1	7509
18799	0	4161
18799	1	1930
18800	0	1474
18800	1	6663
18801	0	6011
18801	1	6993
18802	2	1916
18803	0	7557
18803	1	1930
18804	0	2674
18804	1	7993
18805	0	7328
18805	1	6767
18806	0	6011
18806	1	4744
18807	0	3823
18807	1	4041
18808	0	8644
18808	1	1843
18809	0	5434
18809	1	6718
18810	2	5501
18811	0	656
18811	1	3564
18812	0	7500
18812	1	4484
18813	0	8602
18813	1	233
18814	0	2551
18814	1	3860
18815	0	3601
18815	1	4639
18816	0	8644
18816	1	2909
18817	2	1452
18818	2	3223
18819	0	175
18819	1	1721
18820	0	3704
18820	1	8551
18821	0	2655
18821	1	213
18822	0	246
18822	1	8549
18823	2	1252
18824	2	5654
18825	2	4396
18826	2	5894
18827	0	7328
18827	1	2122
18828	2	3846
18829	0	8319
18829	1	2966
18830	0	6171
18830	1	5798
18831	0	5799
18831	1	5798
18832	0	7500
18832	1	4816
18833	0	6973
18833	1	5500
18834	0	668
18834	1	7872
18835	0	668
18835	1	7951
18836	2	801
18837	0	919
18837	1	5798
18838	0	4759
18838	1	510
18839	0	3106
18839	1	7872
18840	0	223
18840	1	6853
18841	2	3231
18842	0	7292
18842	1	3564
18843	0	47
18843	1	7509
18844	0	2214
18844	1	5539
18845	0	4566
18845	1	688
18846	2	3491
18847	0	2241
18847	1	2777
18848	0	5881
18848	1	1930
18849	0	1672
18849	1	5832
18850	0	1436
18850	1	8227
18851	2	3131
18852	2	5535
18853	2	4919
18854	0	7349
18854	1	1473
18855	0	5487
18855	1	5630
18856	0	959
18856	1	4816
18857	2	2477
18858	0	6973
18858	1	797
18859	2	8235
18860	2	3948
18861	2	4835
18862	2	2225
18863	2	6570
18864	2	3795
18865	2	3185
18866	0	7826
18866	1	797
18867	0	3476
18867	1	8465
18868	0	175
18868	1	1473
18869	2	2328
18870	0	4833
18870	1	7302
18871	0	1170
18871	1	7933
18872	0	3093
18872	1	1843
18873	0	3823
18873	1	1969
18874	0	2130
18874	1	5630
18875	0	1174
18875	1	3860
18876	0	4663
18876	1	1930
18877	2	4701
18878	0	6236
18878	1	5484
18879	2	4505
18880	0	6547
18880	1	3404
18881	0	7813
18881	1	4041
18882	0	6285
18882	1	7904
18883	0	2941
18883	1	4644
18884	0	4103
18884	1	3404
18885	0	1135
18885	1	2536
18886	0	6447
18886	1	6853
18887	0	2636
18887	1	3945
18888	0	5319
18888	1	8225
18889	0	959
18889	1	8225
18890	0	223
18890	1	3565
18891	2	6234
18892	0	3027
18892	1	233
18893	0	242
18893	1	1791
18894	0	7118
18894	1	3469
18895	0	1174
18895	1	3061
18896	0	668
18896	1	2122
18897	0	2674
18897	1	3780
18898	0	6137
18898	1	2355
18899	2	5812
18900	0	47
18900	1	1930
18901	2	1703
18902	0	115
18902	1	6015
18903	2	2688
18904	0	4266
18904	1	4861
18905	0	7349
18905	1	4545
18906	0	1170
18906	1	8225
18907	0	4302
18907	1	6853
18908	0	2100
18908	1	2671
18909	2	2729
18910	2	8340
18911	2	7926
18912	0	2710
18912	1	3860
18913	0	8250
18913	1	7252
18914	0	7349
18914	1	5214
18915	0	403
18915	1	1930
18916	0	7777
18916	1	6993
18917	0	254
18917	1	560
18918	0	5462
18918	1	6596
18919	2	4033
18920	0	2780
18920	1	2169
18921	0	5103
18921	1	5918
18922	0	7874
18922	1	2761
18923	0	7137
18923	1	1960
18924	0	5424
18924	1	6718
18925	2	4989
18926	0	4094
18926	1	6718
18927	0	2092
18927	1	2966
18928	0	2130
18928	1	4545
18929	0	1271
18929	1	560
18930	0	246
18930	1	1274
18931	2	1400
18932	0	6318
18932	1	3469
18933	0	4606
18933	1	3887
18934	2	2569
18935	0	5453
18935	1	6110
18936	0	3862
18936	1	797
18937	2	7237
18938	0	1474
18938	1	797
18939	0	3581
18939	1	8225
18940	0	4430
18940	1	3945
18941	0	7693
18941	1	3469
18942	0	2352
18942	1	8188
18943	0	1508
18943	1	2777
18944	0	2706
18944	1	4639
18945	0	2655
18945	1	4639
18946	0	7416
18946	1	4465
18947	0	3537
18947	1	4457
18948	2	682
18949	0	4899
18949	1	2122
18950	0	6389
18950	1	2088
18951	0	4899
18951	1	8154
18952	2	7530
18953	2	5156
18954	0	4606
18954	1	6427
18955	2	4765
18956	2	351
18957	0	254
18957	1	6920
18958	0	4888
18958	1	5828
18959	2	3196
18960	2	244
18961	0	3704
18961	1	3061
18962	0	6816
18962	1	7424
18963	2	6127
18964	2	1776
18965	2	7002
18966	0	3445
18966	1	3956
18967	2	8329
18968	0	2706
18968	1	1065
18969	2	3994
18970	0	6973
18970	1	8154
18971	2	8422
18972	0	5103
18972	1	3399
18973	0	6547
18973	1	5539
18974	2	1114
18975	0	2636
18975	1	4041
18976	2	5045
18977	0	3917
18977	1	8154
18978	0	3960
18978	1	3244
18979	0	254
18979	1	5178
18980	0	2399
18980	1	1285
18981	0	7809
18981	1	2136
18982	0	6459
18982	1	4230
18983	0	2333
18983	1	1274
18984	0	3917
18984	1	7652
18985	0	2278
18985	1	3860
18986	2	2625
18987	0	2956
18987	1	6718
18988	2	4895
18989	2	8017
18990	2	8094
18991	2	2116
18992	0	6149
18992	1	648
18993	0	7156
18993	1	648
18994	2	3197
18995	0	5434
18995	1	3469
18996	0	2100
18996	1	1205
18997	0	7133
18997	1	7739
18998	0	7328
18998	1	5500
18999	2	4180
19000	0	7921
19000	1	804
19001	2	2573
19002	0	4664
19002	1	1631
19003	2	1548
19004	0	8237
19004	1	1968
19005	0	3327
19005	1	7993
19006	2	5047
19007	0	2956
19007	1	6209
19008	2	6550
19009	2	5540
19010	0	1436
19010	1	7477
19011	0	7350
19011	1	3882
19012	0	1967
19012	1	6575
19013	2	2521
19014	0	6137
19014	1	355
19015	0	6331
19015	1	7509
19016	2	7899
19017	0	5462
19017	1	742
19018	0	3581
19018	1	3117
19019	0	6459
19019	1	6015
19020	0	2311
19020	1	2122
19021	2	2791
19022	2	4868
19023	0	4669
19023	1	4816
19024	0	6352
19024	1	1080
19025	0	7874
19025	1	1080
19026	2	311
19027	2	3639
19028	0	2241
19028	1	4100
19029	0	7156
19029	1	3399
19030	2	7746
19031	2	4796
19032	0	5541
19032	1	8362
19033	0	3960
19033	1	7993
19034	0	6732
19034	1	5832
19035	0	5353
19035	1	5832
19036	2	236
19037	0	2862
19037	1	6718
19038	0	7270
19038	1	3399
19039	2	3035
19040	0	3310
19040	1	7419
19041	2	7297
19042	2	7537
19043	2	4300
19044	0	4113
19044	1	6920
19045	0	3601
19045	1	8225
19046	2	2345
19047	2	1203
19048	0	6547
19048	1	648
19049	0	4135
19049	1	3945
19050	0	6138
19050	1	8227
19051	0	3745
19051	1	7302
19052	0	8409
19052	1	283
19053	2	8147
19054	0	1763
19054	1	5214
19055	2	4363
19056	0	254
19056	1	7454
19057	2	8156
19058	0	1436
19058	1	3989
19059	2	292
19060	2	2037
19061	0	7921
19061	1	3451
19062	0	1508
19062	1	8227
19063	2	3351
19064	2	2645
19065	0	1436
19065	1	3780
19066	0	5103
19066	1	1065
19067	0	2780
19067	1	464
19068	0	8366
19068	1	3611
19069	2	6344
19070	2	935
19071	2	4967
19072	0	8251
19072	1	5567
19073	0	2106
19073	1	5567
19074	0	6526
19074	1	5798
19075	2	343
19076	2	3559
19077	2	1709
19078	0	3870
19078	1	2088
19079	0	1508
19079	1	5760
19080	0	2710
19080	1	5185
19081	0	6240
19081	1	5185
19082	2	4294
19083	0	3825
19083	1	8188
19084	2	2455
19085	0	2956
19085	1	1631
19086	2	6739
19087	2	2114
19088	2	4753
19089	0	2880
19089	1	3117
19090	2	3632
19091	0	5453
19091	1	1473
19092	0	6136
19092	1	3956
19093	0	5353
19093	1	1080
19094	0	3445
19094	1	6927
19095	0	1258
19095	1	7081
19096	0	7500
19096	1	7081
19097	0	2894
19097	1	4644
19098	2	6226
19099	0	5193
19099	1	7951
19100	0	930
19100	1	3244
19101	2	6692
19102	0	7156
19102	1	3850
19103	2	7884
19104	0	5579
19104	1	6110
19105	2	4533
19106	2	1653
19107	0	7328
19107	1	8549
19108	0	2880
19108	1	830
19109	0	8237
19109	1	2122
19110	0	8250
19110	1	830
19111	2	4404
19112	0	2655
19112	1	1843
19113	0	4606
19113	1	5027
19114	0	7416
19114	1	1968
19115	0	3310
19115	1	2966
19116	2	1071
19117	0	7773
19117	1	6669
19118	0	223
19118	1	2148
19119	0	8251
19119	1	6853
19120	0	6011
19120	1	3059
19121	2	8230
19122	0	8393
19122	1	2169
19123	2	740
19124	2	5131
19125	0	3430
19125	1	2966
19126	0	6732
19126	1	4861
19127	0	2956
19127	1	3882
19128	0	7197
19128	1	742
19129	2	3776
19130	2	2913
19131	2	974
19132	2	1625
19133	0	519
19133	1	2169
19134	0	617
19134	1	6853
19135	2	6988
19136	0	14
19136	1	1285
19137	0	6054
19137	1	1285
19138	2	1622
19139	0	6064
19139	1	6718
19140	2	2132
19141	2	120
19142	2	7825
19143	2	3903
19144	0	4212
19144	1	6575
19145	2	4271
19146	0	6171
19146	1	5420
19147	0	3027
19147	1	7509
19148	0	3093
19148	1	830
19149	0	3581
19149	1	233
19150	2	6357
19151	2	5323
19152	0	6285
19152	1	6083
19153	2	8085
19154	2	6061
19155	0	3381
19155	1	7993
19156	2	84
19157	2	4220
19158	0	7921
19158	1	4122
19159	0	3870
19159	1	3061
19160	0	3206
19160	1	7730
19161	0	3960
19161	1	3989
19162	0	2780
19162	1	7989
19163	0	7609
19163	1	3850
19164	0	1148
19164	1	6718
19165	0	6645
19165	1	1838
19166	2	4715
19167	2	595
19168	0	1508
19168	1	6257
19169	0	3581
19169	1	6257
19170	0	8319
19170	1	6853
19171	2	8264
19172	0	8191
19172	1	804
19173	0	4135
19173	1	7730
19174	0	7633
19174	1	7730
19175	2	3738
19176	0	5201
19176	1	3469
19177	2	8099
19178	2	4134
19179	0	2241
19179	1	7419
19180	0	3644
19180	1	1473
19181	0	4060
19181	1	7179
19182	2	1493
19183	0	1254
19183	1	4457
19184	0	6136
19184	1	5500
19185	0	4899
19185	1	6594
19186	0	7876
19186	1	5420
19187	0	3389
19187	1	2117
19188	0	959
19188	1	2671
19189	0	47
19189	1	3956
19190	2	1264
19191	0	3445
19191	1	7419
19192	2	580
19193	0	1739
19193	1	3860
19194	2	4509
19195	0	5453
19195	1	6920
19196	0	1474
19196	1	2755
19197	2	3311
19198	2	3345
19199	2	2618
19200	2	1544
19201	2	620
19202	2	2243
19203	2	1366
19204	0	6459
19204	1	2088
19205	2	6917
19206	2	4023
19207	0	5093
19207	1	5943
19208	0	7653
19208	1	5185
19209	2	3515
19210	2	1922
19211	2	6404
19212	0	2633
19212	1	6718
19213	0	8493
19213	1	6853
19214	0	5468
19214	1	1498
19215	0	7839
19215	1	2012
19216	0	5233
19216	1	2012
19217	0	4642
19217	1	3882
19218	0	93
19218	1	2755
19219	2	6293
19220	0	3452
19220	1	1285
19221	2	6490
19222	0	8237
19222	1	6669
19223	2	2537
19224	2	4575
19225	2	2833
19226	2	2248
19227	0	8237
19227	1	6015
19228	0	5698
19228	1	6853
19229	2	6474
19230	0	8136
19230	1	1285
19231	2	5062
19232	0	6973
19232	1	4030
19233	2	7442
19234	0	3206
19234	1	6767
19235	0	2015
19235	1	6767
19236	0	2780
19236	1	234
19237	2	5607
19238	0	5093
19238	1	3174
19239	0	3445
19239	1	2891
19240	0	6171
19240	1	5500
19241	0	6577
19241	1	6083
19242	0	5462
19242	1	4816
19243	0	246
19243	1	7730
19244	0	2297
19244	1	7730
19245	2	1754
19246	2	3350
19247	0	7392
19247	1	2098
19248	2	1175
19249	0	8237
19249	1	8183
19250	0	47
19250	1	3564
19251	2	1227
19252	2	4287
19253	0	4566
19253	1	7872
19254	0	1801
19254	1	1930
19255	0	403
19255	1	3882
19256	2	5848
19257	0	5103
19257	1	5178
19258	2	7494
19259	0	2214
19259	1	688
19260	2	3830
19261	2	6724
19262	2	2855
19263	0	3389
19263	1	3945
19264	0	7236
19264	1	1969
19265	0	617
19265	1	2761
19266	2	4860
19267	2	571
19268	0	3445
19268	1	2122
19269	0	6138
19269	1	8417
19270	2	5463
19271	0	47
19271	1	355
19272	0	2100
19272	1	1631
19273	2	1573
19274	2	3839
19275	2	480
19276	0	1967
19276	1	6015
19277	0	3310
19277	1	3451
19278	2	7643
19279	2	3827
19280	2	4233
19281	0	6389
19281	1	2966
19282	0	2415
19282	1	1560
19283	0	4822
19283	1	6015
19284	0	2278
19284	1	560
19285	0	3381
19285	1	6794
19286	0	7137
19286	1	3117
19287	0	3327
19287	1	3117
19288	0	2439
19288	1	560
19289	0	3430
19289	1	2122
19290	0	1645
19290	1	5995
19291	2	1314
19292	2	7559
19293	2	1748
19294	0	6889
19294	1	3404
19295	0	1508
19295	1	552
19296	0	8191
19296	1	2808
19297	0	6149
19297	1	5500
19298	0	7758
19298	1	3850
19299	0	3206
19299	1	3451
19300	0	3206
19300	1	5922
19301	0	1508
19301	1	7081
19302	0	3027
19302	1	7081
19303	2	3686
19304	0	5939
19304	1	6718
19305	2	3641
19306	2	5033
19307	0	7197
19307	1	3860
19308	0	1967
19308	1	1960
19309	0	959
19309	1	3564
19310	2	2771
19311	2	7634
19312	0	7118
19312	1	6853
19313	2	5831
19314	0	1271
19314	1	5828
19315	0	7809
19315	1	1075
19316	2	2522
19317	0	7892
19317	1	8183
19318	2	779
19319	0	5468
19319	1	7739
19320	0	6221
19320	1	3780
19321	2	2768
19322	0	223
19322	1	233
19323	2	3872
19324	2	8241
19325	2	322
19326	0	4266
19326	1	3850
19327	2	3466
19328	0	1967
19328	1	3989
19329	0	2015
19329	1	804
19330	0	5573
19330	1	4523
19331	2	6434
19332	0	2880
19332	1	7477
19333	0	2352
19333	1	3780
19334	0	7921
19334	1	4457
19335	2	5728
19336	2	5961
19337	0	983
19337	1	1560
19338	0	2743
19338	1	4523
19339	0	6221
19339	1	4523
19340	0	3445
19340	1	5500
19341	0	2333
19341	1	5803
19342	0	358
19342	1	1205
19343	0	3704
19343	1	7050
19344	0	4060
19344	1	3061
19345	0	3106
19345	1	858
19346	2	5148
19347	0	1508
19347	1	1375
19348	0	2956
19348	1	2117
19349	0	3206
19349	1	5484
19350	2	6541
19351	0	4084
19351	1	283
19352	2	2955
19353	0	1508
19353	1	6428
19354	0	3960
19354	1	1960
19355	0	5858
19355	1	7730
19356	0	6136
19356	1	2808
19357	0	4266
19357	1	8225
19358	2	3620
19359	0	6973
19359	1	5828
19360	2	2952
19361	0	1547
19361	1	5995
19362	0	4669
19362	1	5500
19363	0	6149
19363	1	1080
19364	0	3791
19364	1	5484
19365	0	7156
19365	1	1413
19366	0	930
19366	1	2777
19367	0	8281
19367	1	8417
19368	2	4380
19369	0	2780
19369	1	233
19370	0	4669
19370	1	648
19371	2	4050
19372	0	2092
19372	1	7951
19373	0	174
19373	1	1413
19374	2	2300
19375	2	4057
19376	0	663
19376	1	804
19377	0	6138
19377	1	3399
19378	2	4873
19379	2	3202
19380	0	1474
19380	1	830
19381	0	5093
19381	1	7607
19382	0	3444
19382	1	7607
19383	2	4244
19384	0	4060
19384	1	510
19385	2	6764
19386	0	4790
19386	1	7302
19387	0	4669
19387	1	3564
19388	0	7754
19388	1	3469
19389	0	7328
19389	1	3945
19390	0	3981
19390	1	3945
19391	0	8124
19391	1	4465
19392	0	3420
19392	1	510
19393	0	6054
19393	1	2761
19394	0	1106
19394	1	6718
19395	0	7826
19395	1	5185
19396	0	7137
19396	1	1808
19397	0	433
19397	1	7941
19398	2	1330
19399	0	3075
19399	1	5995
19400	0	4664
19400	1	1274
19401	0	7620
19401	1	7509
19402	0	5434
19402	1	3860
19403	0	5541
19403	1	2203
19404	0	7137
19404	1	2203
19405	0	4606
19405	1	2203
19406	0	2368
19406	1	7739
19407	2	5713
19408	0	7197
19408	1	3469
19409	2	4559
19410	2	471
19411	0	2427
19411	1	7419
19412	0	2780
19412	1	3059
19413	2	3256
19414	0	2214
19414	1	1080
19415	0	2015
19415	1	2808
19416	0	4759
19416	1	1808
19417	2	6118
19418	0	7756
19418	1	5484
19419	0	4664
19419	1	6594
19420	2	6643
19421	2	4739
19422	2	5102
19423	2	8297
19424	0	3327
19424	1	3780
19425	2	1643
19426	0	3151
19426	1	7951
19427	2	4028
19428	2	7946
19429	0	7557
19429	1	233
19430	0	487
19430	1	2761
19431	0	7921
19431	1	1065
19432	0	5573
19432	1	797
19433	0	2957
19433	1	3945
19434	0	2636
19434	1	8551
19435	2	1541
19436	0	6732
19436	1	7419
19437	0	5337
19437	1	73
19438	2	5210
19439	2	8567
19440	2	6482
19441	2	4002
19442	0	3601
19442	1	8154
19443	0	3952
19443	1	6853
19444	0	3444
19444	1	1930
19445	0	4135
19445	1	6669
19446	0	7845
19446	1	6920
19447	0	5562
19447	1	6993
19448	2	5801
19449	0	673
19449	1	4861
19450	2	1641
19451	0	1254
19451	1	1065
19452	2	707
19453	2	1894
19454	0	5193
19454	1	4545
19455	0	7809
19455	1	7637
19456	0	2415
19456	1	7739
19457	0	2214
19457	1	7424
19458	0	3106
19458	1	6575
19459	2	796
19460	0	3626
19460	1	1843
19461	0	7809
19461	1	3887
19462	2	6506
19463	0	2636
19463	1	5798
19464	0	3689
19464	1	3860
19465	2	271
19466	0	4888
19466	1	1498
19467	2	792
19468	0	7826
19468	1	1843
19469	2	261
19470	2	7216
19471	2	6405
19472	0	3601
19472	1	3945
19473	0	5917
19473	1	3860
19474	0	5289
19474	1	2761
19475	0	2636
19475	1	830
19476	0	4046
19476	1	804
19477	0	4822
19477	1	804
19478	0	5103
19478	1	7730
19479	0	673
19479	1	7739
19480	2	6774
19481	2	5637
19482	0	5201
19482	1	355
19483	2	1068
19484	2	575
19485	0	1258
19485	1	8368
19486	0	4663
19486	1	7302
19487	0	47
19487	1	6110
19488	0	6011
19488	1	6663
19489	0	223
19489	1	510
19490	2	1951
19491	0	5495
19491	1	1285
19492	0	246
19492	1	3989
19493	0	3075
19493	1	3565
19494	0	1899
19494	1	3404
19495	0	3825
19495	1	7509
19496	2	2335
19497	2	7110
19498	2	3258
19499	0	7350
19499	1	5922
19500	0	5183
19500	1	3860
19501	0	5183
19501	1	7419
19502	0	5799
19502	1	734
19503	0	1436
19503	1	2671
19504	0	8644
19504	1	4267
19505	2	3448
19506	0	223
19506	1	4030
19507	2	4383
19508	0	590
19508	1	6920
19509	0	3704
19509	1	5539
19510	2	4091
19511	0	5562
19511	1	3945
19512	0	4663
19512	1	6015
19513	0	3275
19513	1	2761
19514	2	5590
19515	0	3106
19515	1	392
19516	0	5541
19516	1	392
19517	2	2317
19518	2	6
19519	0	2773
19519	1	6853
19520	0	7137
19520	1	804
19521	0	225
19521	1	3404
19522	0	5562
19522	1	931
19523	0	4227
19523	1	7951
19524	0	8644
19524	1	8368
19525	2	4403
19526	2	224
19527	2	8453
19528	0	4046
19528	1	7739
19529	0	2577
19529	1	3117
19530	2	4337
19531	2	5951
19532	0	7777
19532	1	4644
19533	2	1046
19534	0	2880
19534	1	6209
19535	0	3791
19535	1	1930
19536	0	4669
19536	1	2808
19537	2	2074
19538	0	5393
19538	1	7739
19539	2	8186
19540	0	3327
19540	1	8227
19541	0	4888
19541	1	7951
19542	0	6447
19542	1	355
19543	0	3430
19543	1	6015
19544	2	6433
19545	0	4790
19545	1	5420
19546	2	100
19547	2	1024
19548	2	5154
19549	2	2951
19550	2	1183
19551	0	7118
19551	1	1843
19552	0	358
19552	1	3860
19553	2	5404
19554	0	2774
19554	1	7904
19555	2	1497
19556	0	1919
19556	1	5500
19557	0	5193
19557	1	234
19558	2	5304
19559	0	115
19559	1	804
19560	0	5698
19560	1	7424
19561	2	3431
19562	0	6526
19562	1	804
19563	2	4183
19564	0	2311
19564	1	7419
19565	0	6236
19565	1	3860
19566	2	7888
19567	0	223
19567	1	7295
19568	2	6873
19569	2	6067
19570	0	3960
19570	1	1274
19571	0	1174
19571	1	2966
19572	2	3237
19573	2	5267
19574	0	3601
19574	1	1791
19575	0	4888
19575	1	5760
19576	2	4470
19577	0	986
19577	1	5484
19578	0	5193
19578	1	5484
19579	0	3151
19579	1	804
19580	0	5319
19580	1	1930
19581	0	7826
19581	1	5214
19582	2	7886
19583	0	3093
19583	1	287
19584	0	5573
19584	1	2649
19585	2	1464
19586	0	4664
19586	1	4457
19587	0	8452
19587	1	2808
19588	2	161
19589	0	1254
19589	1	3469
19590	0	2106
19590	1	742
19591	0	3917
19591	1	742
19592	0	7236
19592	1	1808
19593	0	1967
19593	1	4639
19594	2	4859
19595	0	4212
19595	1	4816
19596	2	2467
19597	0	7921
19597	1	8551
19598	0	7416
19598	1	734
19599	0	2415
19599	1	1413
19600	0	3093
19600	1	1274
19601	0	2743
19601	1	1274
19602	2	1240
19603	0	2956
19603	1	5798
19604	0	3275
19604	1	6718
19605	0	8281
19605	1	7419
19606	0	1508
19606	1	1172
19607	0	553
19607	1	7951
19608	0	4822
19608	1	3860
19609	2	1401
19610	0	986
19610	1	5567
19611	0	6547
19611	1	5922
19612	2	48
19613	2	8116
19614	0	6138
19614	1	1092
19615	0	5233
19615	1	1092
19616	0	4833
19616	1	1960
19617	0	3310
19617	1	5828
19618	0	7809
19618	1	5376
19619	0	3960
19619	1	8526
19620	0	2015
19620	1	1969
19621	0	2655
19621	1	4510
19622	2	2195
19623	2	7119
19624	0	4838
19624	1	3789
19625	0	5139
19625	1	4682
19626	0	4251
19626	1	5185
19627	0	3581
19627	1	2536
19628	2	4154
19629	0	5481
19629	1	5420
19630	2	7969
19631	2	2201
19632	0	5093
19632	1	4230
19633	0	6337
19633	1	392
19634	2	4237
19635	0	6011
19635	1	5567
19636	0	1801
19636	1	5567
19637	0	5579
19637	1	3789
19638	2	4978
19639	2	8380
19640	0	2100
19640	1	648
19641	0	6011
19641	1	2536
19642	0	2743
19642	1	797
19643	2	8259
19644	0	3093
19644	1	8551
19645	0	8237
19645	1	8551
19646	2	684
19647	0	959
19647	1	233
19648	2	1621
19649	0	4663
19649	1	7872
19650	0	1254
19650	1	3564
19651	2	1415
19652	2	8314
19653	0	5881
19653	1	4644
19654	0	3445
19654	1	2579
19655	0	2092
19655	1	1930
19656	0	2415
19656	1	4545
19657	0	2941
19657	1	3061
19658	2	4444
19659	0	242
19659	1	3059
19660	0	5233
19660	1	3059
19661	0	6337
19661	1	1969
19662	2	2839
19663	2	8078
19664	0	5319
19664	1	8154
19665	2	3489
19666	2	7364
19667	0	1508
19667	1	1969
19668	0	7156
19668	1	7302
19669	2	8577
19670	2	852
19671	2	3848
19672	2	4254
19673	0	7609
19673	1	6083
19674	0	5393
19674	1	233
19675	0	5863
19675	1	3945
19676	2	5739
19677	2	7422
19678	2	5175
19679	0	1967
19679	1	6794
19680	2	1978
19681	0	5541
19681	1	5933
19682	0	4161
19682	1	2808
19683	2	7510
19684	2	1343
19685	2	5830
19686	2	7617
19687	2	7682
19688	2	173
19689	0	5579
19689	1	2122
19690	2	2541
19691	0	7156
19691	1	2966
19692	0	2015
19692	1	2148
19693	2	880
19694	2	8611
19695	2	6375
19696	2	6760
19697	0	2015
19697	1	1205
19698	0	8602
19698	1	7739
19699	0	3075
19699	1	2808
19700	0	7809
19700	1	8341
19701	0	893
19701	1	1791
19702	0	1348
19702	1	7739
19703	2	440
19704	2	2022
19705	0	2941
19705	1	392
19706	0	7758
19706	1	392
19707	2	6556
19708	0	2333
19708	1	2355
19709	0	5093
19709	1	8549
19710	0	7292
19710	1	6199
19711	2	6979
19712	0	6149
19712	1	8154
19713	0	8602
19713	1	1969
19714	0	1508
19714	1	392
19715	0	8237
19715	1	7904
19716	2	7385
19717	2	2934
19718	2	2410
19719	2	89
19720	0	4113
19720	1	4578
19721	0	1135
19721	1	6209
19722	2	2530
19723	0	242
19723	1	5995
19724	0	3445
19724	1	5214
19725	0	5579
19725	1	392
19726	0	5579
19726	1	4861
19727	0	6236
19727	1	1473
19728	2	272
19729	0	7620
19729	1	5185
19730	2	6180
19731	2	2096
19732	2	235
19733	0	5193
19733	1	1968
19734	0	246
19734	1	1968
19735	2	5657
19736	2	2526
19737	0	3870
19737	1	3564
19738	2	5479
19739	0	3444
19739	1	3469
19740	2	2200
19741	2	1768
19742	0	6337
19742	1	6853
19743	0	4246
19743	1	6853
19744	2	8579
19745	2	4563
19746	0	1547
19746	1	1285
19747	0	3445
19747	1	7951
19748	0	8237
19748	1	7941
19749	2	4259
19750	2	8513
19751	0	5541
19751	1	7951
19752	0	225
19752	1	4545
19753	0	2368
19753	1	4545
19754	0	2100
19754	1	2777
19755	0	986
19755	1	3399
19756	2	1483
19757	0	3327
19757	1	5539
19758	0	1700
19758	1	6083
19759	0	3093
19759	1	7951
19760	0	5541
19760	1	6299
19761	0	7349
19761	1	6299
19762	0	6221
19762	1	4230
19763	0	7892
19763	1	718
19764	2	7165
19765	0	6137
19765	1	6015
19766	2	6584
19767	0	7365
19767	1	6083
19768	0	3445
19768	1	6557
19769	0	254
19769	1	4578
19770	0	2106
19770	1	5995
19771	2	5110
19772	0	2297
19772	1	7295
19773	0	7777
19773	1	3564
19774	0	7633
19774	1	464
19775	0	5799
19775	1	464
19776	2	397
19777	2	6557
19778	2	896
19779	0	433
19779	1	6146
19780	0	487
19780	1	1968
19781	0	2880
19781	1	7345
19782	2	4814
19783	2	1697
19784	0	919
19784	1	1843
19785	0	6138
19785	1	6099
19786	0	3581
19786	1	7872
19787	0	7292
19787	1	4465
19788	0	2407
19788	1	5695
19789	0	1288
19789	1	4644
19790	2	1755
19791	0	6054
19791	1	6110
19792	0	4430
19792	1	5500
19793	0	1645
19793	1	560
19794	0	4606
19794	1	5918
19795	2	3527
19796	2	5780
19797	2	6619
19798	0	4833
19798	1	7267
19799	2	6424
19800	0	5462
19800	1	5214
19801	2	4766
19802	0	7197
19802	1	1331
19803	0	6795
19803	1	287
19804	2	2348
19805	0	6285
19805	1	3850
19806	0	5573
19806	1	2117
19807	2	5168
19808	2	3804
19809	0	1508
19809	1	3611
19810	0	959
19810	1	3611
19811	0	3327
19811	1	4030
19812	0	2636
19812	1	4030
19813	2	7642
19814	0	6973
19814	1	5995
19815	0	7392
19815	1	5214
19816	2	8233
19817	0	5579
19817	1	7652
19818	0	4664
19818	1	7652
19819	0	3581
19819	1	7652
19820	2	6560
19821	2	1913
19822	0	5448
19822	1	4816
19823	0	5784
19823	1	7302
19824	0	7620
19824	1	1205
19825	0	7892
19825	1	6099
19826	0	6011
19826	1	5832
19827	0	7633
19827	1	1122
19828	2	5235
19829	0	1876
19829	1	2966
19830	0	115
19830	1	2966
19831	0	1254
19831	1	2076
19832	0	2780
19832	1	2076
19833	2	4419
19834	0	4430
19834	1	7077
19835	2	5083
19836	2	1557
19837	2	8138
19838	0	4942
19838	1	6920
19839	2	6317
19840	2	943
19841	0	223
19841	1	7951
19842	0	7878
19842	1	7739
19843	0	433
19843	1	1337
19844	0	7156
19844	1	2755
19845	0	242
19845	1	2755
19846	2	781
19847	0	4663
19847	1	648
19848	2	3369
19849	0	7874
19849	1	6718
19850	0	1508
19850	1	8177
19851	0	6459
19851	1	8177
19852	2	5485
19853	2	7581
19854	2	7722
19855	0	8250
19855	1	799
19856	0	7556
19856	1	2761
19857	2	109
19858	0	7270
19858	1	7607
19859	0	6054
19859	1	6920
19860	0	5881
19860	1	6083
19861	2	7830
19862	2	4804
19863	0	6294
19863	1	688
19864	2	5748
19865	2	4665
19866	2	3216
19867	2	3161
19868	2	6402
19869	2	4773
19870	2	3418
19871	0	2407
19871	1	7872
19872	0	1474
19872	1	6575
19873	0	3106
19873	1	4744
19874	2	1039
19875	2	8483
19876	2	607
19877	0	6459
19877	1	4816
19878	2	6565
19879	0	2706
19879	1	510
19880	0	1170
19880	1	4708
19881	0	3327
19881	1	7872
19882	0	6337
19882	1	5185
19883	0	2001
19883	1	3850
19884	0	919
19884	1	3850
19885	0	6054
19885	1	1413
19886	0	7156
19886	1	297
19887	0	2710
19887	1	2808
19888	2	168
19889	2	4209
19890	0	3106
19890	1	5539
19891	2	5950
19892	0	7912
19892	1	283
19893	2	8377
19894	0	7236
19894	1	7295
19895	0	8250
19895	1	392
19896	2	6755
19897	0	1170
19897	1	6718
19898	2	3836
19899	2	1565
19900	0	358
19900	1	3451
19901	2	3547
19902	0	242
19902	1	7477
19903	0	6331
19903	1	6663
19904	0	7227
19904	1	3860
19905	2	8197
19906	0	893
19906	1	3860
19907	0	8308
19907	1	3059
19908	2	979
19909	2	1466
19910	0	242
19910	1	7240
19911	0	1874
19911	1	6718
19912	0	174
19912	1	4644
19913	2	5997
19914	2	8028
19915	0	4664
19915	1	6794
19916	0	433
19916	1	6794
19917	2	1556
19918	0	6138
19918	1	6257
19919	0	3093
19919	1	1205
19920	0	919
19920	1	2169
19921	0	2106
19921	1	830
19922	0	663
19922	1	1205
19923	2	2643
19924	0	1436
19924	1	5760
19925	0	5353
19925	1	5760
19926	0	5337
19926	1	3061
19927	0	8602
19927	1	1930
19928	2	1534
19929	2	3346
19930	2	4159
19931	0	3206
19931	1	7295
19932	0	5481
19932	1	2966
19933	0	1170
19933	1	1460
19934	0	4664
19934	1	5832
19935	2	7379
19936	2	1441
19937	0	2333
19937	1	6794
19938	0	242
19938	1	8154
19939	0	5462
19939	1	1968
19940	0	6240
19940	1	1080
19941	0	7693
19941	1	4545
19942	0	2407
19942	1	3850
19943	2	7824
19944	2	4163
19945	0	5093
19945	1	3882
19946	0	2297
19946	1	2966
19947	2	2612
19948	2	3292
19949	0	4790
19949	1	1791
19950	0	5541
19950	1	799
19951	2	2287
19952	2	5699
19953	0	7197
19953	1	8188
19954	0	4790
19954	1	7951
19955	0	3020
19955	1	648
19956	2	7089
19957	2	3409
19958	0	2130
19958	1	1968
19959	0	8036
19959	1	2966
19960	2	4045
19961	0	6138
19961	1	7951
19962	2	5587
19963	0	1258
19963	1	1960
19964	2	868
19965	0	5337
19965	1	86
19966	2	5199
19967	2	4292
19968	2	520
19969	0	4822
19969	1	7419
19970	0	3517
19970	1	2117
19971	0	7328
19971	1	7951
19972	0	7839
19972	1	2777
19973	2	2157
19974	0	6054
19974	1	5539
19975	0	2404
19975	1	6083
19976	0	6171
19976	1	5832
19977	2	449
19978	0	8602
19978	1	4861
19979	0	7693
19979	1	3860
19980	0	3791
19980	1	2808
19981	0	6331
19981	1	392
19982	0	8035
19982	1	1285
19983	2	4917
19984	0	7809
19984	1	7345
19985	0	5562
19985	1	7345
19986	0	7270
19986	1	7345
19987	0	6136
19987	1	3564
19988	0	2001
19988	1	5943
19989	0	8602
19989	1	5539
19990	0	5541
19990	1	6209
19991	0	7156
19991	1	6209
19992	0	3499
19992	1	2148
19993	2	4524
19994	0	4899
19994	1	3451
19995	0	617
19995	1	8465
19996	0	5241
19996	1	6083
19997	0	1672
19997	1	8465
19998	2	2033
19999	2	7780
20000	0	617
20000	1	3404
20001	2	2555
20002	0	663
20002	1	4465
20003	0	2743
20003	1	4465
20004	0	8602
20004	1	6110
20005	2	8500
20006	0	4888
20006	1	1973
20007	0	5193
20007	1	4510
20008	0	5562
20008	1	1960
20009	0	5061
20009	1	510
20010	0	93
20010	1	3469
20011	2	2901
20012	0	1899
20012	1	283
20013	2	4944
20014	0	2574
20014	1	7739
20015	0	656
20015	1	392
20016	0	3327
20016	1	6993
20017	2	942
20018	0	919
20018	1	5500
20019	2	1471
20020	2	1527
20021	0	8191
20021	1	7904
20022	2	4820
20023	0	5353
20023	1	6594
20024	0	5233
20024	1	1205
20025	0	4790
20025	1	2012
20026	2	7122
20027	2	7032
20028	0	4790
20028	1	8227
20029	0	4135
20029	1	734
20030	0	6054
20030	1	6853
20031	0	1912
20031	1	5249
20032	0	5103
20032	1	2122
20033	0	2415
20033	1	4100
20034	0	1135
20034	1	6669
20035	0	5462
20035	1	4861
20036	0	4135
20036	1	4861
20037	0	2100
20037	1	6199
20038	0	3960
20038	1	7951
20039	0	7826
20039	1	1080
20040	0	3870
20040	1	3945
20041	2	6151
20042	0	7156
20042	1	4578
20043	0	175
20043	1	6110
20044	0	223
20044	1	4545
20045	0	5103
20045	1	6993
20046	0	8644
20046	1	5420
20047	2	8206
20048	0	6294
20048	1	2012
20049	0	6236
20049	1	7739
20050	0	433
20050	1	4248
20051	2	521
20052	0	6447
20052	1	6110
20053	0	7912
20053	1	7424
20054	0	6054
20054	1	5828
20055	0	5784
20055	1	4545
20056	0	7878
20056	1	5394
20057	0	2130
20057	1	5394
20058	0	115
20058	1	4545
20059	0	3823
20059	1	1808
20060	0	6236
20060	1	3565
20061	2	8309
20062	0	8250
20062	1	5433
20063	0	1258
20063	1	1274
20064	0	52
20064	1	283
20065	0	4669
20065	1	1843
20066	0	7756
20066	1	6015
20067	2	7895
20068	0	4060
20068	1	3244
20069	0	2743
20069	1	6669
20070	2	6078
20071	2	6438
20072	2	5853
20073	0	2368
20073	1	3860
20074	0	6236
20074	1	2012
20075	0	1185
20075	1	7509
20076	0	6137
20076	1	6575
20077	0	3601
20077	1	7989
20078	2	902
20079	0	3823
20079	1	1255
20080	0	3106
20080	1	3244
20081	2	5755
20082	0	2710
20082	1	2117
20083	0	7556
20083	1	4072
20084	0	2130
20084	1	1969
20085	0	358
20085	1	2169
20086	0	2404
20086	1	3956
20087	0	2995
20087	1	3469
20088	2	3702
20089	2	3406
20090	2	1972
20091	2	6082
20092	0	600
20092	1	2088
20093	0	8602
20093	1	7771
20094	0	8493
20094	1	2088
20095	0	8351
20095	1	3860
20096	0	115
20096	1	2777
20097	0	4251
20097	1	4230
20098	0	4251
20098	1	7050
20099	2	4256
20100	2	8398
20101	0	8237
20101	1	8154
20102	0	3327
20102	1	8154
20103	0	3870
20103	1	2755
20104	0	339
20104	1	3989
20105	2	6174
20106	2	3760
20107	0	115
20107	1	6110
20108	0	5353
20108	1	7771
20109	0	7809
20109	1	6914
20110	0	959
20110	1	5539
20111	0	5453
20111	1	718
20112	0	3381
20112	1	6669
20113	0	1436
20113	1	8154
20114	0	1763
20114	1	6015
20115	2	404
20116	0	5434
20116	1	6015
20117	2	753
20118	0	1436
20118	1	3117
20119	0	3165
20119	1	234
20120	2	4491
20121	0	3075
20121	1	4578
20122	2	6862
20123	0	7349
20123	1	3117
20124	0	7156
20124	1	7951
20125	0	6973
20125	1	7951
20126	0	7878
20126	1	1205
20127	0	5093
20127	1	234
20128	0	5233
20128	1	234
20129	2	3218
20130	0	5061
20130	1	6199
20131	0	7137
20131	1	8465
20132	0	2130
20132	1	6914
20133	2	4371
20134	0	4888
20134	1	5539
20135	0	254
20135	1	3059
20136	2	7708
20137	0	2655
20137	1	2755
20138	0	2399
20138	1	283
20139	0	8602
20139	1	718
20140	2	259
20141	0	3206
20141	1	4578
20142	2	6363
20143	0	2551
20143	1	6083
20144	2	840
20145	2	2528
20146	0	4888
20146	1	2117
20147	0	6337
20147	1	830
20148	2	7868
20149	2	7107
20150	2	4377
20151	0	7328
20151	1	5484
20152	0	7137
20152	1	2012
20153	2	4451
20154	2	6272
20155	0	7620
20155	1	1375
20156	0	2941
20156	1	6853
20157	2	1946
20158	2	305
20159	0	2204
20159	1	2169
20160	0	6547
20160	1	3882
20161	0	4302
20161	1	1285
20162	0	7809
20162	1	1896
20163	2	3707
20164	0	8493
20164	1	560
20165	0	332
20165	1	560
20166	0	3791
20166	1	4816
20167	0	3581
20167	1	7477
20168	2	7994
20169	0	4737
20169	1	1473
20170	0	5579
20170	1	6199
20171	0	6732
20171	1	6199
20172	2	7144
20173	2	5105
20174	0	6331
20174	1	3451
20175	0	7156
20175	1	6257
20176	2	5809
20177	2	2211
20178	0	4212
20178	1	6015
20179	2	7925
20180	2	5474
20181	0	5799
20181	1	7872
20182	2	7063
20183	0	7912
20183	1	5995
20184	2	7265
20185	2	3928
20186	2	6296
20187	2	3167
20188	0	5193
20188	1	7295
20189	0	6816
20189	1	510
20190	2	8597
20191	0	3823
20191	1	7739
20192	2	2763
20193	0	3381
20193	1	7730
20194	2	4178
20195	2	2198
20196	0	5453
20196	1	355
20197	0	3601
20197	1	7904
20198	2	7988
20199	0	656
20199	1	5539
20200	0	7832
20200	1	6853
20201	0	2108
20201	1	3882
20202	2	625
20203	0	6973
20203	1	2117
20204	0	2204
20204	1	560
20205	2	5488
20206	0	2311
20206	1	233
20207	0	4135
20207	1	1631
20208	0	3501
20208	1	6718
20209	0	7416
20209	1	3945
20210	2	3410
20211	0	7350
20211	1	8188
20212	0	2333
20212	1	234
20213	0	8602
20213	1	3945
20214	2	4931
20215	0	5573
20215	1	6920
20216	0	5093
20216	1	5500
20217	2	3464
20218	2	3834
20219	0	2743
20219	1	1960
20220	2	8244
20221	0	403
20221	1	7419
20222	0	5858
20222	1	734
20223	0	242
20223	1	734
20224	2	6071
20225	0	2015
20225	1	8465
20226	2	7171
20227	2	4219
20228	0	1135
20228	1	5214
20229	0	3075
20229	1	8154
20230	0	5337
20230	1	1413
20231	0	7416
20231	1	3061
20232	2	5505
20233	0	7416
20233	1	7424
20234	0	3870
20234	1	7424
20235	2	3064
20236	0	1578
20236	1	734
20237	2	992
20238	2	121
20239	0	4084
20239	1	6083
20240	2	2068
20241	0	6136
20241	1	4861
20242	0	2297
20242	1	734
20243	0	2655
20243	1	3472
20244	0	7697
20244	1	5539
20245	0	7416
20245	1	464
20246	2	3962
20247	0	893
20247	1	2761
20248	0	2015
20248	1	688
20249	0	668
20249	1	3860
20250	2	865
20251	2	1607
20252	0	6136
20252	1	3850
20253	0	5103
20253	1	5630
20254	0	656
20254	1	8177
20255	2	1417
20256	2	7894
20257	0	2773
20257	1	1080
20258	2	7308
20259	2	8628
20260	2	8160
20261	0	3075
20261	1	6853
20262	0	6084
20262	1	7232
20263	0	3165
20263	1	4122
20264	0	893
20264	1	688
20265	2	2323
20266	0	93
20266	1	7739
20267	2	6617
20268	2	834
20269	0	4084
20269	1	858
20270	2	6128
20271	0	5434
20271	1	1255
20272	2	5026
20273	0	3704
20273	1	3611
20274	0	7227
20274	1	8188
20275	2	1234
20276	0	4822
20276	1	2777
20277	0	4642
20277	1	4230
20278	0	1679
20278	1	7872
20279	0	8644
20279	1	4545
20280	2	1830
20281	0	6447
20281	1	1205
20282	0	5434
20282	1	6853
20283	2	1525
20284	0	4899
20284	1	7872
20285	0	8237
20285	1	1631
20286	0	403
20286	1	7730
20287	2	3589
20288	0	5353
20288	1	8177
20289	0	5698
20289	1	6575
20290	0	1508
20290	1	1498
20291	0	403
20291	1	3117
20292	0	4642
20292	1	8188
20293	0	6318
20293	1	3945
20294	2	6811
20295	0	986
20295	1	2761
20296	0	7921
20296	1	5933
20297	0	668
20297	1	373
20298	2	8203
20299	2	1368
20300	2	485
20301	2	6530
20302	2	7787
20303	2	441
20304	0	7270
20304	1	5630
20305	0	7633
20305	1	5630
20306	0	878
20306	1	464
20307	0	1967
20307	1	7872
20308	2	6559
20309	2	776
20310	0	5698
20310	1	510
20311	0	6337
20311	1	4100
20312	0	673
20312	1	1930
20313	0	5241
20313	1	7730
20314	0	1254
20314	1	3989
20315	0	3027
20315	1	3117
20316	0	3327
20316	1	6794
20317	0	5462
20317	1	6794
20318	0	7620
20318	1	734
20319	0	6352
20319	1	5539
20320	0	5061
20320	1	3860
20321	0	5353
20321	1	4465
20322	2	3531
20323	0	286
20323	1	3956
20324	0	6138
20324	1	4457
20325	0	4833
20325	1	830
20326	0	8443
20326	1	283
20327	0	2743
20327	1	5214
20328	0	6136
20328	1	858
20329	2	6382
20330	0	5939
20330	1	3244
20331	2	5751
20332	0	5453
20332	1	1968
20333	0	1508
20333	1	7454
20334	0	5462
20334	1	7454
20335	0	7349
20335	1	8188
20336	0	6011
20336	1	6947
20337	0	6973
20337	1	3860
20338	0	878
20338	1	3404
20339	0	3553
20339	1	6718
20340	2	1627
20341	0	47
20341	1	1631
20342	2	6437
20343	0	3517
20343	1	3882
20344	2	6665
20345	0	6221
20345	1	3451
20346	0	8281
20346	1	1930
20347	0	6889
20347	1	5539
20348	2	3554
20349	0	6732
20349	1	3989
20350	0	2130
20350	1	7904
20351	0	4663
20351	1	7904
20352	0	3327
20352	1	1969
20353	0	1967
20353	1	1969
20354	2	6419
20355	2	5896
20356	0	2311
20356	1	7904
20357	0	1895
20357	1	4457
20358	2	5333
20359	0	1436
20359	1	1960
20360	2	5251
20361	2	6040
20362	2	1069
20363	0	4060
20363	1	1092
20364	2	8011
20365	0	5468
20365	1	804
20366	0	2636
20366	1	5539
20367	0	115
20367	1	510
20368	0	4046
20368	1	6669
20369	0	2015
20369	1	7730
20370	2	2235
20371	2	8068
20372	0	5541
20372	1	1438
20373	0	2710
20373	1	4100
20374	0	5462
20374	1	6427
20375	0	1672
20375	1	6427
20376	0	5453
20376	1	7295
20377	2	1244
20378	2	1686
20379	2	2316
20380	2	2976
20381	2	5269
20382	0	7328
20382	1	5420
20383	2	8484
20384	2	1921
20385	0	663
20385	1	3850
20386	0	8366
20386	1	7739
20387	0	6011
20387	1	4041
20388	0	1248
20388	1	4545
20389	0	4664
20389	1	233
20390	0	2368
20390	1	3850
20391	0	5233
20391	1	4041
20392	0	2001
20392	1	6083
20393	0	4833
20393	1	6821
20394	2	4529
20395	0	4833
20395	1	1786
20396	0	3960
20396	1	5567
20397	2	4410
20398	0	339
20398	1	797
20399	2	113
20400	0	2870
20400	1	6015
20401	0	8216
20401	1	797
20402	0	2636
20402	1	2122
20403	0	4430
20403	1	6015
20404	0	893
20404	1	1285
20405	0	6577
20405	1	5828
20406	2	2767
20407	2	1729
20408	0	115
20408	1	7730
20409	0	5093
20409	1	1631
20410	0	5468
20410	1	3945
20411	2	5632
20412	2	1111
20413	2	4760
20414	0	2415
20414	1	5185
20415	2	723
20416	2	2293
20417	2	3541
20418	0	3389
20418	1	7295
20419	2	3391
20420	2	2988
20421	0	7156
20421	1	3860
20422	2	994
20423	0	1170
20423	1	3271
20424	2	5362
20425	0	3917
20425	1	4457
20426	0	6294
20426	1	6663
20427	0	8237
20427	1	4578
20428	0	6447
20428	1	283
20429	0	6337
20429	1	5995
20430	0	2204
20430	1	797
20431	0	4560
20431	1	3850
20432	0	959
20432	1	3860
20433	0	14
20433	1	2761
20434	2	3133
20435	0	7777
20435	1	7730
20436	0	5858
20436	1	804
20437	2	3518
20438	2	3229
20439	0	1899
20439	1	7989
20440	0	225
20440	1	1808
20441	2	5948
20442	0	1174
20442	1	1274
20443	0	639
20443	1	2761
20444	0	7878
20444	1	1187
20445	2	4530
20446	2	4035
20447	0	6221
20447	1	1808
20448	2	8424
20449	0	1170
20449	1	8377
20450	2	2812
20451	0	7118
20451	1	2122
20452	0	1895
20452	1	8551
20453	2	2406
20454	0	3027
20454	1	1930
20455	2	6345
20456	0	1508
20456	1	5433
20457	0	2106
20457	1	6794
20458	0	7921
20458	1	7454
20459	0	2015
20459	1	4457
20460	0	4266
20460	1	1930
20461	0	4942
20461	1	1930
20462	0	5468
20462	1	2122
20463	2	3688
20464	2	1292
20465	2	443
20466	2	1019
20467	0	2427
20467	1	283
20468	0	6973
20468	1	510
20469	0	8281
20469	1	3956
20470	0	4507
20470	1	3451
20471	0	2241
20471	1	4510
20472	0	1258
20472	1	464
20473	2	6245
20474	2	250
20475	2	7047
20476	0	3823
20476	1	4465
20477	0	7633
20477	1	6876
20478	2	2330
20479	2	7246
20480	0	6054
20480	1	4639
20481	0	254
20481	1	3945
20482	0	1895
20482	1	2012
20483	0	286
20483	1	2012
20484	2	2250
20485	0	6137
20485	1	2966
20486	0	1508
20486	1	5798
20487	0	3823
20487	1	8188
20488	0	656
20488	1	6853
20489	0	2130
20489	1	2122
20490	2	2770
20491	0	6353
20491	1	4263
20492	0	6138
20492	1	8183
20493	0	4060
20493	1	7509
20494	0	4669
20494	1	7509
20495	0	7197
20495	1	6575
20496	0	1508
20496	1	2222
20497	2	1310
20498	2	1813
20499	0	3075
20499	1	5420
20500	2	2089
20501	0	8644
20501	1	8188
20502	0	6816
20502	1	3061
20503	0	7118
20503	1	1065
20504	0	7156
20504	1	1065
20505	2	1731
20506	2	7436
20507	2	757
20508	0	3960
20508	1	4639
20509	0	4135
20509	1	4510
20510	0	4833
20510	1	8014
20511	0	1508
20511	1	2148
20512	2	6796
20513	2	3947
20514	2	1517
20515	0	7878
20515	1	931
20516	0	1135
20516	1	2076
20517	0	1645
20517	1	2088
20518	0	1409
20518	1	3565
20519	0	93
20519	1	8177
20520	2	6659
20521	0	2311
20521	1	8177
20522	0	223
20522	1	518
20523	0	6732
20523	1	1808
20524	2	6409
20525	2	3004
20526	2	7039
20527	0	5201
20527	1	804
20528	2	981
20529	0	4759
20529	1	6853
20530	2	7799
20531	2	3204
20532	0	7156
20532	1	411
20533	0	7292
20533	1	3989
20534	0	7350
20534	1	1631
20535	2	2711
20536	0	2106
20536	1	7477
20537	0	5241
20537	1	804
20538	0	4899
20538	1	8368
20539	0	5468
20539	1	1969
20540	0	4606
20540	1	4072
20541	2	4445
20542	2	163
20543	0	6955
20543	1	3945
20544	0	7756
20544	1	4457
20545	0	7118
20545	1	4030
20546	0	6331
20546	1	5832
20547	0	4888
20547	1	3945
20548	0	919
20548	1	6669
20549	0	7839
20549	1	858
20550	0	6138
20550	1	1159
20551	2	8254
20552	0	930
20552	1	7295
20553	2	3280
20554	0	2311
20554	1	3729
20555	0	5233
20555	1	3729
20556	2	1869
20557	0	5573
20557	1	648
20558	2	2193
20559	2	1835
20560	0	7878
20560	1	2122
20561	2	977
20562	2	7757
20563	0	893
20563	1	5420
20564	0	1106
20564	1	560
20565	0	6221
20565	1	6767
20566	0	3445
20566	1	6199
20567	0	6294
20567	1	3061
20568	2	302
20569	2	6812
20570	0	6294
20570	1	3945
20571	2	258
20572	0	2130
20572	1	7477
20573	2	3134
20574	0	2015
20574	1	7424
20575	0	6352
20575	1	2777
20576	2	1027
20577	0	617
20577	1	8154
20578	0	2415
20578	1	1285
20579	0	3165
20579	1	734
20580	0	4899
20580	1	6656
20581	0	6221
20581	1	8551
20582	0	2297
20582	1	7081
20583	0	3381
20583	1	2169
20584	0	5093
20584	1	4510
20585	0	7416
20585	1	5798
20586	0	5353
20586	1	931
20587	0	5434
20587	1	2614
20588	2	634
20589	2	32
20590	0	8191
20590	1	5798
20591	2	2371
20592	0	1474
20592	1	5185
20593	2	399
20594	2	3636
20595	2	4829
20596	0	242
20596	1	8183
20597	2	724
20598	0	7839
20598	1	7730
20599	2	4508
20600	0	8443
20600	1	3729
20601	2	2401
20602	2	5749
20603	0	7545
20603	1	6718
20604	0	7754
20604	1	5484
20605	0	4833
20605	1	1721
20606	0	6331
20606	1	1274
20607	0	223
20607	1	6015
20608	2	5466
20609	2	3881
20610	2	3949
20611	0	6547
20611	1	5185
20612	0	4669
20612	1	3729
20613	0	242
20613	1	830
20614	2	1974
20615	2	4963
20616	0	5863
20616	1	6110
20617	0	2941
20617	1	5484
20618	0	6011
20618	1	1255
20619	0	3206
20619	1	5539
20620	0	8265
20620	1	3850
20621	0	2404
20621	1	2169
20622	0	7912
20622	1	7739
20623	0	242
20623	1	355
20624	0	6973
20624	1	7637
20625	2	70
20626	0	2015
20626	1	6110
20627	2	6220
20628	2	4001
20629	2	347
20630	2	6498
20631	0	3501
20631	1	5500
20632	0	5434
20632	1	4230
20633	2	8048
20634	0	2001
20634	1	6993
20635	0	3337
20635	1	830
20636	0	8443
20636	1	1808
20637	2	855
20638	2	2516
20639	0	1899
20639	1	7730
20640	0	3430
20640	1	1631
20641	2	1504
20642	0	2333
20642	1	2148
20643	0	6294
20643	1	7424
20644	0	6285
20644	1	1560
20645	0	3870
20645	1	1560
20646	2	2460
20647	0	2108
20647	1	3469
20648	2	7298
20649	0	703
20649	1	1808
20650	0	6285
20650	1	7730
20651	0	4266
20651	1	2088
20652	0	358
20652	1	4506
20653	0	7416
20653	1	2614
20654	2	1424
20655	0	1170
20655	1	8188
20656	2	7896
20657	0	7609
20657	1	1843
20658	0	3581
20658	1	1285
20659	0	4318
20659	1	510
20660	0	6318
20660	1	560
20661	0	7132
20661	1	560
20662	2	2079
20663	0	2780
20663	1	7607
20664	0	7392
20664	1	7424
20665	0	8281
20665	1	5185
20666	0	2636
20666	1	7424
20667	0	2352
20667	1	2122
20668	0	3499
20668	1	1413
20669	2	738
20670	0	3862
20670	1	2122
20671	0	3075
20671	1	858
20672	2	2048
20673	2	3334
20674	0	5093
20674	1	7730
20675	0	986
20675	1	7730
20676	2	4610
20677	0	1739
20677	1	931
20678	0	2743
20678	1	3945
20679	0	2780
20679	1	7951
20680	2	7347
20681	0	7833
20681	1	8368
20682	0	5233
20682	1	3061
20683	2	8534
20684	2	7853
20685	0	6138
20685	1	5918
20686	0	3445
20686	1	2076
20687	0	3420
20687	1	560
20688	0	2743
20688	1	6257
20689	2	280
20690	2	1871
20691	2	4549
20692	0	7833
20692	1	7509
20693	2	6186
20694	0	1801
20694	1	6669
20695	0	403
20695	1	1413
20696	0	1739
20696	1	2761
20697	0	3381
20697	1	830
20698	0	5468
20698	1	830
20699	2	1585
20700	2	8535
20701	0	8124
20701	1	6199
20702	0	3823
20702	1	6083
20703	0	8124
20703	1	3945
20704	0	2214
20704	1	5828
20705	2	3739
20706	0	1170
20706	1	3451
20707	0	5541
20707	1	3648
20708	0	1672
20708	1	4578
20709	2	6629
20710	0	8250
20710	1	6406
20711	0	3601
20711	1	5185
20712	2	4554
20713	2	1040
20714	0	6285
20714	1	8225
20715	2	3257
20716	0	5233
20716	1	7637
20717	2	7812
20718	0	2333
20718	1	5798
20719	0	6447
20719	1	5185
20720	0	8602
20720	1	4644
20721	0	4663
20721	1	1560
20722	0	4848
20722	1	8465
20723	2	4797
20724	2	3857
20725	2	915
20726	2	5366
20727	2	7071
20728	0	4629
20728	1	4644
20729	0	7912
20729	1	4465
20730	2	7685
20731	0	7416
20731	1	5420
20732	2	6847
20733	0	5174
20733	1	4100
20734	0	7500
20734	1	7179
20735	0	4135
20735	1	6663
20736	0	6447
20736	1	3565
20737	0	2015
20737	1	5500
20738	2	5348
20739	0	7328
20739	1	6853
20740	0	47
20740	1	797
20741	0	6138
20741	1	5798
20742	0	225
20742	1	8551
20743	2	6435
20744	0	2297
20744	1	5828
20745	0	5541
20745	1	8273
20746	0	2311
20746	1	648
20747	0	1174
20747	1	725
20748	0	7892
20748	1	6427
20749	0	2100
20749	1	6427
20750	0	7693
20750	1	6427
20751	2	1938
20752	0	2504
20752	1	1285
20753	2	4088
20754	0	6236
20754	1	8368
20755	2	8247
20756	0	1967
20756	1	2088
20757	0	5201
20757	1	858
20758	0	2774
20758	1	1285
20759	0	242
20759	1	8368
20760	0	7392
20760	1	4545
20761	2	2086
20762	0	668
20762	1	4816
20763	0	3917
20763	1	6427
20764	0	3075
20764	1	6299
20765	0	4888
20765	1	4030
20766	0	5767
20766	1	7419
20767	0	600
20767	1	6663
20768	2	2277
20769	0	8191
20769	1	5736
20770	0	2333
20770	1	4465
20771	0	7156
20771	1	5832
20772	2	5307
20773	2	1281
20774	0	6138
20774	1	3059
20775	2	773
20776	0	668
20776	1	7509
20777	0	6973
20777	1	5760
20778	0	7137
20778	1	8551
20779	0	1801
20779	1	4457
20780	0	1895
20780	1	1560
20781	0	4560
20781	1	287
20782	0	115
20782	1	5185
20783	2	7766
20784	0	7912
20784	1	2671
20785	2	5098
20786	0	2415
20786	1	648
20787	0	2710
20787	1	648
20788	2	3817
20789	0	983
20789	1	3564
20790	2	2938
20791	2	1219
20792	0	223
20792	1	7302
20793	0	4060
20793	1	3564
20794	0	1170
20794	1	4644
20795	2	4253
20796	0	7328
20796	1	4578
20797	2	1015
20798	0	7813
20798	1	931
20799	0	5174
20799	1	931
20800	0	1436
20800	1	797
20801	2	8139
20802	0	6149
20802	1	4644
20803	2	1108
20804	0	4663
20804	1	464
20805	0	7251
20805	1	8526
20806	0	8644
20806	1	3059
20807	0	5353
20807	1	1092
20808	0	7118
20808	1	1092
20809	0	8602
20809	1	392
20810	0	600
20810	1	8227
20811	0	2917
20811	1	233
20812	0	4094
20812	1	283
20813	0	6136
20813	1	6015
20814	0	1174
20814	1	7739
20815	0	1547
20815	1	6718
20816	0	4642
20816	1	7295
20817	0	2917
20817	1	2761
20818	0	7137
20818	1	7419
20819	0	8602
20819	1	2169
20820	2	8166
20821	2	3754
20822	0	5093
20822	1	6594
20823	0	1672
20823	1	5484
20824	0	7557
20824	1	3956
20825	0	3327
20825	1	2536
20826	0	5093
20826	1	8225
20827	0	7349
20827	1	1791
20828	2	5969
20829	2	3715
20830	0	6423
20830	1	2088
20831	0	1258
20831	1	5995
20832	0	3337
20832	1	7739
20833	0	8602
20833	1	2076
20834	0	735
20834	1	1930
20835	2	5614
20836	0	1763
20836	1	283
20837	0	7697
20837	1	3399
20838	2	1878
20839	0	3075
20839	1	1080
20840	0	8366
20840	1	8549
20841	0	5579
20841	1	718
20842	2	5399
20843	0	617
20843	1	6669
20844	0	7697
20844	1	1969
20845	0	2015
20845	1	2614
20846	2	6845
20847	2	5503
20848	0	5698
20848	1	6226
20849	0	6011
20849	1	3061
20850	0	4822
20850	1	2088
20851	0	1490
20851	1	6663
20852	0	2743
20852	1	5922
20853	0	8644
20853	1	6160
20854	0	1248
20854	1	560
20855	2	5676
20856	0	7620
20856	1	5500
20857	0	2015
20857	1	7872
20858	0	6143
20858	1	6718
20859	2	95
20860	2	8454
20861	2	3066
20862	0	6171
20862	1	283
20863	2	7854
20864	0	2941
20864	1	6663
20865	0	5319
20865	1	287
20866	0	4046
20866	1	5995
20867	0	4251
20867	1	7739
20868	0	919
20868	1	1080
20869	2	2845
20870	0	930
20870	1	3850
20871	0	339
20871	1	2088
20872	2	2610
20873	0	8443
20873	1	7419
20874	0	7229
20874	1	4545
20875	2	824
20876	2	4683
20877	2	4658
20878	0	5799
20878	1	3956
20879	0	4790
20879	1	3564
20880	2	5206
20881	0	1895
20881	1	6594
20882	0	286
20882	1	5500
20883	0	6221
20883	1	3729
20884	0	3381
20884	1	7477
20885	0	6136
20885	1	1930
20886	2	6094
20887	2	308
20888	2	4940
20889	2	2084
20890	2	6686
20891	0	6135
20891	1	3850
20892	0	2577
20892	1	4578
20893	0	2710
20893	1	2761
20894	0	6479
20894	1	3850
20895	0	1801
20895	1	6015
20896	2	6041
20897	2	6126
20898	2	1933
20899	0	5434
20899	1	8225
20900	0	47
20900	1	5214
20901	0	3106
20901	1	518
20902	0	4663
20902	1	355
20903	2	1496
20904	0	4642
20904	1	931
20905	2	8131
20906	0	7826
20906	1	6993
20907	0	1436
20907	1	4457
20908	0	919
20908	1	4457
20909	0	2941
20909	1	5506
20910	2	1613
20911	0	3084
20911	1	4644
20912	0	8036
20912	1	3404
20913	0	5487
20913	1	1285
20914	2	8095
20915	2	1806
20916	0	2311
20916	1	5933
20917	0	2674
20917	1	5933
20918	2	8346
20919	0	4560
20919	1	2966
20920	0	5462
20920	1	4639
20921	0	7758
20921	1	1808
20922	0	1899
20922	1	1808
20923	2	4821
20924	0	5093
20924	1	4041
20925	2	7317
20926	0	174
20926	1	7739
20927	2	4208
20928	0	5814
20928	1	4465
20929	0	4302
20929	1	8154
20930	0	5462
20930	1	6993
20931	0	1899
20931	1	5695
20932	2	5238
20933	0	7557
20933	1	2117
20934	0	3960
20934	1	6663
20935	0	5698
20935	1	5185
20936	2	5688
20937	0	7292
20937	1	8154
20938	0	3151
20938	1	8154
20939	0	4046
20939	1	6794
20940	2	2063
20941	2	5106
20942	2	4880
20943	0	4664
20943	1	5905
20944	2	1164
20945	0	4663
20945	1	234
20946	0	1436
20946	1	234
20947	2	4627
20948	0	1989
20948	1	2755
20949	0	7416
20949	1	3469
20950	0	1174
20950	1	4545
20951	0	8250
20951	1	2148
20952	2	1761
20953	2	2324
20954	2	533
20955	0	4430
20955	1	7904
20956	2	3592
20957	2	6856
20958	0	3327
20958	1	7486
20959	0	4430
20959	1	560
20960	2	4676
20961	0	7132
20961	1	5798
20962	0	4899
20962	1	4816
20963	0	7693
20963	1	510
20964	0	1547
20964	1	3989
20965	2	4515
20966	0	6294
20966	1	8183
20967	0	3601
20967	1	734
20968	0	2278
20968	1	742
20969	0	4663
20969	1	4041
20970	0	3823
20970	1	5539
20971	2	8546
20972	0	5103
20972	1	6596
20973	0	6011
20973	1	5006
20974	0	3381
20974	1	1092
20975	2	5603
20976	2	5594
20977	0	5193
20977	1	4644
20978	0	663
20978	1	8227
20979	0	2655
20979	1	4578
20980	0	3917
20980	1	2117
20981	0	5784
20981	1	3945
20982	2	5546
20983	0	2655
20983	1	464
20984	2	7622
20985	0	8493
20985	1	2117
20986	2	4941
20987	0	5453
20987	1	804
20988	0	1135
20988	1	234
20989	0	959
20989	1	8188
20990	0	2214
20990	1	4230
20991	0	7270
20991	1	4484
20992	0	93
20992	1	2808
20993	2	136
20994	0	5858
20994	1	1159
20995	2	1149
20996	0	5233
20996	1	8177
20997	0	3445
20997	1	73
20998	0	2100
20998	1	4457
20999	0	5799
20999	1	1808
21000	0	3337
21000	1	8225
21001	0	3960
21001	1	8465
21002	0	5468
21002	1	3565
21003	0	7839
21003	1	4644
21004	0	7912
21004	1	8227
21005	0	3437
21005	1	8594
21006	0	433
21006	1	2346
21007	2	291
21008	0	5468
21008	1	5185
21009	2	7995
21010	2	8234
21011	2	174
21012	2	1499
21013	0	6337
21013	1	7951
21014	0	6447
21014	1	2755
21015	0	7292
21015	1	2808
21016	2	3523
21017	0	3420
21017	1	353
21018	0	6135
21018	1	7739
21019	2	3713
21020	0	6011
21020	1	5943
21021	2	7542
21022	0	7350
21022	1	5832
21023	0	115
21023	1	734
21024	2	5274
21025	0	2214
21025	1	3564
21026	0	6447
21026	1	5943
21027	2	4036
21028	0	7416
21028	1	4122
21029	2	6695
21030	0	919
21030	1	4230
21031	0	4259
21031	1	2536
21032	0	673
21032	1	5484
21033	0	8319
21033	1	1896
21034	0	1967
21034	1	1896
21035	0	2106
21035	1	1838
21036	0	403
21036	1	283
21037	0	4246
21037	1	5539
21038	0	4942
21038	1	7419
21039	0	945
21039	1	4510
21040	2	7058
21041	0	2311
21041	1	6575
21042	0	1214
21042	1	3989
21043	2	8027
21044	0	7349
21044	1	4816
21045	0	6171
21045	1	234
21046	0	7156
21046	1	234
21047	0	2100
21047	1	6920
21048	0	2769
21048	1	2761
21049	0	6459
21049	1	7951
21050	0	223
21050	1	830
21051	0	1508
21051	1	2000
21052	0	5541
21052	1	234
21053	0	8191
21053	1	234
21054	0	1801
21054	1	6199
21055	0	7197
21055	1	4100
21056	2	3181
21057	0	8443
21057	1	5484
21058	0	6011
21058	1	8444
21059	2	1814
21060	0	8251
21060	1	5995
21061	2	7125
21062	2	6271
21063	0	8308
21063	1	3860
21064	2	6284
21065	2	4703
21066	0	3165
21066	1	8227
21067	2	5401
21068	0	254
21068	1	6663
21069	0	2941
21069	1	5832
21070	0	2130
21070	1	5803
21071	0	663
21071	1	6594
21072	0	5093
21072	1	6794
21073	0	8237
21073	1	3451
21074	0	3106
21074	1	1631
21075	0	2502
21075	1	6718
21076	0	5337
21076	1	797
21077	0	2204
21077	1	648
21078	2	5928
21079	0	8237
21079	1	5567
21080	0	5453
21080	1	5567
21081	0	3165
21081	1	931
21082	2	4386
21083	0	7349
21083	1	5420
21084	0	6973
21084	1	5420
21085	0	6973
21085	1	1960
21086	0	7500
21086	1	4041
21087	2	1094
21088	0	6331
21088	1	7419
21089	0	1645
21089	1	6669
21090	2	4186
21091	0	4663
21091	1	4465
21092	0	2106
21092	1	1372
21093	2	21
21094	0	3917
21094	1	7730
21095	2	7782
21096	0	478
21096	1	510
21097	2	2038
21098	2	125
21099	2	8457
21100	2	5299
21101	2	4158
21102	2	643
21103	2	7983
21104	0	3917
21104	1	3469
21105	2	8587
21106	0	115
21106	1	3404
21107	2	1596
21108	2	3544
21109	0	2004
21109	1	1498
21110	2	3526
21111	2	4006
21112	0	4664
21112	1	6947
21113	0	656
21113	1	3850
21114	0	4430
21114	1	7872
21115	2	1005
21116	2	6362
21117	2	6114
21118	2	4521
21119	0	2130
21119	1	1080
21120	2	7586
21121	0	1508
21121	1	2341
21122	2	7483
21123	0	6955
21123	1	1080
21124	0	2780
21124	1	3945
21125	0	246
21125	1	6920
21126	2	1779
21127	2	4596
21128	0	2655
21128	1	6663
21129	0	2311
21129	1	6656
21130	0	6149
21130	1	6656
21131	0	3960
21131	1	3850
21132	2	5862
21133	2	5793
21134	0	5139
21134	1	4744
21135	0	3106
21135	1	2671
21136	0	2297
21136	1	6299
21137	0	7328
21137	1	6299
21138	0	5233
21138	1	5567
21139	0	2773
21139	1	7454
21140	0	6285
21140	1	5214
21141	0	959
21141	1	510
21142	0	3452
21142	1	4644
21143	0	3084
21143	1	1080
21144	2	8406
21145	0	8237
21145	1	4457
21146	0	656
21146	1	5484
21147	0	1895
21147	1	688
21148	0	6136
21148	1	3404
21149	2	1564
21150	2	7836
21151	0	3206
21151	1	688
21152	0	2100
21152	1	7989
21153	0	4790
21153	1	4816
21154	2	960
21155	0	2956
21155	1	4510
21156	2	2884
21157	0	4135
21157	1	1274
21158	0	8308
21158	1	4644
21159	0	3430
21159	1	5420
21160	0	600
21160	1	3850
21161	2	5913
21162	0	4161
21162	1	6718
21163	2	2631
21164	0	7156
21164	1	6663
21165	2	980
21166	0	3889
21166	1	4100
21167	2	2686
21168	2	8357
21169	0	6236
21169	1	7295
21170	0	1271
21170	1	6575
21171	0	3437
21171	1	5758
21172	0	6331
21172	1	4816
21173	2	3274
21174	2	3082
21175	0	4212
21175	1	7419
21176	2	8394
21177	0	2743
21177	1	3989
21178	0	3430
21178	1	560
21179	0	2108
21179	1	3850
21180	0	7350
21180	1	6718
21181	0	2636
21181	1	73
21182	0	6337
21182	1	2614
21183	0	47
21183	1	283
21184	0	4663
21184	1	2098
21185	0	1912
21185	1	6575
21186	0	7328
21186	1	2808
21187	2	3107
21188	2	4042
21189	0	5007
21189	1	5484
21190	0	5541
21190	1	4639
21191	0	7270
21191	1	8030
21192	0	6337
21192	1	6594
21193	0	3445
21193	1	8526
21194	0	5579
21194	1	8417
21195	0	3093
21195	1	8417
21196	0	663
21196	1	1255
21197	2	8299
21198	0	5579
21198	1	4523
21199	0	3445
21199	1	6023
21200	2	7087
21201	0	4566
21201	1	2755
21202	0	6171
21202	1	2755
21203	0	1135
21203	1	4578
21204	0	2995
21204	1	3860
21205	0	1258
21205	1	8417
21206	2	6254
21207	2	874
21208	0	4663
21208	1	7607
21209	2	3323
21210	0	2001
21210	1	2122
21211	2	4189
21212	2	2797
21213	2	2043
21214	0	5453
21214	1	7872
21215	0	93
21215	1	6853
21216	2	1501
21217	0	7564
21217	1	1560
21218	0	2311
21218	1	4030
21219	0	2706
21219	1	6594
21220	0	5233
21220	1	8183
21221	2	535
21222	0	7500
21222	1	4145
21223	0	1852
21223	1	1969
21224	0	589
21224	1	4510
21225	0	1436
21225	1	4510
21226	0	3823
21226	1	6669
21227	0	2706
21227	1	5933
21228	2	8463
21229	2	5000
21230	2	8253
21231	0	7349
21231	1	7302
21232	2	4382
21233	0	1474
21233	1	5539
21234	2	836
21235	0	3917
21235	1	3956
21236	0	7921
21236	1	4230
21237	0	5007
21237	1	1791
21238	0	7350
21238	1	931
21239	0	3825
21239	1	931
21240	0	1288
21240	1	6083
21241	2	2758
21242	2	1670
21243	0	7197
21243	1	2148
21244	0	7756
21244	1	4644
21245	2	6703
21246	0	2880
21246	1	4145
21247	2	1241
21248	2	4826
21249	0	7292
21249	1	5828
21250	2	4309
21251	2	6269
21252	0	2106
21252	1	4145
21253	0	223
21253	1	4145
21254	0	7270
21254	1	4145
21255	2	4867
21256	0	8124
21256	1	8154
21257	0	3027
21257	1	7295
21258	2	2756
21259	0	6973
21259	1	355
21260	0	6331
21260	1	4030
21261	0	4060
21261	1	1413
21262	0	8237
21262	1	7454
21263	0	8251
21263	1	8154
21264	0	5858
21264	1	8154
21265	0	5814
21265	1	2148
21266	2	8635
21267	2	6333
21268	0	6318
21268	1	6199
21269	0	2706
21269	1	3989
21270	0	3327
21270	1	5995
21271	0	8036
21271	1	5995
21272	2	7680
21273	0	2956
21273	1	2122
21274	2	8263
21275	0	7350
21275	1	4510
21276	2	515
21277	2	680
21278	2	1105
21279	0	8036
21279	1	5905
21280	2	1633
21281	0	919
21281	1	4639
21282	2	7013
21283	0	7693
21283	1	4644
21284	0	6331
21284	1	3860
21285	0	8644
21285	1	2012
21286	0	2774
21286	1	1808
21287	0	2297
21287	1	1968
21288	0	8035
21288	1	1968
21289	0	663
21289	1	3565
21290	2	1118
21291	0	3501
21291	1	2169
21292	2	2030
21293	2	2544
21294	2	1690
21295	2	2447
21296	0	986
21296	1	4644
21297	0	433
21297	1	2962
21298	2	6807
21299	0	5462
21299	1	3059
21300	2	26
21301	0	3980
21301	1	688
21302	0	7809
21302	1	6333
21303	0	242
21303	1	858
21304	0	2956
21304	1	5736
21305	0	6171
21305	1	5736
21306	0	7620
21306	1	233
21307	2	1547
21308	0	6171
21308	1	3945
21309	2	3496
21310	0	1508
21310	1	2755
21311	0	3689
21311	1	6853
21312	0	3601
21312	1	4465
21313	0	1135
21313	1	7302
21314	0	5541
21314	1	86
21315	2	3596
21316	2	3896
21317	0	5858
21317	1	2076
21318	2	693
21319	2	7311
21320	0	1672
21320	1	1413
21321	0	663
21321	1	4639
21322	2	6646
21323	0	14
21323	1	7419
21324	0	4259
21324	1	6718
21325	0	2706
21325	1	73
21326	0	3704
21326	1	73
21327	0	7270
21327	1	5506
21328	2	1807
21329	0	433
21329	1	8226
21330	0	7813
21330	1	1960
21331	0	8036
21331	1	283
21332	2	7233
21333	0	5103
21333	1	931
21334	0	6054
21334	1	931
21335	0	3823
21335	1	7509
21336	0	7892
21336	1	392
21337	2	7866
21338	0	7693
21338	1	4465
21339	0	986
21339	1	4465
21340	0	8624
21340	1	233
21341	0	6064
21341	1	6083
21342	2	6680
21343	0	1474
21343	1	2777
21344	0	663
21344	1	742
21345	0	47
21345	1	6594
21346	0	3093
21346	1	3578
21347	0	5698
21347	1	6110
21348	0	2297
21348	1	5255
21349	2	5255
21350	2	3664
21351	0	1508
21351	1	5995
21352	2	4567
21353	0	3601
21353	1	4861
21354	2	4547
21355	0	3644
21355	1	4861
21356	0	6240
21356	1	3850
21357	0	3075
21357	1	8225
21358	0	2773
21358	1	3451
21359	0	2674
21359	1	6794
21360	2	2709
21361	0	7813
21361	1	3989
21362	0	6447
21362	1	5798
21363	0	6526
21363	1	1473
21364	2	5132
21365	0	246
21365	1	6015
21366	0	5487
21366	1	233
21367	0	1895
21367	1	3729
21368	2	7883
21369	2	5516
21370	0	6447
21370	1	4644
21371	2	3296
21372	2	7871
21373	0	2439
21373	1	804
21374	0	959
21374	1	4145
21375	0	3689
21375	1	2808
21376	0	8237
21376	1	1969
21377	0	3704
21377	1	2012
21378	0	4251
21378	1	6575
21379	2	222
21380	0	5353
21380	1	234
21381	2	5317
21382	2	2478
21383	2	5900
21384	0	3206
21384	1	8526
21385	2	4416
21386	0	6577
21386	1	283
21387	0	6171
21387	1	4545
21388	0	919
21388	1	4545
21389	2	3643
21390	0	7892
21390	1	213
21391	0	5319
21391	1	3451
21392	2	6964
21393	0	4323
21393	1	3451
21394	2	7540
21395	2	3840
21396	0	3791
21396	1	2122
21397	0	8250
21397	1	3860
21398	0	3870
21398	1	1791
21399	0	1508
21399	1	5726
21400	2	232
21401	2	4716
21402	2	7083
21403	2	4743
21404	0	8191
21404	1	362
21405	0	4790
21405	1	1968
21406	0	6337
21406	1	2148
21407	2	1571
21408	0	6054
21408	1	4644
21409	0	5462
21409	1	2355
21410	0	5799
21410	1	1560
21411	0	5799
21411	1	1205
21412	2	4656
21413	2	3108
21414	0	8250
21414	1	3108
21415	0	2655
21415	1	1721
21416	2	3538
21417	0	2880
21417	1	1274
21418	2	2391
21419	0	6054
21419	1	510
21420	2	2397
21421	0	478
21421	1	6083
21422	0	6447
21422	1	2307
21423	0	4473
21423	1	4644
21424	0	4266
21424	1	1721
21425	0	2551
21425	1	5300
21426	0	3445
21426	1	8282
21427	0	2706
21427	1	464
21428	0	8191
21428	1	8551
21429	0	1801
21429	1	3451
21430	0	7156
21430	1	5420
21431	2	2747
21432	0	600
21432	1	6853
21433	0	2106
21433	1	5943
21434	0	6526
21434	1	5484
21435	0	5353
21435	1	392
21436	0	433
21436	1	7477
21437	0	2655
21437	1	8183
21438	0	6136
21438	1	1791
21439	0	246
21439	1	233
21440	0	3960
21440	1	5943
21441	0	4888
21441	1	2148
21442	2	7208
21443	0	2655
21443	1	8335
21444	0	673
21444	1	2148
21445	0	3165
21445	1	4230
21446	2	2380
21447	0	6221
21447	1	3174
21448	0	4302
21448	1	3174
21449	0	3917
21449	1	7424
21450	0	4566
21450	1	858
21451	0	2001
21451	1	3451
21452	0	4606
21452	1	2346
21453	2	6922
21454	2	4257
21455	2	1923
21456	0	4212
21456	1	355
21457	2	5370
21458	2	1597
21459	2	3363
21460	0	3581
21460	1	7424
21461	0	5453
21461	1	8368
21462	0	1170
21462	1	2162
21463	2	3087
21464	0	4855
21464	1	6083
21465	0	617
21465	1	2088
21466	0	1254
21466	1	3611
21467	0	4899
21467	1	3945
21468	2	5497
21469	0	6236
21469	1	1808
21470	0	5573
21470	1	1151
21471	0	4566
21471	1	8465
21472	0	3791
21472	1	7739
21473	0	8036
21473	1	6110
21474	2	7591
21475	0	3389
21475	1	631
21476	0	4266
21476	1	1205
21477	0	6294
21477	1	3611
21478	0	6149
21478	1	3404
21479	0	6136
21479	1	2122
21480	0	4888
21480	1	6876
21481	0	4251
21481	1	5484
21482	0	5093
21482	1	5803
21483	0	4606
21483	1	8016
21484	0	7137
21484	1	5922
21485	0	3917
21485	1	7029
21486	2	7659
21487	2	784
21488	2	6625
21489	0	8602
21489	1	3860
21490	2	8323
21491	0	4899
21491	1	3860
21492	2	4167
21493	0	6136
21493	1	3061
21494	0	2415
21494	1	2755
21495	2	2480
21496	0	663
21496	1	3989
21497	0	8644
21497	1	971
21498	0	5201
21498	1	7424
21499	0	7809
21499	1	1223
21500	2	7344
21501	2	3942
21502	2	3736
21503	0	3327
21503	1	7477
21504	0	6285
21504	1	8465
21505	0	433
21505	1	6596
21506	2	925
21507	2	5063
21508	0	2297
21508	1	648
21509	0	4833
21509	1	283
21510	0	7758
21510	1	560
21511	0	5103
21511	1	6709
21512	0	7394
21512	1	4639
21513	0	2214
21513	1	6767
21514	2	119
21515	2	2072
21516	0	605
21516	1	283
21517	2	1997
21518	2	5431
21519	2	448
21520	2	1097
21521	0	3445
21521	1	287
21522	2	4611
21523	0	4664
21523	1	4639
21524	0	242
21524	1	5918
21525	2	7554
21526	0	2204
21526	1	2761
21527	2	380
21528	0	3499
21528	1	3564
21529	0	3517
21529	1	4100
21530	0	656
21530	1	2755
21531	0	3165
21531	1	2076
21532	0	8351
21532	1	3244
21533	2	1295
21534	2	99
21535	0	4669
21535	1	3469
21536	2	6622
21537	0	2941
21537	1	5922
21538	0	3960
21538	1	7295
21539	2	7740
21540	0	4302
21540	1	3244
21541	0	7118
21541	1	6015
21542	0	5453
21542	1	5214
21543	2	7178
21544	0	6149
21544	1	2777
21545	0	8036
21545	1	3451
21546	0	3581
21546	1	234
21547	2	3691
21548	2	8543
21549	0	8251
21549	1	3945
21550	2	6754
21551	0	4888
21551	1	4639
21552	0	6459
21552	1	5798
21553	2	282
21554	0	223
21554	1	6110
21555	0	8281
21555	1	2808
21556	0	5337
21556	1	4578
21557	2	5993
21558	0	1474
21558	1	804
21559	2	3670
21560	0	919
21560	1	2755
21561	2	3979
21562	0	5193
21562	1	2169
21563	2	253
21564	0	3106
21564	1	8154
21565	0	1874
21565	1	1285
21566	2	4562
21567	2	6476
21568	0	7137
21568	1	5500
21569	0	3917
21569	1	5539
21570	0	668
21570	1	817
21571	0	1801
21571	1	7419
21572	0	6138
21572	1	2307
21573	2	7468
21574	2	5656
21575	2	3487
21576	0	2504
21576	1	5539
21577	0	3501
21577	1	278
21578	0	358
21578	1	287
21579	0	7137
21579	1	7302
21580	0	934
21580	1	6794
21581	0	339
21581	1	1843
21582	0	6149
21582	1	2808
21583	0	7251
21583	1	1721
21584	0	4302
21584	1	3611
21585	0	2941
21585	1	8154
21586	2	1414
21587	0	7236
21587	1	3989
21588	0	4833
21588	1	5539
21589	0	1254
21589	1	5832
21590	0	2710
21590	1	2671
21591	2	3714
21592	0	115
21592	1	2098
21593	0	6547
21593	1	2098
21594	2	1008
21595	0	5541
21595	1	3655
21596	0	7826
21596	1	7295
21597	2	5053
21598	2	147
21599	2	3701
21600	0	5453
21600	1	2777
21601	0	2015
21601	1	2777
21602	0	4663
21602	1	2777
21603	0	5858
21603	1	2808
21604	0	403
21604	1	1274
21605	0	8191
21605	1	2117
21606	0	600
21606	1	6575
21607	2	4176
21608	2	1266
21609	0	3917
21609	1	1205
21610	0	2333
21610	1	5760
21611	0	2100
21611	1	5760
21612	0	7620
21612	1	3399
21613	0	2130
21613	1	4145
21614	2	5686
21615	2	2284
21616	2	2075
21617	0	4664
21617	1	3451
21618	0	6221
21618	1	1205
21619	2	8469
21620	0	8602
21620	1	5828
21621	2	255
21622	0	3307
21622	1	7419
21623	2	3328
21624	0	93
21624	1	2088
21625	2	661
21626	0	174
21626	1	3404
21627	0	8443
21627	1	5695
21628	0	339
21628	1	2122
21629	0	3106
21629	1	6663
21630	0	5193
21630	1	8188
21631	2	4003
21632	0	5541
21632	1	2652
21633	0	7236
21633	1	1413
21634	0	4005
21634	1	2761
21635	0	5767
21635	1	6110
21636	0	2368
21636	1	6110
21637	0	2415
21637	1	1960
21638	0	1739
21638	1	804
21639	0	7921
21639	1	4465
21640	0	8250
21640	1	3119
21641	0	4888
21641	1	4465
21642	0	1508
21642	1	1721
21643	0	7007
21643	1	6718
21644	2	1220
21645	2	1000
21646	0	1170
21646	1	2117
21647	0	4833
21647	1	4191
21648	0	115
21648	1	7509
21649	2	4923
21650	0	6459
21650	1	2777
21651	0	2551
21651	1	4861
21652	0	1436
21652	1	287
21653	0	7251
21653	1	3119
21654	0	3499
21654	1	2808
21655	0	7633
21655	1	2772
21656	0	4737
21656	1	3945
21657	2	1022
21658	0	4606
21658	1	2501
21659	0	3823
21659	1	2755
21660	0	5201
21660	1	5185
21661	2	3155
21662	0	919
21662	1	3729
21663	0	6547
21663	1	1791
21664	0	2504
21664	1	8551
21665	0	4899
21665	1	5922
21666	2	646
21667	0	3601
21667	1	4100
21668	0	6973
21668	1	1159
21669	0	47
21669	1	1159
21670	0	7633
21670	1	6961
21671	2	2014
21672	0	1508
21672	1	6596
21673	0	5698
21673	1	2761
21674	0	1436
21674	1	233
21675	2	914
21676	0	5233
21676	1	287
21677	0	5093
21677	1	3059
21678	2	5144
21679	2	5591
21680	0	2956
21680	1	4639
21681	0	5468
21681	1	2966
21682	0	7350
21682	1	2088
21683	0	7809
21683	1	8371
21684	0	3327
21684	1	8371
21685	2	4012
21686	0	7912
21686	1	1285
21687	0	2100
21687	1	5214
21688	0	8124
21688	1	2808
21689	0	3960
21689	1	5539
21690	2	2907
21691	0	2880
21691	1	1860
21692	0	6816
21692	1	1969
21693	0	8443
21693	1	5760
21694	0	945
21694	1	5760
21695	0	3444
21695	1	510
21696	0	5562
21696	1	3565
21697	2	4770
21698	2	396
21699	2	8496
21700	2	6130
21701	0	8366
21701	1	3565
21702	2	1418
21703	0	3075
21703	1	4030
21704	0	6138
21704	1	7872
21705	0	919
21705	1	7295
21706	0	2941
21706	1	7295
21707	2	8383
21708	0	6889
21708	1	3565
21709	0	663
21709	1	2501
21710	0	7633
21710	1	6214
21711	0	7350
21711	1	4100
21712	0	403
21712	1	5995
21713	2	6458
21714	0	7137
21714	1	4861
21715	0	5233
21715	1	3956
21716	2	7960
21717	0	7349
21717	1	1080
21718	2	8506
21719	0	8237
21719	1	3611
21720	0	3517
21720	1	8551
21721	2	1687
21722	2	3159
21723	0	6732
21723	1	1960
21724	0	919
21724	1	1375
21725	0	3075
21725	1	1930
21726	2	2438
21727	0	2297
21727	1	5567
21728	2	5227
21729	2	6639
21730	0	1135
21730	1	1969
21731	2	7677
21732	0	7878
21732	1	3989
21733	0	2100
21733	1	392
21734	0	8281
21734	1	1413
21735	0	6221
21735	1	1413
21736	0	2513
21736	1	3451
21737	0	2241
21737	1	1205
21738	0	1106
21738	1	3989
21739	2	1054
21740	0	2636
21740	1	6083
21741	2	4477
21742	2	6805
21743	0	7756
21743	1	8417
21744	0	3601
21744	1	8417
21745	2	7789
21746	0	7921
21746	1	6594
21747	2	7614
21748	0	5337
21748	1	3059
21749	0	3106
21749	1	4639
21750	0	2636
21750	1	6015
21751	0	3381
21751	1	5394
21752	0	8319
21752	1	8188
21753	0	8366
21753	1	3945
21754	2	2954
21755	0	663
21755	1	6110
21756	0	7156
21756	1	6110
21757	0	5573
21757	1	4545
21758	2	1140
21759	0	7874
21759	1	7607
21760	2	7029
21761	2	7810
21762	2	572
21763	0	1254
21763	1	6663
21764	0	5468
21764	1	7730
21765	0	893
21765	1	4578
21766	0	5579
21766	1	6794
21767	2	8034
21768	2	2125
21769	0	1106
21769	1	6669
21770	0	3689
21770	1	7419
21771	0	3310
21771	1	6575
21772	0	3499
21772	1	3244
21773	2	2778
21774	2	157
21775	0	6337
21775	1	688
21776	0	959
21776	1	688
21777	0	5453
21777	1	3174
21778	2	5003
21779	2	3587
21780	0	5103
21780	1	7872
21781	0	2015
21781	1	797
21782	2	1671
21783	2	3673
21784	0	1064
21784	1	74
21785	0	3960
21785	1	1791
21786	0	5814
21786	1	6853
21787	0	1436
21787	1	2012
21788	2	6325
21789	0	663
21789	1	6257
21790	2	2809
21791	2	5781
21792	2	1619
21793	2	55
21794	0	5562
21794	1	4030
21795	2	8243
21796	2	5336
21797	0	2743
21797	1	1065
21798	0	8326
21798	1	560
21799	0	5233
21799	1	5918
21800	0	2404
21800	1	3061
21801	2	4055
21802	2	2213
21803	0	14
21803	1	5943
21804	2	5703
21805	2	2790
21806	2	4853
21807	0	1801
21807	1	6853
21808	0	4430
21808	1	5828
21809	2	4711
21810	2	8003
21811	2	4854
21812	0	5468
21812	1	4465
21813	2	2807
21814	2	2168
21815	0	6285
21815	1	6656
21816	0	8191
21816	1	6656
21817	0	2781
21817	1	1205
21818	2	1057
21819	2	2965
21820	0	6221
21820	1	2671
21821	0	2780
21821	1	8526
21822	0	3027
21822	1	2122
21823	2	6662
21824	0	6138
21824	1	3887
21825	0	3126
21825	1	4465
21826	2	3190
21827	2	2868
21828	0	5353
21828	1	8183
21829	2	1192
21830	0	7813
21830	1	5567
21831	0	4899
21831	1	5995
21832	0	1174
21832	1	7419
21833	2	5312
21834	2	3193
21835	0	433
21835	1	1187
21836	0	4606
21836	1	1187
21837	2	7602
21838	0	1409
21838	1	1285
21839	2	2714
21840	0	6285
21840	1	287
21841	2	5702
21842	0	6318
21842	1	4644
21843	0	286
21843	1	7302
21844	0	7500
21844	1	7302
21845	0	5541
21845	1	7813
21846	2	1273
21847	0	2655
21847	1	2671
21848	0	7292
21848	1	3244
21849	0	3825
21849	1	3850
21850	0	1967
21850	1	5500
21851	0	7350
21851	1	7179
21852	0	656
21852	1	7302
21853	2	3575
21854	2	257
21855	2	3480
21856	0	3206
21856	1	2671
21857	0	2106
21857	1	4484
21858	0	1185
21858	1	2966
21859	0	3823
21859	1	5828
21860	2	7374
21861	2	1639
21862	0	8281
21862	1	287
21863	0	6011
21863	1	858
21864	0	6138
21864	1	1075
21865	0	5799
21865	1	8549
21866	2	3709
21867	0	668
21867	1	6015
21868	0	5858
21868	1	4484
21869	0	7609
21869	1	4644
21870	2	6627
21871	0	6447
21871	1	1838
21872	0	6171
21872	1	4100
21873	0	3206
21873	1	648
21874	2	4908
21875	0	1787
21875	1	3850
21876	2	6170
21877	0	4401
21877	1	1413
21878	0	2315
21878	1	7951
21879	0	3445
21879	1	6015
21880	0	7557
21880	1	4545
21881	2	458
21882	2	5441
21883	0	8250
21883	1	688
21884	2	8352
21885	0	3581
21885	1	1791
21886	2	3192
21887	0	6221
21887	1	3600
21888	0	8443
21888	1	3600
21889	2	5209
21890	0	4759
21890	1	7179
21891	0	1248
21891	1	283
21892	0	2311
21892	1	7607
21893	0	7132
21893	1	7739
21894	2	3783
21895	0	2278
21895	1	283
21896	0	5353
21896	1	233
21897	0	2108
21897	1	1791
21898	0	487
21898	1	560
21899	2	5547
21900	2	7348
21901	2	2523
21902	2	5789
21903	0	6054
21903	1	688
21904	0	919
21904	1	5828
21905	0	3960
21905	1	4861
21906	0	5824
21906	1	7509
21907	0	6137
21907	1	3860
21908	0	3823
21908	1	6575
21909	2	5277
21910	0	5579
21910	1	5695
21911	2	2744
21912	0	6138
21912	1	287
21913	0	3823
21913	1	287
21914	2	1935
21915	2	8413
21916	2	1898
21917	0	2674
21917	1	3059
21918	0	4212
21918	1	688
21919	0	2130
21919	1	7951
21920	2	429
21921	0	600
21921	1	7424
21922	2	3088
21923	0	4855
21923	1	5484
21924	2	4347
21925	2	5566
21926	0	2439
21926	1	3860
21927	0	7118
21927	1	797
21928	2	4428
21929	0	2880
21929	1	392
21930	2	6386
21931	2	130
21932	0	6171
21932	1	648
21933	2	7686
21934	0	5233
21934	1	3174
21935	0	2743
21935	1	3399
21936	0	1135
21936	1	2098
21937	2	8019
21938	2	5091
21939	0	5353
21939	1	7424
21940	2	6359
21941	2	730
21942	2	4794
21943	2	7920
21944	0	6285
21944	1	4041
21945	0	2333
21945	1	1791
21946	2	5527
21947	2	7689
21948	0	5193
21948	1	3404
21949	0	2130
21949	1	6594
21950	2	2183
21951	0	2780
21951	1	8225
21952	2	7299
21953	2	3891
21954	2	679
21955	0	7557
21955	1	3469
21956	2	1373
21957	0	2577
21957	1	3860
21958	0	1876
21958	1	8188
21959	2	3700
21960	0	3689
21960	1	3404
21961	0	1258
21961	1	518
21962	2	3412
21963	0	8281
21963	1	3850
21964	0	3952
21964	1	4639
21965	2	8204
21966	0	6331
21966	1	5214
21967	0	5041
21967	1	5185
21968	0	2636
21968	1	6656
21969	0	1106
21969	1	8526
21970	2	7330
21971	0	6285
21971	1	3469
21972	0	983
21972	1	6575
21973	2	8278
21974	0	2204
21974	1	1843
21975	0	4135
21975	1	2761
21976	0	3310
21976	1	1969
21977	0	5814
21977	1	4644
21978	0	766
21978	1	5832
21979	0	174
21979	1	7295
21980	2	5856
21981	2	5719
21982	2	4710
21983	0	5579
21983	1	4639
21984	0	2204
21984	1	4816
21985	2	3012
21986	0	4302
21986	1	3956
21987	0	5337
21987	1	1791
21988	0	5233
21988	1	86
21989	2	7354
21990	2	2119
21991	0	663
21991	1	5798
21992	0	1474
21992	1	2614
21993	0	1672
21993	1	2614
21994	2	340
21995	0	332
21995	1	5828
21996	2	1891
21997	2	6820
21998	2	598
21999	0	3917
21999	1	4545
22000	0	7350
22000	1	5798
22001	2	1256
22002	0	6547
22002	1	7739
22003	0	3430
22003	1	5832
22004	0	7416
22004	1	4816
22005	0	3327
22005	1	734
22006	0	7328
22006	1	688
22007	0	986
22007	1	3244
22008	2	1563
22009	0	8251
22009	1	3850
22010	0	7500
22010	1	6594
22011	0	7156
22011	1	2076
22012	0	668
22012	1	281
22013	0	7564
22013	1	233
22014	0	7156
22014	1	8188
22015	0	2015
22015	1	4041
22016	0	2870
22016	1	6718
22017	0	478
22017	1	1960
22018	0	5319
22018	1	1285
22019	0	433
22019	1	1792
22020	0	5939
22020	1	3860
22021	2	2813
22022	2	4276
22023	0	4833
22023	1	5646
22024	0	663
22024	1	4230
22025	0	3206
22025	1	2122
22026	0	3445
22026	1	4465
22027	2	11
22028	0	4663
22028	1	5484
22029	2	1269
22030	0	5515
22030	1	7509
22031	0	4888
22031	1	5695
22032	0	5784
22032	1	4644
22033	0	7197
22033	1	56
22034	0	2214
22034	1	3945
22035	2	1492
22036	2	2904
22037	0	6447
22037	1	5922
22038	2	5504
22039	0	2368
22039	1	5394
22040	2	8520
22041	0	7756
22041	1	3860
22042	2	1632
22043	0	8281
22043	1	5484
22044	0	223
22044	1	6594
22045	0	8281
22045	1	2891
22046	2	3814
22047	2	4228
22048	2	8556
22049	2	4335
22050	0	2633
22050	1	5484
22051	2	5283
22052	0	478
22052	1	1255
22053	2	6791
22054	0	1135
22054	1	7419
22055	2	5315
22056	2	43
22057	2	1664
22058	2	2227
22059	0	656
22059	1	4457
22060	2	7514
22061	2	4458
22062	0	4663
22062	1	3565
22063	0	223
22063	1	5736
22064	0	600
22064	1	8465
22065	0	3093
22065	1	1969
22066	0	6577
22066	1	8188
22067	2	1858
22068	0	4642
22068	1	3780
22069	2	2236
22070	0	5799
22070	1	5630
22071	2	1171
22072	0	6547
22072	1	8188
22073	2	8411
22074	2	2958
22075	2	5086
22076	2	4552
22077	2	3118
22078	0	5541
22078	1	1947
22079	2	1936
22080	0	7350
22080	1	3451
22081	2	8360
22082	0	2773
22082	1	510
22083	0	5093
22083	1	3399
22084	0	3381
22084	1	3399
22085	2	324
22086	0	7892
22086	1	6596
22087	0	1508
22087	1	6961
22088	0	1967
22088	1	1860
22089	2	6712
22090	2	1072
22091	2	4878
22092	0	2636
22092	1	3565
22093	2	5857
22094	0	2311
22094	1	7424
22095	0	6294
22095	1	3882
22096	0	6547
22096	1	6083
22097	0	7156
22097	1	4457
22098	0	6294
22098	1	4510
22099	2	5645
22100	0	6171
22100	1	3469
22101	0	1895
22101	1	4816
22102	2	7169
22103	2	4435
22104	0	3917
22104	1	7179
22105	0	7197
22105	1	5186
22106	2	4565
22107	0	2368
22107	1	5943
22108	0	4737
22108	1	4816
22109	2	5892
22110	2	7729
22111	0	983
22111	1	3469
22112	0	6353
22112	1	2144
22113	0	589
22113	1	510
22114	0	1258
22114	1	2203
22115	0	8237
22115	1	2203
22116	0	7392
22116	1	2088
22117	0	2130
22117	1	6257
22118	2	4927
22119	2	8046
22120	0	3327
22120	1	718
22121	0	6526
22121	1	718
22122	0	7777
22122	1	560
22123	0	223
22123	1	7993
22124	0	7620
22124	1	4041
22125	2	6923
22126	0	3106
22126	1	6015
22127	0	2941
22127	1	1205
22128	0	2769
22128	1	1065
22129	0	6318
22129	1	2777
22130	0	986
22130	1	804
22131	2	481
22132	2	4516
22133	0	2743
22133	1	8227
22134	2	8382
22135	0	7251
22135	1	4510
22136	0	8644
22136	1	6624
22137	0	2956
22137	1	3061
22138	0	4888
22138	1	3244
22139	0	919
22139	1	4030
22140	0	478
22140	1	3469
22141	2	5779
22142	2	3681
22143	2	3758
22144	0	1254
22144	1	3117
22145	0	5814
22145	1	3565
22146	0	7633
22146	1	5758
22147	2	1412
22148	2	4284
22149	0	4212
22149	1	1274
22150	2	3484
22151	2	6295
22152	0	4060
22152	1	1838
22153	0	3644
22153	1	797
22154	2	1325
22155	0	5836
22155	1	8368
22156	0	1170
22156	1	3578
22157	0	6285
22157	1	5420
22158	2	972
22159	2	7429
22160	2	862
22161	0	5434
22161	1	4465
22162	0	3644
22162	1	2088
22163	0	115
22163	1	560
22164	2	7059
22165	2	3907
22166	0	3430
22166	1	2307
22167	0	6149
22167	1	5922
22168	0	1135
22168	1	5922
22169	2	7263
22170	0	3027
22170	1	5214
22171	2	966
22172	0	3517
22172	1	5178
22173	0	2100
22173	1	5630
22174	0	2780
22174	1	5630
22175	0	6645
22175	1	4861
22176	2	4225
22177	2	7361
22178	2	3510
22179	0	3952
22179	1	6426
22180	0	358
22180	1	2117
22181	2	2946
22182	0	7756
22182	1	2076
22183	0	4161
22183	1	5832
22184	2	2603
22185	0	6171
22185	1	2777
22186	0	5495
22186	1	2777
22187	0	7349
22187	1	6767
22188	0	2743
22188	1	804
22189	0	5233
22189	1	6656
22190	2	8598
22191	2	8402
22192	0	5836
22192	1	7509
22193	2	6997
22194	0	5579
22194	1	2671
22195	0	7878
22195	1	287
22196	2	3965
22197	2	1743
22198	2	6762
22199	0	2706
22199	1	742
22200	0	2769
22200	1	1285
22201	0	7156
22201	1	3956
22202	2	7978
22203	2	1611
22204	2	3488
22205	0	8281
22205	1	2148
22206	0	3093
22206	1	6767
22207	0	225
22207	1	7419
22208	0	1508
22208	1	4465
22209	0	3960
22209	1	4510
22210	0	3960
22210	1	7872
22211	0	6285
22211	1	5178
22212	2	7160
22213	2	7574
22214	2	3
22215	0	6138
22215	1	213
22216	0	3165
22216	1	8526
22217	0	5233
22217	1	4465
22218	0	3327
22218	1	1560
22219	2	5902
22220	0	1508
22220	1	6767
22221	0	5462
22221	1	8154
22222	0	4888
22222	1	6015
22223	0	6562
22223	1	1413
22224	2	3297
22225	0	6337
22225	1	5178
22226	0	5942
22226	1	8225
22227	0	3517
22227	1	804
22228	0	7633
22228	1	5178
22229	0	52
22229	1	5828
22230	2	2339
22231	0	7118
22231	1	5484
22232	2	8503
22233	2	604
22234	0	8250
22234	1	4100
22235	0	3106
22235	1	4230
22236	2	2322
22237	0	3960
22237	1	233
22238	0	7197
22238	1	233
22239	0	254
22239	1	4122
22240	0	3917
22240	1	1413
22241	0	433
22241	1	2136
22242	2	7439
22243	0	7681
22243	1	6718
22244	0	6672
22244	1	804
22245	2	1028
22246	2	401
22247	0	4566
22247	1	6594
22248	2	8512
22249	0	2706
22249	1	8225
22250	0	2106
22250	1	518
22251	0	7197
22251	1	7295
22252	0	8644
22252	1	7961
22253	0	5434
22253	1	233
22254	0	1254
22254	1	4122
22255	2	2379
22256	0	7813
22256	1	3882
22257	2	6943
22258	2	5161
22259	2	3886
22260	2	3658
22261	0	4822
22261	1	6083
22262	0	1700
22262	1	560
22263	2	2803
22264	0	2710
22264	1	1205
22265	0	2655
22265	1	3882
22266	0	7839
22266	1	4100
22267	2	696
22268	2	4388
22269	0	3501
22269	1	5484
22270	2	6396
22271	2	2914
22272	2	5975
22273	0	5881
22273	1	3860
22274	0	5579
22274	1	8549
22275	0	1508
22275	1	8464
22276	0	3206
22276	1	3061
22277	0	7229
22277	1	1930
22278	0	225
22278	1	1930
22279	0	600
22279	1	5736
22280	0	5562
22280	1	8188
22281	2	7310
22282	2	7402
22283	0	6526
22283	1	4230
22284	2	6492
22285	0	7197
22285	1	2416
22286	0	8124
22286	1	5832
22287	0	3581
22287	1	5567
22288	0	7653
22288	1	8188
22289	0	223
22289	1	4578
22290	0	1135
22290	1	2966
22291	0	5541
22291	1	8516
22292	0	8452
22292	1	6718
22293	2	1129
22294	2	1842
22295	0	7137
22295	1	2355
22296	0	600
22296	1	4041
22297	0	5799
22297	1	4100
22298	2	8293
22299	0	7137
22299	1	1631
22300	2	4661
22301	0	6136
22301	1	8188
22302	0	7197
22302	1	5809
22303	2	6936
22304	0	7349
22304	1	6015
22305	0	7197
22305	1	1560
22306	0	1874
22306	1	1080
22307	0	7620
22307	1	7739
22308	0	5579
22308	1	1065
22309	0	3889
22309	1	8465
22310	0	4060
22310	1	3404
22311	2	970
22312	2	5196
22313	0	7392
22313	1	5922
22314	2	7539
22315	0	5201
22315	1	4030
22316	2	8118
22317	2	1287
22318	0	7236
22318	1	7989
22319	0	5579
22319	1	464
22320	0	6294
22320	1	8154
22321	2	8395
22322	0	3389
22322	1	7730
22323	0	7197
22323	1	6594
22324	2	5374
22325	2	6468
22326	2	7792
22327	0	5824
22327	1	2777
22328	0	5799
22328	1	8183
22329	2	2159
22330	2	7531
22331	0	1700
22331	1	3850
22332	0	254
22332	1	7419
22333	0	600
22333	1	4100
22334	0	600
22334	1	3989
22335	2	6133
22336	0	3791
22336	1	6575
22337	0	3960
22337	1	4816
22338	2	2142
22339	0	8281
22339	1	8188
22340	0	1254
22340	1	648
22341	2	7255
22342	0	1288
22342	1	7730
22343	2	6963
22344	0	8065
22344	1	6015
22345	2	1937
22346	0	5201
22346	1	4644
22347	0	3960
22347	1	4145
22348	0	2333
22348	1	1808
22349	2	2967
22350	0	3444
22350	1	8188
22351	0	5541
22351	1	632
22352	0	7653
22352	1	1930
22353	2	4886
22354	0	478
22354	1	8188
22355	0	2130
22355	1	5736
22356	0	5093
22356	1	5736
22357	0	6236
22357	1	4510
22358	0	5453
22358	1	4457
22359	0	254
22359	1	5828
22360	2	3419
22361	0	1899
22361	1	7295
22362	0	919
22362	1	2122
22363	0	519
22363	1	4644
22364	2	6713
22365	2	8172
22366	0	5579
22366	1	2501
22367	0	3165
22367	1	2501
22368	0	1474
22368	1	1205
22369	0	2204
22369	1	688
22370	2	1668
22371	2	4199
22372	0	2214
22372	1	4457
22373	2	1012
22374	0	175
22374	1	283
22375	0	2706
22375	1	6110
22376	0	3106
22376	1	3850
22377	2	423
22378	0	3381
22378	1	3117
22379	0	5495
22379	1	2761
22380	0	115
22380	1	1473
22381	2	2947
22382	2	7080
22383	2	10
22384	2	2173
22385	2	1349
22386	0	93
22386	1	3404
22387	0	1763
22387	1	3469
22388	0	1106
22388	1	3945
22389	2	5937
22390	0	5007
22390	1	3404
22391	2	3160
22392	0	3327
22392	1	3469
22393	0	2100
22393	1	2148
22394	2	6890
22395	0	2311
22395	1	1205
22396	2	3964
22397	2	2624
22398	0	7137
22398	1	4545
22399	0	4060
22399	1	4545
22400	0	2297
22400	1	7302
22401	0	3461
22401	1	5185
22402	0	5462
22402	1	4230
22403	0	8251
22403	1	3061
22404	0	8443
22404	1	3061
22405	0	6136
22405	1	742
22406	0	3704
22406	1	2122
22407	0	959
22407	1	6015
22408	0	7392
22408	1	4457
22409	2	335
22410	0	673
22410	1	7179
22411	0	7878
22411	1	5832
22412	0	478
22412	1	6015
22413	2	7943
22414	0	3093
22414	1	5539
22415	0	47
22415	1	5539
22416	0	2100
22416	1	734
22417	0	4266
22417	1	7302
22418	0	6459
22418	1	3945
22419	0	2439
22419	1	2761
22420	2	1376
22421	2	5328
22422	0	3430
22422	1	3451
22423	0	2577
22423	1	858
22424	0	3075
22424	1	4816
22425	0	1106
22425	1	2122
22426	0	7653
22426	1	5500
22427	2	5575
22428	0	6138
22428	1	1375
22429	2	4993
22430	2	2815
22431	2	104
22432	2	5949
22433	2	1559
22434	2	2062
22435	2	5051
22436	0	2941
22436	1	3404
22437	2	4021
22438	0	5337
22438	1	1285
22439	2	424
22440	0	1672
22440	1	2966
22441	2	4726
22442	2	2160
22443	0	3952
22443	1	1205
22444	0	7137
22444	1	3469
22445	0	6562
22445	1	5832
22446	0	5799
22446	1	2076
22447	0	4663
22447	1	6199
22448	0	3165
22448	1	6777
22449	0	3327
22449	1	5918
22450	0	7633
22450	1	5918
22451	2	5188
22452	2	1722
22453	2	2997
22454	0	3704
22454	1	4122
22455	0	1436
22455	1	4122
22456	0	4212
22456	1	7302
22457	2	2217
22458	0	403
22458	1	4100
22459	2	3266
22460	0	2504
22460	1	1065
22461	0	2407
22461	1	7454
22462	0	4566
22462	1	3404
22463	0	553
22463	1	3564
22464	0	2130
22464	1	858
22465	0	4888
22465	1	6656
22466	0	2106
22466	1	931
22467	0	3917
22467	1	2122
22468	2	1309
22469	0	4566
22469	1	6575
22470	0	5562
22470	1	8549
22471	0	7839
22471	1	5933
22472	2	805
22473	0	7697
22473	1	7302
22474	0	8250
22474	1	5758
22475	2	6012
22476	0	2956
22476	1	3945
22477	0	6064
22477	1	2148
22478	0	1258
22478	1	4041
22479	0	5824
22479	1	4041
22480	0	5824
22480	1	6083
22481	2	5756
22482	2	5163
22483	0	2399
22483	1	1375
22484	0	3917
22484	1	4230
22485	2	6497
22486	0	4888
22486	1	7872
22487	0	4833
22487	1	5659
22488	0	3601
22488	1	3469
22489	0	5434
22489	1	5630
22490	0	5462
22490	1	5933
22491	0	5481
22491	1	688
22492	0	3825
22492	1	1721
22493	0	959
22493	1	3876
22494	0	3381
22494	1	7652
22495	0	5353
22495	1	1791
22496	0	5858
22496	1	3061
22497	0	3981
22497	1	5798
22498	0	3981
22498	1	1375
22499	2	6466
22500	0	3027
22500	1	718
22501	2	818
22502	0	6221
22502	1	7637
22503	0	6221
22503	1	7509
22504	0	4790
22504	1	2122
22505	2	2690
22506	2	142
22507	0	3791
22507	1	1791
22508	0	4046
22508	1	2122
22509	2	2002
22510	2	7980
22511	2	3121
22512	2	7957
22513	0	5319
22513	1	1960
22514	2	5680
22515	0	6112
22515	1	1205
22516	0	2710
22516	1	6853
22517	0	2504
22517	1	2088
22518	2	2864
22519	2	1233
22520	2	2299
22521	0	5579
22521	1	6594
22522	0	7137
22522	1	830
22523	0	3704
22523	1	3451
22524	0	7777
22524	1	3860
22525	0	5453
22525	1	8227
22526	2	1996
22527	0	8351
22527	1	1930
22528	0	1508
22528	1	7362
22529	0	6136
22529	1	5420
22530	0	6138
22530	1	830
22531	2	6037
22532	0	6221
22532	1	4145
22533	0	5858
22533	1	7302
22534	0	2130
22534	1	5695
22535	0	7292
22535	1	1065
22536	0	3581
22536	1	1065
22537	0	6137
22537	1	7302
22538	2	4972
22539	2	2234
22540	0	2100
22540	1	1560
22541	0	115
22541	1	6767
22542	0	2674
22542	1	7477
22543	0	2100
22543	1	7477
22544	0	5093
22544	1	6209
22545	0	3206
22545	1	5736
22546	0	2655
22546	1	7477
22547	2	6623
22548	0	7878
22548	1	4145
22549	0	5799
22549	1	1968
22550	0	1254
22550	1	1631
22551	0	656
22551	1	4230
22552	0	6285
22552	1	4230
22553	2	8324
22554	0	4566
22554	1	7419
22555	0	4318
22555	1	5185
22556	2	5665
22557	2	4722
22558	2	7085
22559	0	7328
22559	1	1808
22560	0	254
22560	1	1285
22561	2	7395
22562	0	4536
22562	1	2966
22563	0	1700
22563	1	4545
22564	0	2214
22564	1	5922
22565	0	7500
22565	1	7993
22566	0	1174
22566	1	3850
22567	2	3023
22568	2	6347
22569	0	4060
22569	1	5539
22570	2	1095
22571	0	6955
22571	1	3860
22572	0	1672
22572	1	1255
22573	0	3093
22573	1	8227
22574	0	7236
22574	1	1791
22575	0	7620
22575	1	6920
22576	2	1277
22577	2	4290
22578	0	5434
22578	1	7295
22579	0	6732
22579	1	7295
22580	0	246
22580	1	4230
22581	2	1210
22582	0	225
22582	1	4457
22583	2	3494
22584	0	668
22584	1	8188
22585	0	4838
22585	1	4644
22586	0	2015
22586	1	5832
22587	2	8616
22588	0	5573
22588	1	7424
22589	2	1948
22590	2	658
22591	0	1763
22591	1	4644
22592	0	930
22592	1	6575
22593	0	7500
22593	1	297
22594	0	7758
22594	1	6015
22595	0	7292
22595	1	2122
22596	0	2241
22596	1	648
22597	2	3679
22598	0	5007
22598	1	6083
22599	2	7990
22600	0	7350
22600	1	2117
22601	0	7500
22601	1	4578
22602	0	2092
22602	1	1285
22603	0	7227
22603	1	5539
22604	2	7259
22605	0	7809
22605	1	8287
22606	0	6331
22606	1	2098
22607	0	7500
22607	1	7454
22608	0	5698
22608	1	3565
22609	0	6337
22609	1	3989
22610	2	6681
22611	0	115
22611	1	6575
22612	0	600
22612	1	4457
22613	2	610
22614	0	7892
22614	1	1792
22615	0	2743
22615	1	4030
22616	2	2483
22617	0	6337
22617	1	7652
22618	0	1672
22618	1	3059
22619	0	4833
22619	1	4902
22620	0	7693
22620	1	8549
22621	2	1555
22622	0	6816
22622	1	3469
22623	0	2427
22623	1	4578
22624	0	7633
22624	1	7477
22625	0	4135
22625	1	7477
22626	2	5629
22627	2	5578
22628	2	1394
22629	2	7669
22630	2	2303
22631	0	403
22631	1	5695
22632	0	254
22632	1	3956
22633	0	7118
22633	1	3789
22634	2	955
22635	2	8150
22636	0	3165
22636	1	5803
22637	0	7328
22637	1	1969
22638	0	6285
22638	1	8551
22639	0	4838
22639	1	1843
22640	2	820
22641	0	5462
22641	1	86
22642	0	5468
22642	1	8551
22643	2	7277
22644	0	7328
22644	1	7904
22645	0	986
22645	1	7179
22646	2	2657
22647	0	47
22647	1	3780
22648	0	3791
22648	1	355
22649	2	4469
22650	0	663
22650	1	3729
22651	0	3327
22651	1	3399
22652	2	3405
22653	2	3115
22654	0	7921
22654	1	7652
22655	2	8128
22656	0	4642
22656	1	3244
22657	0	1258
22657	1	7993
22658	0	2015
22658	1	7993
22659	2	5428
22660	0	6331
22660	1	5995
22661	2	5658
22662	2	7019
22663	2	7147
22664	2	6290
22665	0	5193
22665	1	5214
22666	2	206
22667	0	242
22667	1	7941
22668	0	5799
22668	1	7941
22669	0	2333
22669	1	1968
22670	0	3206
22670	1	4230
22671	0	7758
22671	1	4644
22672	0	8036
22672	1	1375
22673	2	5843
22674	0	7118
22674	1	1375
22675	2	2289
22676	0	8237
22676	1	8368
22677	0	1508
22677	1	278
22678	0	7809
22678	1	6428
22679	0	7350
22679	1	1960
22680	0	2001
22680	1	1960
22681	2	2487
22682	0	7826
22682	1	2088
22683	0	8644
22683	1	2088
22684	0	822
22684	1	6718
22685	2	6326
22686	0	3581
22686	1	5995
22687	2	1402
22688	0	7292
22688	1	2761
22689	2	6720
22690	2	5962
22691	2	3270
22692	0	7756
22692	1	3956
22693	2	4778
22694	0	4212
22694	1	5922
22695	2	6958
22696	0	3445
22696	1	7477
22697	0	3206
22697	1	355
22698	0	3791
22698	1	518
22699	2	1771
22700	0	6337
22700	1	2088
22701	2	6219
22702	2	3333
22703	0	8602
22703	1	6596
22704	0	3307
22704	1	5500
22705	2	3465
22706	0	1874
22706	1	510
22707	0	3307
22707	1	1808
22708	0	1547
22708	1	1808
22709	2	1952
22710	2	1494
22711	0	1135
22711	1	5178
22712	0	2743
22712	1	4230
22713	0	6011
22713	1	2799
22714	2	4350
22715	0	174
22715	1	3882
22716	2	7668
22717	2	6980
22718	2	2512
22719	0	2743
22719	1	7477
22720	2	2641
22721	2	2876
22722	0	6547
22722	1	7295
22723	0	2513
22723	1	6718
22724	0	5487
22724	1	7295
22725	2	4945
22726	0	3917
22726	1	7477
22727	2	1396
22728	0	4266
22728	1	4510
22729	0	8216
22729	1	7081
22730	2	7793
22731	0	6136
22731	1	5484
22732	0	4663
22732	1	1473
22733	0	3445
22733	1	2496
22734	0	2214
22734	1	5185
22735	0	2141
22735	1	3860
22736	2	866
22737	0	3093
22737	1	3850
22738	2	7589
22739	2	3764
22740	0	7754
22740	1	5922
22741	2	2996
22742	0	3960
22742	1	5736
22743	0	2743
22743	1	5539
22744	0	7251
22744	1	6669
22745	2	5633
22746	0	7813
22746	1	7739
22747	2	4982
22748	2	6878
22749	0	5562
22749	1	7424
22750	0	5487
22750	1	7509
22751	0	8250
22751	1	7477
22752	0	4084
22752	1	3882
22753	0	7137
22753	1	3061
22754	2	5513
22755	0	2743
22755	1	2355
22756	2	8040
22757	0	7921
22757	1	3989
22758	0	1135
22758	1	3989
22759	2	4841
22760	2	1280
22761	0	7754
22761	1	648
22762	2	3354
22763	2	3070
22764	0	7197
22764	1	5995
22765	0	3240
22765	1	5828
22766	2	6026
22767	2	7035
22768	2	1957
22769	0	1895
22769	1	5828
22770	2	3675
22771	0	5858
22771	1	1969
22772	0	3601
22772	1	1969
22773	0	7809
22773	1	6709
22774	2	2301
22775	2	767
22776	2	3006
22777	0	5541
22777	1	6914
22778	0	2655
22778	1	2652
22779	0	6318
22779	1	8465
22780	2	5145
22781	0	7874
22781	1	2355
22782	0	4560
22782	1	3244
22783	0	2130
22783	1	2501
22784	2	4649
22785	0	1258
22785	1	6656
22786	0	2311
22786	1	1843
22787	0	8644
22787	1	4457
22788	2	6258
22789	0	4560
22789	1	2117
22790	2	8280
22791	2	5305
22792	2	4044
22793	0	617
22793	1	1285
22794	2	1824
22795	2	7040
22796	0	3689
22796	1	688
22797	0	3420
22797	1	6853
22798	2	7952
22799	0	478
22799	1	1808
22800	2	4148
22801	0	7292
22801	1	3469
22802	0	7777
22802	1	1808
22803	0	7826
22803	1	7904
22804	2	1361
22805	0	3581
22805	1	4457
22806	0	7813
22806	1	4230
22807	2	1909
22808	0	2706
22808	1	3956
22809	0	6459
22809	1	5832
22810	2	8023
22811	2	963
22812	0	7499
22812	1	3564
22813	0	7754
22813	1	5420
22814	0	7500
22814	1	858
22815	0	663
22815	1	4041
22816	2	534
22817	2	3820
22818	0	403
22818	1	4030
22819	2	7287
22820	0	6889
22820	1	3564
22821	0	8191
22821	1	2777
22822	0	1258
22822	1	5394
22823	0	3075
22823	1	1791
22824	0	2333
22824	1	7989
22825	2	6549
22826	2	1303
22827	0	7833
22827	1	5484
22828	2	3043
22829	2	3058
22830	2	6007
22831	2	2642
22832	2	7223
22833	0	2655
22833	1	2574
22834	2	2998
22835	0	8319
22835	1	3860
22836	0	6136
22836	1	2755
22837	0	7809
22837	1	7029
22838	0	1926
22838	1	3469
22839	2	748
22840	0	703
22840	1	283
22841	2	674
22842	2	2382
22843	0	5093
22843	1	1808
22844	0	6294
22844	1	5695
22845	0	4538
22845	1	4644
22846	2	8089
22847	2	8317
22848	2	7008
22849	0	6331
22849	1	5760
22850	0	5103
22850	1	5760
22851	0	6221
22851	1	830
22852	2	6443
22853	2	5693
22854	0	6093
22854	1	3564
22855	2	8419
22856	0	5453
22856	1	1791
22857	0	225
22857	1	1791
22858	0	225
22858	1	3611
22859	0	3952
22859	1	6718
22860	2	4327
22861	2	178
22862	0	1672
22862	1	830
22863	2	6210
22864	2	6725
22865	0	2297
22865	1	830
22866	0	5824
22866	1	3611
22867	0	5824
22867	1	8621
22868	2	434
22869	2	1242
22870	0	2781
22870	1	1255
22871	0	4536
22871	1	3989
22872	0	3093
22872	1	5695
22873	0	2674
22873	1	5178
22874	0	3870
22874	1	2117
22875	0	7416
22875	1	1808
22876	0	47
22876	1	6083
22877	0	3825
22877	1	7486
22878	2	331
22879	2	1673
22880	0	3445
22880	1	5695
22881	0	3581
22881	1	3611
22882	0	1899
22882	1	5832
22883	2	4581
22884	0	5233
22884	1	2671
22885	0	4899
22885	1	392
22886	0	3381
22886	1	742
22887	2	3352
22888	0	1508
22888	1	5558
22889	0	1672
22889	1	6596
22890	2	7116
22891	0	3027
22891	1	2966
22892	0	1258
22892	1	3956
22893	0	2674
22893	1	7029
22894	0	254
22894	1	1413
22895	0	663
22895	1	830
22896	0	5939
22896	1	6920
22897	0	2633
22897	1	4221
22898	0	3601
22898	1	1838
22899	2	8630
22900	0	52
22900	1	6853
22901	2	3141
22902	0	254
22902	1	6656
22903	0	6294
22903	1	1631
22904	0	223
22904	1	4816
22905	0	2551
22905	1	5695
22906	0	6331
22906	1	3945
22907	0	2108
22907	1	4484
22908	2	5811
22909	0	3704
22909	1	1413
22910	0	4251
22910	1	1375
22911	2	2716
22912	2	5538
22913	2	4612
22914	2	2279
22915	0	7118
22915	1	7730
22916	0	8443
22916	1	4145
22917	0	893
22917	1	3469
22918	0	7499
22918	1	6015
22919	0	7350
22919	1	5185
22920	2	2409
22921	2	6006
22922	0	5541
22922	1	3999
22923	0	6138
22923	1	2355
22924	0	3889
22924	1	7419
22925	2	5783
22926	0	899
22926	1	283
22927	2	1355
22928	0	5799
22928	1	3399
22929	0	3165
22929	1	2614
22930	0	7557
22930	1	7419
22931	2	5338
22932	0	4759
22932	1	1413
22933	0	1895
22933	1	1413
22934	2	4353
22935	0	983
22935	1	4030
22936	0	1135
22936	1	3564
22937	2	5087
22938	0	5568
22938	1	6718
22939	2	8180
22940	2	2605
22941	2	8199
22942	0	6138
22942	1	86
22943	2	4598
22944	2	583
22945	2	6068
22946	2	3838
22947	2	1147
22948	2	7934
22949	0	1254
22949	1	5736
22950	2	3692
22951	2	8449
22952	0	4642
22952	1	2122
22953	2	1704
22954	2	4949
22955	0	2092
22955	1	2088
22956	0	2001
22956	1	2761
22957	2	6591
22958	0	6221
22958	1	464
22959	2	3800
22960	0	4663
22960	1	1255
22961	0	5562
22961	1	1255
22962	0	3337
22962	1	6083
22963	0	2945
22963	1	7419
22964	2	5120
22965	0	1258
22965	1	1969
22966	0	7156
22966	1	6199
22967	2	6567
22968	0	2015
22968	1	3174
22969	0	5858
22969	1	4861
22970	2	2384
22971	0	4135
22971	1	5995
22972	0	4899
22972	1	3956
22973	0	403
22973	1	3956
22974	2	3143
22975	0	2674
22975	1	234
22976	0	115
22976	1	234
22977	0	3444
22977	1	5832
22978	2	34
22979	2	917
22980	2	6726
22981	0	5434
22981	1	7904
22982	2	6690
22983	0	8251
22983	1	7419
22984	2	5888
22985	0	5093
22985	1	3611
22986	0	225
22986	1	4145
22987	0	5319
22987	1	3404
22988	0	6011
22988	1	726
22989	2	565
22990	2	7426
22991	0	2956
22991	1	3956
22992	2	7111
22993	0	7556
22993	1	5185
22994	2	1942
22995	0	1288
22995	1	283
22996	0	2577
22996	1	5420
22997	0	7557
22997	1	1413
22998	0	175
22998	1	8134
22999	0	4606
22999	1	1223
23000	0	3501
23000	1	6015
23001	2	1659
23002	2	2634
23003	0	2706
23003	1	4122
23004	0	7118
23004	1	6718
23005	0	7137
23005	1	4457
23006	0	7349
23006	1	6663
23007	0	4094
23007	1	4644
23008	0	663
23008	1	1808
23009	0	1135
23009	1	7904
23010	0	2780
23010	1	4230
23011	0	3444
23011	1	4041
23012	0	358
23012	1	6283
23013	0	7270
23013	1	5483
23014	0	7349
23014	1	2777
23015	0	1348
23015	1	6015
23016	0	5103
23016	1	1498
23017	0	242
23017	1	1498
23018	0	7416
23018	1	3564
23019	2	6384
23020	2	7458
23021	0	7292
23021	1	283
23022	2	4412
23023	2	4409
23024	0	6577
23024	1	234
23025	2	4951
23026	0	1672
23026	1	3789
23027	0	3917
23027	1	3789
23028	0	4113
23028	1	797
23029	2	2147
23030	2	6610
23031	2	537
23032	2	5365
