0	2	2775
1	2	461
2	2	3010
3	2	4087
4	2	1038
5	0	1623
5	1	1040
6	0	3213
6	1	1040
7	2	4202
8	0	1623
8	1	4450
9	2	1244
10	2	1571
11	2	4122
12	2	4012
13	0	1446
13	1	4450
14	2	4591
15	0	1623
15	1	4202
16	2	3995
17	2	691
18	2	1255
19	2	2257
20	2	3460
21	2	212
22	2	1771
23	2	708
24	2	91
25	2	2014
26	2	2623
27	2	608
28	2	1303
29	2	1794
30	0	1623
30	1	3031
31	2	3298
32	0	302
32	1	1074
33	2	626
34	0	1753
34	1	3995
35	2	4832
36	0	3213
36	1	3995
37	2	3826
38	0	3213
38	1	108
39	2	4679
40	2	581
41	2	2173
42	2	1754
43	0	1544
43	1	1040
44	2	4276
45	2	2485
46	0	1623
46	1	4012
47	2	1055
48	2	4856
49	0	1623
49	1	275
50	2	4810
51	0	863
51	1	108
52	0	884
52	1	4450
53	2	3491
54	2	3838
55	2	551
56	2	1491
57	0	1623
57	1	4043
58	2	2689
59	0	4955
59	1	4450
60	2	3910
61	0	1446
61	1	2039
62	0	1446
62	1	4012
63	0	3213
63	1	275
64	2	1480
65	2	534
66	2	2864
67	0	3448
67	1	1074
68	0	2133
68	1	1040
69	2	3702
70	2	1175
71	2	4260
72	2	3444
73	0	3213
73	1	1692
74	0	3213
74	1	4709
75	2	23
76	2	4478
77	2	641
78	0	3884
78	1	1040
79	0	4218
79	1	1040
80	2	2546
81	0	3213
81	1	825
82	0	4955
82	1	399
83	0	3428
83	1	1040
84	2	2685
85	0	3527
85	1	4450
86	0	2550
86	1	1244
87	0	3497
87	1	108
88	0	3213
88	1	708
89	2	2586
90	2	902
91	0	1623
91	1	2864
92	2	2267
93	2	358
94	0	4653
94	1	4709
95	2	743
96	0	1623
96	1	3539
97	0	884
97	1	461
98	0	4955
98	1	2039
99	0	4955
99	1	4709
100	0	4653
100	1	4202
101	2	1036
102	2	2451
103	0	929
103	1	4202
104	2	2829
105	2	2185
106	0	904
106	1	2071
107	2	760
108	2	3071
109	0	3213
109	1	3475
110	2	1898
111	2	2109
112	2	4914
113	0	1596
113	1	3031
114	2	57
115	0	3884
115	1	1771
116	0	2657
116	1	4907
117	0	884
117	1	4043
118	0	4955
118	1	4087
119	2	3776
120	2	2143
121	0	863
121	1	2510
122	0	1623
122	1	253
123	0	863
123	1	1771
124	2	1866
125	2	587
126	2	1905
127	0	2550
127	1	4087
128	2	612
129	0	3213
129	1	4087
130	2	333
131	2	2011
132	2	11
133	0	3213
133	1	2864
134	2	4075
135	0	2790
135	1	108
136	0	4644
136	1	1074
137	0	5153
137	1	4202
138	2	3164
139	0	863
139	1	2870
140	2	3396
141	0	1623
141	1	2071
142	0	1623
142	1	3860
143	0	3428
143	1	461
144	0	2550
144	1	3475
145	0	3527
145	1	1771
146	2	2621
147	2	2068
148	0	1753
148	1	108
149	0	879
149	1	4202
150	2	1008
151	0	3213
151	1	3175
152	0	1178
152	1	1558
153	0	4955
153	1	4043
154	0	1623
154	1	3054
155	0	3497
155	1	4202
156	2	3967
157	0	3213
157	1	4012
158	2	3376
159	2	4886
160	0	585
160	1	776
161	0	1753
161	1	399
162	0	1659
162	1	2159
163	0	1544
163	1	1074
164	0	1544
164	1	3031
165	0	2657
165	1	399
166	0	2550
166	1	399
167	2	3620
168	2	2417
169	2	1290
170	0	3604
170	1	1074
171	0	1753
171	1	708
172	2	1739
173	2	512
174	0	1596
174	1	399
175	0	4955
175	1	4755
176	0	863
176	1	4755
177	0	4218
177	1	399
178	0	1753
178	1	1692
179	2	1369
180	2	2435
181	0	1659
181	1	4450
182	0	1446
182	1	1891
183	0	3428
183	1	3054
184	2	1839
185	2	121
186	0	4955
186	1	253
187	0	4955
187	1	930
188	2	777
189	0	884
189	1	4012
190	2	4611
191	2	2158
192	0	1446
192	1	1244
193	2	4
194	0	3884
194	1	4043
195	0	1623
195	1	4543
196	2	3049
197	0	1544
197	1	4087
198	0	3754
198	1	503
199	2	910
200	0	1446
200	1	3995
201	2	871
202	2	1670
203	0	3428
203	1	2775
204	2	836
205	0	2790
205	1	1040
206	0	879
206	1	776
207	0	1623
207	1	4569
208	0	2701
208	1	4450
209	0	4218
209	1	4202
210	0	4955
210	1	1891
211	2	1064
212	2	3703
213	2	554
214	2	3042
215	0	1623
215	1	4038
216	0	4955
216	1	4810
217	0	3045
217	1	4087
218	2	3832
219	0	3213
219	1	4420
220	2	146
221	2	855
222	0	2550
222	1	503
223	2	1279
224	0	3754
224	1	1794
225	0	3428
225	1	4202
226	2	673
227	0	302
227	1	4202
228	0	1623
228	1	1558
229	0	2550
229	1	95
230	0	3045
230	1	461
231	0	4955
231	1	825
232	0	863
232	1	4684
233	0	3527
233	1	2510
234	0	3428
234	1	2039
235	0	4621
235	1	461
236	0	1446
236	1	776
237	0	2249
237	1	4202
238	2	2419
239	0	4852
239	1	4450
240	0	904
240	1	4450
241	2	1671
242	2	1536
243	2	3647
244	0	884
244	1	4087
245	2	282
246	0	1753
246	1	3031
247	2	1281
248	2	4229
249	0	884
249	1	4709
250	2	1519
251	2	3522
252	2	1686
253	0	5153
253	1	399
254	2	4714
255	2	3323
256	2	3691
257	2	2904
258	0	3213
258	1	4543
259	0	3884
259	1	2775
260	0	1753
260	1	3010
261	0	4653
261	1	399
262	0	1753
262	1	825
263	0	2507
263	1	3010
264	0	3667
264	1	1040
265	2	2895
266	2	1721
267	2	2311
268	0	3810
268	1	4450
269	0	3591
269	1	1571
270	2	4451
271	2	4452
272	0	3527
272	1	4709
273	2	1846
274	2	3705
275	0	1623
275	1	4684
276	2	3829
277	0	1178
277	1	399
278	0	1623
278	1	2220
279	2	2878
280	2	342
281	0	3213
281	1	4755
282	2	5030
283	2	3489
284	0	302
284	1	1040
285	0	3428
285	1	3735
286	2	4339
287	0	3922
287	1	108
288	2	3799
289	2	1534
290	0	1544
290	1	825
291	0	3213
291	1	2071
292	2	2866
293	0	2249
293	1	3031
294	0	1623
294	1	3109
295	2	2624
296	0	5057
296	1	399
297	2	1017
298	0	3884
298	1	2864
299	0	929
299	1	4907
300	2	3114
301	2	1770
302	0	1623
302	1	4371
303	0	2550
303	1	3910
304	0	3884
304	1	3475
305	0	1753
305	1	1074
306	2	2793
307	2	2408
308	2	711
309	2	1197
310	2	3310
311	2	591
312	2	40
313	0	4955
313	1	358
314	0	2303
314	1	1040
315	0	1623
315	1	802
316	2	226
317	2	4556
318	0	3884
318	1	3735
319	0	4955
319	1	3539
320	0	3134
320	1	2485
321	0	3428
321	1	3175
322	0	2959
322	1	1040
323	0	3884
323	1	4087
324	0	2249
324	1	4043
325	2	2139
326	2	615
327	0	918
327	1	4202
328	0	2550
328	1	708
329	2	4280
330	0	1623
330	1	2068
331	0	1737
331	1	399
332	0	1446
332	1	4543
333	0	1544
333	1	4804
334	0	302
334	1	3010
335	0	1544
335	1	275
336	0	863
336	1	3460
337	0	4377
337	1	1074
338	0	2249
338	1	1571
339	0	4955
339	1	3298
340	2	900
341	0	863
341	1	2173
342	0	3045
342	1	1891
343	0	4004
343	1	4450
344	0	3428
344	1	275
345	0	3753
345	1	108
346	2	940
347	2	4338
348	2	3608
349	0	3743
349	1	3995
350	2	3641
351	2	1592
352	0	2303
352	1	399
353	0	3342
353	1	4907
354	2	4604
355	0	1753
355	1	1244
356	2	3869
357	0	3105
357	1	461
358	0	3001
358	1	3031
359	2	1373
360	2	548
361	0	3754
361	1	2510
362	2	5151
363	2	4387
364	2	1062
365	2	4425
366	2	3085
367	2	2322
368	2	4136
369	2	2041
370	0	3045
370	1	4938
371	2	1250
372	0	3527
372	1	4043
373	0	863
373	1	4043
374	2	4846
375	2	496
376	0	2507
376	1	3031
377	0	3213
377	1	3109
378	2	3120
379	2	3654
380	0	3497
380	1	399
381	0	3754
381	1	4684
382	2	5161
383	0	1446
383	1	95
384	0	1544
384	1	1692
385	0	904
385	1	5127
386	0	585
386	1	3175
387	2	4333
388	0	1446
388	1	2779
389	0	5153
389	1	825
390	2	4688
391	0	1623
391	1	3547
392	0	884
392	1	2864
393	2	2928
394	0	1308
394	1	3010
395	2	335
396	2	1095
397	2	2384
398	0	4955
398	1	128
399	2	700
400	0	2607
400	1	4907
401	2	124
402	0	4955
402	1	2485
403	2	4692
404	0	4218
404	1	1571
405	2	3056
406	2	362
407	0	4653
407	1	1692
408	2	3468
409	2	4627
410	0	2097
410	1	3031
411	0	4777
411	1	2510
412	0	1623
412	1	1013
413	0	279
413	1	2159
414	0	4955
414	1	4938
415	2	4402
416	0	3754
416	1	4755
417	0	801
417	1	4450
418	2	4061
419	2	4975
420	2	5043
421	0	1623
421	1	4589
422	0	1178
422	1	2510
423	2	4635
424	0	3213
424	1	2220
425	0	3428
425	1	3010
426	0	884
426	1	4122
427	2	3066
428	0	3591
428	1	3910
429	0	1178
429	1	4450
430	2	3386
431	0	1623
431	1	4463
432	2	1650
433	0	3213
433	1	1664
434	2	1530
435	0	585
435	1	3475
436	2	1383
437	2	3216
438	0	2550
438	1	4569
439	0	1544
439	1	708
440	0	2526
440	1	3010
441	2	3006
442	0	2550
442	1	3995
443	0	4618
443	1	3010
444	0	2790
444	1	1074
445	0	1596
445	1	708
446	0	3922
446	1	4202
447	2	5067
448	2	3317
449	2	1475
450	2	3330
451	0	2550
451	1	4589
452	2	1171
453	0	4860
453	1	3613
454	2	3442
455	2	0
456	0	4377
456	1	2325
457	2	484
458	2	3976
459	2	5094
460	2	2112
461	0	3045
461	1	4420
462	2	4683
463	0	904
463	1	4466
464	0	3213
464	1	3460
465	0	1544
465	1	4709
466	2	3925
467	0	2186
467	1	503
468	2	715
469	2	2730
470	2	4346
471	2	1787
472	0	585
472	1	108
473	2	1311
474	2	820
475	2	1760
476	2	209
477	0	1623
477	1	4967
478	0	1659
478	1	503
479	2	2732
480	0	879
480	1	3735
481	2	2171
482	0	5153
482	1	3010
483	0	751
483	1	108
484	2	2637
485	0	3527
485	1	253
486	0	2133
486	1	4420
487	0	2133
487	1	825
488	2	2630
489	0	3884
489	1	4012
490	0	1659
490	1	4478
491	2	2073
492	0	3045
492	1	4804
493	0	1446
493	1	4619
494	2	2683
495	2	1138
496	0	3996
496	1	3910
497	0	3810
497	1	3031
498	2	2593
499	0	3213
499	1	503
500	0	3953
500	1	1074
501	0	4955
501	1	2974
502	0	3591
502	1	2039
503	2	5158
504	0	4955
504	1	71
505	0	4852
505	1	399
506	2	2434
507	2	433
508	2	1630
509	2	4356
510	2	672
511	0	884
511	1	3910
512	2	1484
513	0	279
513	1	1794
514	0	863
514	1	3682
515	2	3407
516	0	2657
516	1	108
517	2	1880
518	2	1000
519	0	3996
519	1	4804
520	0	2790
520	1	2775
521	2	3496
522	0	2133
522	1	2775
523	0	2959
523	1	3031
524	2	4178
525	0	918
525	1	399
526	2	3374
527	0	3213
527	1	2774
528	2	1189
529	0	2395
529	1	399
530	0	2550
530	1	4967
531	2	3046
532	2	4625
533	0	2959
533	1	2775
534	0	3754
534	1	2951
535	0	3591
535	1	2098
536	2	315
537	2	1987
538	2	4380
539	2	2855
540	2	285
541	2	3603
542	2	3669
543	2	5011
544	2	4340
545	0	1623
545	1	5132
546	0	2701
546	1	2039
547	0	1178
547	1	4202
548	2	4104
549	0	884
549	1	4907
550	2	5108
551	0	2133
551	1	708
552	2	2473
553	2	2045
554	0	3922
554	1	4907
555	0	2550
555	1	3298
556	2	36
557	0	1544
557	1	3910
558	2	502
559	0	3884
559	1	2039
560	0	3527
560	1	4675
561	2	1060
562	0	3105
562	1	4202
563	0	879
563	1	2510
564	2	94
565	2	3673
566	2	4918
567	0	5153
567	1	1794
568	2	1486
569	0	279
569	1	776
570	2	2380
571	0	3213
571	1	5127
572	2	3745
573	0	4955
573	1	1664
574	0	2303
574	1	4450
575	2	4519
576	2	4089
577	0	439
577	1	4202
578	0	4955
578	1	2325
579	0	3527
579	1	2098
580	0	3283
580	1	3475
581	2	2980
582	0	4644
582	1	4043
583	0	791
583	1	1771
584	0	120
584	1	461
585	0	2186
585	1	4202
586	2	451
587	0	4955
587	1	1013
588	0	4644
588	1	4804
589	0	2550
589	1	3109
590	0	2249
590	1	4938
591	0	904
591	1	3010
592	2	2929
593	0	3272
593	1	4126
594	0	1596
594	1	1771
595	0	2550
595	1	1013
596	2	2201
597	2	3455
598	2	4077
599	0	3922
599	1	3539
600	0	1544
600	1	1891
601	2	2231
602	2	4893
603	0	4875
603	1	4907
604	0	4644
604	1	108
605	0	2550
605	1	2870
606	2	1876
607	0	161
607	1	2775
608	2	946
609	2	1140
610	2	4713
611	0	1446
611	1	1053
612	2	3787
613	2	4123
614	0	1446
614	1	3042
615	0	3045
615	1	1692
616	2	521
617	0	4955
617	1	816
618	0	863
618	1	512
619	2	5093
620	2	2046
621	0	2550
621	1	1599
622	0	2151
622	1	4450
623	2	371
624	0	3213
624	1	1642
625	0	4955
625	1	4659
626	0	3753
626	1	399
627	2	2646
628	2	321
629	2	4140
630	0	3497
630	1	4087
631	2	2515
632	0	879
632	1	3995
633	0	863
633	1	3175
634	0	2959
634	1	2098
635	0	1659
635	1	108
636	2	4505
637	2	2588
638	2	4438
639	0	2959
639	1	4938
640	0	4794
640	1	3031
641	0	527
641	1	3031
642	0	884
642	1	5127
643	2	1135
644	2	988
645	0	2550
645	1	957
646	2	1229
647	2	3930
648	0	2795
648	1	399
649	2	4637
650	2	1934
651	0	4850
651	1	608
652	2	1314
653	0	4860
653	1	3613
654	0	2657
654	1	4012
655	0	3105
655	1	825
656	2	1237
657	0	1596
657	1	4709
658	2	2523
659	2	3210
660	2	2032
661	2	4279
662	0	1544
662	1	3860
663	0	1753
663	1	2870
664	0	3045
664	1	1571
665	2	3250
666	0	345
666	1	1040
667	2	3432
668	2	4426
669	2	4078
670	0	3591
670	1	253
671	0	3213
671	1	4463
672	2	4553
673	2	4685
674	2	2751
675	2	4006
676	0	2550
676	1	1212
677	2	4515
678	2	4299
679	2	1115
680	0	3213
680	1	2068
681	0	585
681	1	4420
682	2	3331
683	2	4305
684	2	1730
685	0	2133
685	1	1244
686	2	2458
687	0	5057
687	1	4907
688	2	2513
689	2	4873
690	0	4860
690	1	3613
691	0	3743
691	1	1074
692	2	2017
693	2	3589
694	0	863
694	1	4938
695	0	3213
695	1	957
696	0	2550
696	1	4804
697	2	2659
698	0	3213
698	1	2815
699	2	2555
700	0	2729
700	1	461
701	0	904
701	1	1040
702	2	1813
703	2	4718
704	0	585
704	1	4202
705	0	585
705	1	275
706	0	2133
706	1	1692
707	2	2850
708	2	577
709	2	3253
710	0	4955
710	1	3967
711	0	884
711	1	2446
712	0	3213
712	1	1212
713	2	175
714	0	879
714	1	2071
715	0	606
715	1	2039
716	0	851
716	1	3010
717	2	4037
718	0	4644
718	1	1771
719	2	2527
720	0	2133
720	1	776
721	2	3156
722	2	3027
723	0	527
723	1	4202
724	0	2507
724	1	4804
725	0	884
725	1	4569
726	2	1745
727	2	2635
728	0	4955
728	1	1384
729	2	4186
730	0	1544
730	1	2815
731	0	279
731	1	3919
732	2	3048
733	2	1827
734	0	2959
734	1	825
735	0	585
735	1	3031
736	0	606
736	1	4012
737	0	3527
737	1	3910
738	0	3213
738	1	3298
739	2	363
740	0	3980
740	1	1571
741	2	2016
742	0	1623
742	1	1599
743	2	4492
744	0	1446
744	1	5132
745	0	1753
745	1	5127
746	2	3174
747	0	2151
747	1	4804
748	0	48
748	1	4450
749	2	1668
750	2	1840
751	0	3810
751	1	1692
752	2	3893
753	2	3466
754	2	2402
755	2	2377
756	2	2748
757	2	5031
758	0	2701
758	1	1074
759	0	5153
759	1	3735
760	2	4840
761	2	1379
762	0	1446
762	1	1013
763	2	3552
764	2	3926
765	0	884
765	1	1822
766	2	3385
767	0	2400
767	1	4043
768	2	4991
769	2	387
770	0	1446
770	1	4696
771	0	1659
771	1	4755
772	0	4850
772	1	4012
773	0	3667
773	1	4043
774	0	3497
774	1	1794
775	2	3504
776	0	2186
776	1	1074
777	2	1808
778	0	1623
778	1	128
779	0	279
779	1	4379
780	0	3884
780	1	3860
781	2	3801
782	0	3213
782	1	1176
783	0	3213
783	1	5050
784	0	2186
784	1	1040
785	2	2244
786	2	3131
787	0	2745
787	1	4450
788	0	2790
788	1	253
789	2	4029
790	2	3273
791	2	3618
792	0	4955
792	1	1257
793	0	4218
793	1	4755
794	0	860
794	1	2039
795	0	1308
795	1	1771
796	0	4699
796	1	3475
797	2	538
798	2	4318
799	0	1637
799	1	399
800	0	2657
800	1	3539
801	0	1593
801	1	2039
802	2	696
803	2	5054
804	2	3580
805	2	1892
806	0	4486
806	1	108
807	2	3229
808	0	1596
808	1	1571
809	2	921
810	2	4174
811	2	5137
812	0	879
812	1	399
813	0	4955
813	1	4836
814	0	1753
814	1	503
815	2	437
816	2	986
817	2	305
818	0	2550
818	1	358
819	0	884
819	1	5050
820	2	2919
821	0	2959
821	1	275
822	0	1596
822	1	4569
823	0	3922
823	1	4420
824	0	1446
824	1	1558
825	0	4852
825	1	4043
826	0	884
826	1	1053
827	0	3591
827	1	3995
828	0	1308
828	1	253
829	2	3369
830	2	4945
831	2	4594
832	0	3428
832	1	4804
833	0	1753
833	1	1794
834	0	863
834	1	4260
835	0	3213
835	1	859
836	2	72
837	0	30
837	1	2775
838	0	2249
838	1	2864
839	2	4502
840	2	4531
841	2	5051
842	0	2507
842	1	2774
843	2	2003
844	2	184
845	2	5071
846	2	2052
847	2	942
848	0	879
848	1	503
849	0	1734
849	1	3031
850	0	3667
850	1	4755
851	0	3213
851	1	3797
852	2	328
853	0	4618
853	1	3539
854	2	147
855	0	3484
855	1	2775
856	2	4941
857	0	3092
857	1	399
858	0	2657
858	1	825
859	2	4648
860	2	3762
861	0	3604
861	1	4450
862	2	2424
863	0	4218
863	1	3539
864	2	694
865	0	1446
865	1	2679
866	0	1637
866	1	4202
867	0	3428
867	1	2870
868	0	4218
868	1	4043
869	0	1753
869	1	2815
870	2	1341
871	2	2796
872	2	3896
873	0	5111
873	1	2775
874	0	302
874	1	4087
875	0	120
875	1	2510
876	0	1446
876	1	4810
877	2	103
878	2	982
879	2	4629
880	0	1178
880	1	776
881	2	2692
882	2	2204
883	0	2651
883	1	4450
884	0	2959
884	1	3735
885	2	4474
886	0	1659
886	1	3735
887	2	4987
888	2	4148
889	0	302
889	1	3539
890	0	5057
890	1	1040
891	2	281
892	0	3342
892	1	3031
893	0	1732
893	1	275
894	0	3884
894	1	1794
895	2	1525
896	2	4329
897	2	3235
898	0	3922
898	1	4012
899	2	1848
900	0	527
900	1	825
901	2	1601
902	2	2944
903	0	3469
903	1	95
904	0	3497
904	1	4675
905	0	3527
905	1	5127
906	0	3527
906	1	3735
907	2	1958
908	0	4653
908	1	2870
909	0	918
909	1	2775
910	2	2347
911	2	5024
912	2	2030
913	0	1544
913	1	5127
914	2	1108
915	0	2249
915	1	2098
916	0	2959
916	1	1891
917	0	4955
917	1	3799
918	0	4852
918	1	1771
919	0	500
919	1	275
920	2	4114
921	0	3045
921	1	2446
922	0	2701
922	1	461
923	0	4993
923	1	4804
924	0	527
924	1	1074
925	0	4120
925	1	275
926	2	2261
927	0	2133
927	1	275
928	0	851
928	1	1692
929	0	863
929	1	3042
930	2	2029
931	0	4233
931	1	1771
932	0	5025
932	1	1040
933	2	2085
934	0	3604
934	1	1794
935	2	4800
936	2	3856
937	0	3045
937	1	4543
938	0	3884
938	1	910
939	2	2388
940	0	2550
940	1	4126
941	2	2921
942	0	884
942	1	4371
943	0	2997
943	1	1771
944	0	3527
944	1	2068
945	0	3527
945	1	2446
946	0	2249
946	1	1013
947	0	2249
947	1	4420
948	0	4653
948	1	3682
949	0	3952
949	1	503
950	2	4845
951	2	198
952	0	4831
952	1	2039
953	0	2790
953	1	3175
954	2	874
955	0	5153
955	1	4087
956	0	1178
956	1	1074
957	0	3428
957	1	2071
958	2	2389
959	0	863
959	1	5050
960	2	3873
961	0	884
961	1	2414
962	2	131
963	2	898
964	2	1455
965	2	5166
966	2	51
967	0	879
967	1	1692
968	0	1308
968	1	2510
969	0	2526
969	1	4450
970	0	4777
970	1	4012
971	2	1658
972	2	2746
973	2	1790
974	0	3754
974	1	3735
975	0	1623
975	1	2830
976	2	1631
977	0	1367
977	1	2775
978	0	3348
978	1	1571
979	2	4633
980	0	3001
980	1	4450
981	0	48
981	1	1771
982	2	998
983	2	2910
984	2	3325
985	2	405
986	2	3177
987	0	2959
987	1	708
988	0	3448
988	1	4012
989	0	4955
989	1	2866
990	0	606
990	1	399
991	0	4852
991	1	4087
992	0	3001
992	1	1891
993	2	2610
994	2	2993
995	0	3213
995	1	1295
996	2	2429
997	0	4618
997	1	1891
998	2	4292
999	0	585
999	1	1244
1000	2	4064
1001	2	1423
1002	2	4504
1003	0	863
1003	1	4589
1004	2	4847
1005	0	1380
1005	1	1040
1006	0	4378
1006	1	4450
1007	2	2999
1008	0	2133
1008	1	4907
1009	2	3280
1010	2	4834
1011	0	3945
1011	1	2510
1012	0	2550
1012	1	2068
1013	0	1637
1013	1	108
1014	0	3272
1014	1	3860
1015	0	345
1015	1	4087
1016	0	4653
1016	1	4907
1017	2	723
1018	2	1755
1019	0	1637
1019	1	4087
1020	0	1544
1020	1	3109
1021	0	1753
1021	1	1642
1022	0	3527
1022	1	4684
1023	2	3675
1024	2	1706
1025	0	2745
1025	1	4202
1026	2	2769
1027	0	884
1027	1	2325
1028	0	2151
1028	1	4907
1029	0	3464
1029	1	4087
1030	2	2027
1031	2	3081
1032	0	2507
1032	1	2870
1033	0	3497
1033	1	3010
1034	0	4777
1034	1	1244
1035	2	3461
1036	2	3259
1037	0	1544
1037	1	3473
1038	0	3428
1038	1	2173
1039	2	2078
1040	0	4777
1040	1	3010
1041	2	2938
1042	2	2191
1043	0	3527
1043	1	1469
1044	0	3213
1044	1	3473
1045	2	4430
1046	0	2237
1046	1	275
1047	2	3723
1048	0	2133
1048	1	2039
1049	2	4274
1050	0	302
1050	1	1692
1051	2	4883
1052	0	4955
1052	1	340
1053	0	4955
1053	1	1506
1054	2	2309
1055	2	2308
1056	0	2303
1056	1	108
1057	0	2657
1057	1	1244
1058	0	4377
1058	1	4202
1059	2	1781
1060	0	3213
1060	1	4675
1061	0	3213
1061	1	3982
1062	0	4444
1062	1	3042
1063	2	2604
1064	0	3884
1064	1	5127
1065	2	5168
1066	2	2433
1067	2	2265
1068	0	3448
1068	1	1244
1069	2	270
1070	0	3428
1070	1	253
1071	0	2299
1071	1	4450
1072	2	2666
1073	0	2249
1073	1	2414
1074	0	3726
1074	1	1074
1075	0	3403
1075	1	275
1076	2	5126
1077	0	1680
1077	1	2775
1078	2	5006
1079	0	3884
1079	1	3967
1080	0	2507
1080	1	4755
1081	2	1967
1082	2	916
1083	0	4218
1083	1	4371
1084	0	863
1084	1	4619
1085	0	884
1085	1	1074
1086	0	3527
1086	1	3967
1087	2	4896
1088	0	3105
1088	1	3539
1089	0	585
1089	1	4012
1090	0	4852
1090	1	4543
1091	0	1178
1091	1	825
1092	0	863
1092	1	3967
1093	0	3105
1093	1	1244
1094	0	879
1094	1	3919
1095	0	4677
1095	1	4755
1096	0	4955
1096	1	3042
1097	2	2924
1098	0	2303
1098	1	2510
1099	0	4860
1099	1	3613
1100	0	500
1100	1	825
1101	0	2249
1101	1	3539
1102	2	1435
1103	2	1349
1104	0	4653
1104	1	2098
1105	0	2745
1105	1	4012
1106	0	302
1106	1	253
1107	0	3884
1107	1	1642
1108	0	2550
1108	1	2446
1109	2	1604
1110	2	4418
1111	2	4084
1112	0	2507
1112	1	253
1113	0	863
1113	1	4399
1114	2	2350
1115	0	884
1115	1	3109
1116	2	150
1117	2	4827
1118	0	3884
1118	1	776
1119	0	4955
1119	1	1526
1120	2	3983
1121	0	1753
1121	1	3109
1122	2	1643
1123	0	3001
1123	1	4012
1124	2	3814
1125	2	716
1126	2	1046
1127	0	1703
1127	1	5127
1128	0	2133
1128	1	2774
1129	2	3354
1130	0	3754
1130	1	4907
1131	2	4072
1132	0	3922
1132	1	1571
1133	2	15
1134	0	1659
1134	1	4684
1135	0	863
1135	1	2408
1136	2	1126
1137	0	2163
1137	1	1571
1138	0	4777
1138	1	1742
1139	0	4777
1139	1	4122
1140	2	1241
1141	2	85
1142	2	4139
1143	0	279
1143	1	11
1144	0	1738
1144	1	1074
1145	2	1253
1146	2	1520
1147	0	1113
1147	1	1692
1148	2	1222
1149	0	3604
1149	1	1053
1150	0	4004
1150	1	4087
1151	0	2550
1151	1	5050
1152	0	1308
1152	1	4938
1153	2	1451
1154	0	4860
1154	1	3613
1155	0	884
1155	1	3585
1156	2	4887
1157	2	2055
1158	2	530
1159	2	3087
1160	2	4208
1161	2	3761
1162	0	4644
1162	1	1664
1163	0	1446
1163	1	514
1164	2	1807
1165	2	3068
1166	0	1753
1166	1	3460
1167	2	889
1168	2	3333
1169	2	2379
1170	2	1023
1171	0	2395
1171	1	4202
1172	0	3092
1172	1	2775
1173	0	435
1173	1	108
1174	0	3083
1174	1	4709
1175	2	1621
1176	2	1271
1177	0	3464
1177	1	3860
1178	2	4748
1179	2	1385
1180	0	1497
1180	1	4202
1181	2	3711
1182	0	1446
1182	1	3967
1183	0	4546
1183	1	4450
1184	2	4772
1185	2	2544
1186	2	1879
1187	0	2170
1187	1	108
1188	2	3523
1189	2	4342
1190	2	3319
1191	2	1251
1192	0	4875
1192	1	4043
1193	0	2790
1193	1	3735
1194	2	5083
1195	0	3604
1195	1	2485
1196	2	1263
1197	0	1321
1197	1	1040
1198	0	1446
1198	1	3612
1199	0	177
1199	1	3735
1200	2	3924
1201	2	2781
1202	0	1753
1202	1	4804
1203	2	2124
1204	0	3785
1204	1	4154
1205	2	3011
1206	2	3176
1207	0	3884
1207	1	957
1208	2	3545
1209	0	3591
1209	1	2414
1210	0	4211
1210	1	3995
1211	0	884
1211	1	369
1212	0	3213
1212	1	4696
1213	0	3083
1213	1	1074
1214	0	3996
1214	1	95
1215	0	3105
1215	1	5050
1216	2	1350
1217	0	4875
1217	1	2870
1218	0	3754
1218	1	4450
1219	2	366
1220	2	1231
1221	0	1737
1221	1	2325
1222	2	1218
1223	2	2583
1224	0	4218
1224	1	3995
1225	0	3497
1225	1	4420
1226	0	3497
1226	1	4684
1227	2	141
1228	2	2190
1229	0	3213
1229	1	3585
1230	2	4760
1231	2	3652
1232	2	2791
1233	2	4571
1234	2	380
1235	2	599
1236	2	440
1237	2	4628
1238	2	1366
1239	2	818
1240	2	448
1241	2	2553
1242	2	4446
1243	0	1318
1243	1	3910
1244	0	3001
1244	1	4087
1245	2	568
1246	0	3642
1246	1	2779
1247	0	4777
1247	1	4371
1248	2	3474
1249	0	4875
1249	1	3735
1250	0	1623
1250	1	4626
1251	0	3604
1251	1	4466
1252	0	791
1252	1	4450
1253	0	1321
1253	1	3010
1254	0	1308
1254	1	3995
1255	0	685
1255	1	3682
1256	2	2099
1257	0	1663
1257	1	4420
1258	2	3257
1259	0	1178
1259	1	4804
1260	0	2657
1260	1	2325
1261	2	16
1262	2	2284
1263	0	4486
1263	1	4087
1264	0	3754
1264	1	512
1265	2	3632
1266	2	148
1267	0	1446
1267	1	1257
1268	0	4955
1268	1	3169
1269	0	884
1269	1	4999
1270	2	206
1271	0	1869
1271	1	4202
1272	2	4267
1273	0	2661
1273	1	2510
1274	0	439
1274	1	461
1275	0	5017
1275	1	2775
1276	0	4776
1276	1	3539
1277	0	5057
1277	1	4126
1278	0	4955
1278	1	3816
1279	2	3521
1280	2	2754
1281	0	3497
1281	1	2689
1282	0	3497
1282	1	1244
1283	0	219
1283	1	503
1284	0	3527
1284	1	5050
1285	2	5134
1286	0	4618
1286	1	4012
1287	0	161
1287	1	253
1288	0	3045
1288	1	1558
1289	2	2794
1290	0	2701
1290	1	3475
1291	2	3282
1292	2	3508
1293	2	4275
1294	0	3428
1294	1	2485
1295	0	3743
1295	1	2779
1296	0	863
1296	1	5127
1297	0	3810
1297	1	708
1298	0	3527
1298	1	1158
1299	0	3213
1299	1	2408
1300	2	1179
1301	2	815
1302	2	4476
1303	0	3884
1303	1	3590
1304	2	1010
1305	0	1749
1305	1	4450
1306	0	527
1306	1	3539
1307	0	527
1307	1	4938
1308	0	2657
1308	1	3682
1309	2	4440
1310	0	4377
1310	1	3539
1311	2	2618
1312	2	952
1313	2	1111
1314	2	3129
1315	0	302
1315	1	3735
1316	0	4004
1316	1	4938
1317	0	4876
1317	1	1571
1318	2	3766
1319	2	3363
1320	2	4924
1321	2	347
1322	2	2351
1323	0	1178
1323	1	2037
1324	0	3527
1324	1	4999
1325	2	474
1326	2	2697
1327	2	4237
1328	2	2352
1329	0	4915
1329	1	1074
1330	0	2875
1330	1	4804
1331	2	3586
1332	2	4455
1333	2	535
1334	0	4546
1334	1	2775
1335	0	4200
1335	1	4122
1336	0	435
1336	1	399
1337	2	890
1338	0	4101
1338	1	1040
1339	2	3912
1340	0	863
1340	1	2866
1341	0	884
1341	1	3071
1342	0	3260
1342	1	4450
1343	0	3667
1343	1	3539
1344	0	2237
1344	1	3475
1345	0	4777
1345	1	708
1346	2	870
1347	0	439
1347	1	4709
1348	2	1347
1349	2	2708
1350	2	336
1351	0	4777
1351	1	2220
1352	0	4378
1352	1	2039
1353	2	569
1354	2	1035
1355	0	5120
1355	1	3460
1356	2	1151
1357	2	2250
1358	2	187
1359	2	3271
1360	2	394
1361	2	2698
1362	2	2533
1363	0	3591
1363	1	1074
1364	0	4701
1364	1	4012
1365	2	3808
1366	0	4378
1366	1	3735
1367	2	4602
1368	2	349
1369	2	4145
1370	2	309
1371	2	1796
1372	0	3045
1372	1	1491
1373	0	2959
1373	1	3175
1374	0	120
1374	1	1074
1375	2	1672
1376	0	606
1376	1	503
1377	0	1544
1377	1	2414
1378	0	3497
1378	1	4938
1379	0	30
1379	1	4122
1380	2	4586
1381	0	2833
1381	1	4450
1382	0	4794
1382	1	1040
1383	0	527
1383	1	275
1384	2	603
1385	0	4211
1385	1	1212
1386	0	4218
1386	1	5132
1387	2	352
1388	2	1048
1389	2	4676
1390	2	4132
1391	0	1738
1391	1	4087
1392	2	4789
1393	0	791
1393	1	1891
1394	2	1199
1395	0	3922
1395	1	3475
1396	2	2654
1397	0	1637
1397	1	3910
1398	2	3064
1399	0	3497
1399	1	1664
1400	0	884
1400	1	4967
1401	0	1734
1401	1	2510
1402	0	3272
1402	1	4709
1403	0	4378
1403	1	1074
1404	0	2186
1404	1	1244
1405	2	1157
1406	2	3823
1407	2	1354
1408	0	3045
1408	1	1053
1409	0	302
1409	1	1754
1410	2	2196
1411	2	2382
1412	0	801
1412	1	1469
1413	0	791
1413	1	4466
1414	0	2550
1414	1	3860
1415	0	1446
1415	1	3056
1416	0	527
1416	1	4087
1417	0	2784
1417	1	1074
1418	0	1637
1418	1	2039
1419	0	3591
1419	1	2864
1420	2	4982
1421	2	3857
1422	2	1121
1423	2	2069
1424	0	5120
1424	1	1244
1425	2	459
1426	0	3604
1426	1	4938
1427	2	4020
1428	2	4750
1429	2	2421
1430	0	1607
1430	1	1571
1431	0	3591
1431	1	4675
1432	0	4211
1432	1	2779
1433	0	863
1433	1	3590
1434	2	5013
1435	0	3527
1435	1	3590
1436	0	2526
1436	1	2220
1437	0	2249
1437	1	1748
1438	2	4243
1439	2	3668
1440	0	3105
1440	1	776
1441	0	1625
1441	1	503
1442	2	65
1443	2	891
1444	0	3342
1444	1	1692
1445	0	302
1445	1	3804
1446	0	2790
1446	1	1692
1447	0	2550
1447	1	1176
1448	0	4955
1448	1	5132
1449	0	4955
1449	1	3598
1450	2	2332
1451	0	247
1451	1	4450
1452	2	3592
1453	2	4597
1454	0	3272
1454	1	1794
1455	0	3188
1455	1	2775
1456	2	2728
1457	2	1129
1458	0	3754
1458	1	1838
1459	0	3045
1459	1	5127
1460	0	585
1460	1	2173
1461	2	4443
1462	0	4955
1462	1	3514
1463	0	4546
1463	1	461
1464	2	3269
1465	2	4590
1466	0	2507
1466	1	4122
1467	0	3428
1467	1	4126
1468	2	2072
1469	2	570
1470	0	3213
1470	1	930
1471	2	260
1472	2	2891
1473	2	824
1474	2	2954
1475	2	4532
1476	0	2745
1476	1	3735
1477	0	5145
1477	1	3539
1478	0	3022
1478	1	4202
1479	0	2701
1479	1	2485
1480	0	1321
1480	1	399
1481	0	1446
1481	1	3797
1482	0	1844
1482	1	4450
1483	0	4955
1483	1	973
1484	2	4384
1485	2	3413
1486	2	1065
1487	0	3428
1487	1	4999
1488	2	4759
1489	0	2237
1489	1	2775
1490	2	2703
1491	0	4777
1491	1	4675
1492	2	1817
1493	0	1100
1493	1	2870
1494	0	3105
1494	1	1571
1495	2	97
1496	2	2656
1497	0	3045
1497	1	3109
1498	0	3045
1498	1	3735
1499	2	3220
1500	0	1446
1500	1	1642
1501	0	527
1501	1	503
1502	2	4395
1503	0	4218
1503	1	1212
1504	0	1734
1504	1	4709
1505	2	2315
1506	0	3045
1506	1	957
1507	2	4658
1508	0	3884
1508	1	3797
1509	0	4776
1509	1	2775
1510	0	4955
1510	1	2815
1511	2	1812
1512	2	2704
1513	2	3221
1514	0	3428
1514	1	3967
1515	0	2303
1515	1	3010
1516	0	2657
1516	1	2485
1517	0	3527
1517	1	1754
1518	0	3753
1518	1	4202
1519	2	657
1520	2	4258
1521	2	2707
1522	0	4117
1522	1	3010
1523	0	3045
1523	1	2220
1524	0	2959
1524	1	4420
1525	0	302
1525	1	2414
1526	2	4134
1527	0	1623
1527	1	2435
1528	0	2790
1528	1	1571
1529	0	439
1529	1	95
1530	0	2701
1530	1	4043
1531	2	1540
1532	2	2663
1533	2	3688
1534	2	2445
1535	0	3743
1535	1	4569
1536	2	2827
1537	0	3213
1537	1	615
1538	0	345
1538	1	4938
1539	2	4821
1540	2	4460
1541	2	2884
1542	2	4801
1543	2	1559
1544	0	3604
1544	1	3995
1545	0	5057
1545	1	1013
1546	2	3917
1547	2	2479
1548	2	720
1549	0	4211
1549	1	4420
1550	0	3743
1550	1	4371
1551	0	3497
1551	1	1469
1552	0	3667
1552	1	4709
1553	0	531
1553	1	399
1554	0	4653
1554	1	2864
1555	0	4777
1555	1	1794
1556	0	918
1556	1	1664
1557	2	4828
1558	0	4875
1558	1	2173
1559	0	2875
1559	1	275
1560	0	2959
1560	1	95
1561	0	4617
1561	1	1074
1562	0	791
1562	1	4543
1563	2	3116
1564	0	2701
1564	1	4804
1565	0	4776
1565	1	3995
1566	0	536
1566	1	108
1567	2	3094
1568	0	4004
1568	1	1771
1569	0	1308
1569	1	3031
1570	0	4876
1570	1	2510
1571	2	5010
1572	2	497
1573	0	3591
1573	1	128
1574	0	3428
1574	1	2689
1575	0	3743
1575	1	2864
1576	0	4913
1576	1	3031
1577	0	3001
1577	1	1244
1578	0	3272
1578	1	1692
1579	0	3272
1579	1	275
1580	0	1977
1580	1	825
1581	2	678
1582	2	4358
1583	0	2607
1583	1	3995
1584	2	17
1585	2	2562
1586	2	2122
1587	2	2622
1588	2	1537
1589	0	2729
1589	1	399
1590	0	2790
1590	1	1748
1591	0	3755
1591	1	4012
1592	2	4261
1593	0	4776
1593	1	4589
1594	2	1490
1595	2	3005
1596	0	4101
1596	1	4450
1597	0	3591
1597	1	1384
1598	2	3141
1599	2	4023
1600	2	4404
1601	0	4860
1601	1	3613
1602	0	4218
1602	1	1244
1603	0	3810
1603	1	503
1604	2	665
1605	2	4470
1606	2	2511
1607	2	4453
1608	2	1696
1609	2	5014
1610	0	3604
1610	1	1212
1611	2	2160
1612	0	3090
1612	1	3547
1613	0	2550
1613	1	4999
1614	2	748
1615	2	1495
1616	2	3575
1617	0	1544
1617	1	4999
1618	2	3902
1619	2	3248
1620	2	4561
1621	2	494
1622	0	1725
1622	1	2039
1623	2	4861
1624	2	2121
1625	2	258
1626	2	1336
1627	0	3754
1627	1	3031
1628	0	2875
1628	1	4907
1629	2	3937
1630	0	2790
1630	1	4543
1631	0	3398
1631	1	2485
1632	0	1737
1632	1	4122
1633	2	2184
1634	2	3150
1635	2	1613
1636	2	2598
1637	0	1556
1637	1	3735
1638	2	4457
1639	2	1626
1640	0	1544
1640	1	3460
1641	2	2241
1642	0	2249
1642	1	4126
1643	2	4767
1644	2	386
1645	2	4900
1646	2	5019
1647	2	1870
1648	2	469
1649	2	400
1650	2	1635
1651	0	2875
1651	1	4420
1652	2	118
1653	2	2693
1654	0	302
1654	1	4043
1655	2	644
1656	2	2166
1657	2	3662
1658	2	756
1659	2	2398
1660	0	2701
1660	1	4709
1661	0	2701
1661	1	2864
1662	0	1308
1662	1	4122
1663	0	2361
1663	1	4365
1664	2	1020
1665	2	2984
1666	2	1697
1667	0	1593
1667	1	4569
1668	0	3667
1668	1	1891
1669	2	2283
1670	2	594
1671	2	3433
1672	2	709
1673	0	3045
1673	1	675
1674	0	4109
1674	1	825
1675	0	3604
1675	1	3860
1676	2	3712
1677	2	2357
1678	0	1308
1678	1	2689
1679	2	528
1680	2	4782
1681	0	527
1681	1	1664
1682	2	3158
1683	2	2561
1684	0	4101
1684	1	1384
1685	0	2507
1685	1	2485
1686	0	3729
1686	1	4907
1687	2	4636
1688	0	3469
1688	1	4202
1689	2	2279
1690	0	3527
1690	1	2672
1691	0	3527
1691	1	3042
1692	0	4850
1692	1	1558
1693	0	904
1693	1	3995
1694	2	2093
1695	0	1680
1695	1	2510
1696	0	1948
1696	1	399
1697	2	3335
1698	0	4831
1698	1	3514
1699	2	2082
1700	2	176
1701	2	3579
1702	2	1357
1703	0	4117
1703	1	1040
1704	0	2959
1704	1	2414
1705	2	1416
1706	2	1538
1707	0	2701
1707	1	4589
1708	0	2550
1708	1	3585
1709	0	2550
1709	1	2679
1710	2	3422
1711	0	1308
1711	1	4709
1712	2	3262
1713	2	4212
1714	0	527
1714	1	2446
1715	2	786
1716	0	4211
1716	1	40
1717	0	4218
1717	1	1794
1718	2	5016
1719	0	955
1719	1	399
1720	0	3527
1720	1	4126
1721	0	2249
1721	1	587
1722	2	2187
1723	0	4618
1723	1	2071
1724	2	1381
1725	2	4167
1726	2	750
1727	2	1582
1728	2	3941
1729	2	4076
1730	2	4572
1731	0	3913
1731	1	461
1732	0	302
1732	1	4371
1733	0	4234
1733	1	1571
1734	0	5017
1734	1	461
1735	2	2836
1736	2	4774
1737	0	4955
1737	1	3603
1738	0	1749
1738	1	2039
1739	0	931
1739	1	4450
1740	0	527
1740	1	3298
1741	2	2157
1742	2	671
1743	2	1815
1744	0	1178
1744	1	4675
1745	0	3428
1745	1	1558
1746	0	4860
1746	1	3613
1747	0	500
1747	1	3175
1748	0	3527
1748	1	3175
1749	0	4777
1749	1	3298
1750	0	3464
1750	1	1794
1751	2	983
1752	2	880
1753	2	3534
1754	0	1625
1754	1	4379
1755	2	1704
1756	2	3472
1757	2	189
1758	2	741
1759	0	3342
1759	1	2870
1760	0	1596
1760	1	5132
1761	2	713
1762	0	3922
1762	1	2864
1763	0	536
1763	1	399
1764	2	676
1765	0	1446
1765	1	2435
1766	0	1446
1766	1	2830
1767	0	606
1767	1	4938
1768	0	435
1768	1	776
1769	2	1208
1770	2	3807
1771	2	1374
1772	0	2303
1772	1	1771
1773	0	1753
1773	1	2446
1774	0	863
1774	1	1742
1775	0	863
1775	1	551
1776	2	2614
1777	2	2852
1778	0	3527
1778	1	3169
1779	0	3527
1779	1	2679
1780	0	4391
1780	1	4450
1781	2	4350
1782	0	904
1782	1	3910
1783	2	4330
1784	0	751
1784	1	461
1785	0	751
1785	1	2510
1786	0	2186
1786	1	1571
1787	0	3045
1787	1	1384
1788	0	3045
1788	1	1664
1789	0	302
1789	1	1794
1790	2	449
1791	0	1596
1791	1	1794
1792	0	4617
1792	1	776
1793	0	4617
1793	1	2173
1794	2	4559
1795	2	2820
1796	2	4036
1797	2	416
1798	0	3092
1798	1	3995
1799	0	929
1799	1	3919
1800	2	3923
1801	2	3881
1802	0	1544
1802	1	4260
1803	0	1544
1803	1	4675
1804	0	3591
1804	1	4569
1805	0	3428
1805	1	615
1806	0	3428
1806	1	1469
1807	2	1277
1808	2	2675
1809	0	4377
1809	1	3031
1810	0	781
1810	1	3010
1811	0	1346
1811	1	399
1812	0	4777
1812	1	1053
1813	2	3346
1814	2	2259
1815	2	705
1816	2	560
1817	0	2144
1817	1	816
1818	2	1728
1819	2	3339
1820	0	1623
1820	1	3253
1821	0	791
1821	1	1176
1822	2	2393
1823	0	685
1823	1	71
1824	2	5095
1825	0	2784
1825	1	4087
1826	2	3851
1827	0	4852
1827	1	1822
1828	0	3591
1828	1	503
1829	0	3428
1829	1	4684
1830	0	863
1830	1	71
1831	2	4996
1832	0	3527
1832	1	4836
1833	0	3272
1833	1	4043
1834	0	3642
1834	1	4043
1835	2	2390
1836	2	679
1837	2	914
1838	2	4708
1839	2	3377
1840	2	3861
1841	2	4003
1842	2	1307
1843	0	3022
1843	1	3031
1844	2	4574
1845	0	2395
1845	1	2775
1846	0	138
1846	1	3860
1847	0	791
1847	1	825
1848	0	4776
1848	1	4938
1849	2	3123
1850	2	330
1851	0	259
1851	1	587
1852	0	1556
1852	1	2870
1853	2	4762
1854	2	3719
1855	2	2470
1856	0	1178
1856	1	1212
1857	0	3428
1857	1	4619
1858	2	78
1859	0	3260
1859	1	108
1860	2	2075
1861	2	3548
1862	2	4206
1863	0	2151
1863	1	4087
1864	0	3188
1864	1	4122
1865	0	4378
1865	1	3010
1866	2	2289
1867	2	307
1868	0	1100
1868	1	4709
1869	2	2964
1870	2	1462
1871	0	2639
1871	1	4122
1872	2	1927
1873	0	2875
1873	1	2485
1874	2	1190
1875	0	1596
1875	1	1558
1876	0	3398
1876	1	3539
1877	0	3922
1877	1	2071
1878	0	1737
1878	1	1692
1879	0	4546
1879	1	4709
1880	0	3640
1880	1	108
1881	0	4621
1881	1	825
1882	2	857
1883	0	2507
1883	1	503
1884	0	3591
1884	1	4619
1885	0	3591
1885	1	4466
1886	0	3743
1886	1	2325
1887	0	863
1887	1	1013
1888	0	1989
1888	1	3682
1889	2	1408
1890	2	2367
1891	0	345
1891	1	1244
1892	0	2237
1892	1	4043
1893	2	1180
1894	2	3660
1895	2	2450
1896	2	861
1897	0	1365
1897	1	1074
1898	0	4618
1898	1	4709
1899	2	819
1900	0	918
1900	1	4012
1901	0	642
1901	1	3995
1902	2	2569
1903	0	585
1903	1	2446
1904	0	1596
1904	1	4619
1905	0	3604
1905	1	4543
1906	0	3604
1906	1	4471
1907	0	791
1907	1	2485
1908	0	3090
1908	1	2870
1909	0	2550
1909	1	2155
1910	0	2550
1910	1	1506
1911	0	1308
1911	1	3982
1912	2	4855
1913	0	1749
1913	1	1771
1914	0	527
1914	1	253
1915	0	435
1915	1	4709
1916	2	3088
1917	2	3362
1918	0	1544
1918	1	2689
1919	0	4211
1919	1	4709
1920	0	863
1920	1	2623
1921	2	2463
1922	0	781
1922	1	4938
1923	0	1734
1923	1	4012
1924	2	2488
1925	0	2133
1925	1	4804
1926	2	839
1927	0	4875
1927	1	275
1928	0	879
1928	1	4463
1929	2	3842
1930	2	4582
1931	0	302
1931	1	5127
1932	0	2348
1932	1	708
1933	0	1113
1933	1	503
1934	0	1623
1934	1	1577
1935	0	2790
1935	1	3539
1936	0	864
1936	1	4450
1937	0	3604
1937	1	4675
1938	0	4234
1938	1	4420
1939	0	2395
1939	1	1692
1940	2	3416
1941	2	2278
1942	0	3922
1942	1	5127
1943	0	3922
1943	1	3682
1944	2	2872
1945	0	685
1945	1	3298
1946	0	1556
1946	1	399
1947	2	4432
1948	0	3591
1948	1	2672
1949	0	3428
1949	1	1013
1950	0	884
1950	1	1013
1951	0	884
1951	1	1158
1952	2	2053
1953	0	3260
1953	1	3175
1954	0	3810
1954	1	4012
1955	2	135
1956	0	3527
1956	1	2408
1957	0	3642
1957	1	2689
1958	2	2371
1959	2	4355
1960	2	1292
1961	0	2795
1961	1	1692
1962	2	4612
1963	2	375
1964	2	3695
1965	2	289
1966	0	2969
1966	1	4450
1967	0	2133
1967	1	4755
1968	0	2407
1968	1	4038
1969	2	4693
1970	2	3004
1971	2	3770
1972	0	4875
1972	1	1176
1973	2	2392
1974	2	3898
1975	0	3045
1975	1	4967
1976	2	772
1977	0	3884
1977	1	581
1978	0	3922
1978	1	4999
1979	0	2550
1979	1	2070
1980	0	1308
1980	1	2098
1981	2	13
1982	2	110
1983	0	3134
1983	1	3930
1984	2	3095
1985	0	3092
1985	1	4202
1986	2	2981
1987	2	1547
1988	2	1731
1989	2	1488
1990	0	1544
1990	1	3298
1991	2	764
1992	2	4137
1993	0	4860
1993	1	3613
1994	0	1753
1994	1	1599
1995	0	3497
1995	1	4696
1996	2	179
1997	0	1380
1997	1	1771
1998	0	2249
1998	1	4543
1999	2	4988
2000	2	2154
2001	0	2151
2001	1	2779
2002	0	4777
2002	1	3460
2003	2	698
2004	0	3105
2004	1	4804
2005	2	3932
2006	0	918
2006	1	3539
2007	0	1759
2007	1	4202
2008	0	1104
2008	1	461
2009	2	1335
2010	0	4875
2010	1	399
2011	0	3754
2011	1	4619
2012	2	3708
2013	2	3447
2014	0	3817
2014	1	3475
2015	2	2199
2016	0	791
2016	1	253
2017	0	536
2017	1	1074
2018	0	1844
2018	1	4043
2019	2	2102
2020	0	606
2020	1	3031
2021	2	2119
2022	2	3445
2023	0	1637
2023	1	4907
2024	2	3671
2025	2	4899
2026	0	2303
2026	1	4420
2027	2	4392
2028	2	3643
2029	0	884
2029	1	108
2030	0	3260
2030	1	4202
2031	2	579
2032	2	2242
2033	2	2916
2034	0	2249
2034	1	2325
2035	0	3272
2035	1	2870
2036	0	4444
2036	1	4675
2037	0	904
2037	1	2039
2038	2	4184
2039	2	3934
2040	2	2843
2041	0	1414
2041	1	4087
2042	2	2285
2043	2	1146
2044	2	4527
2045	2	4706
2046	2	906
2047	2	4503
2048	2	697
2049	0	4644
2049	1	275
2050	0	3884
2050	1	4967
2051	0	4617
2051	1	3298
2052	2	2444
2053	2	2641
2054	0	2550
2054	1	1200
2055	0	4334
2055	1	4038
2056	0	606
2056	1	776
2057	0	4876
2057	1	3995
2058	0	4491
2058	1	3910
2059	2	840
2060	2	3249
2061	2	2164
2062	0	3591
2062	1	1158
2063	2	3170
2064	0	1753
2064	1	4589
2065	0	863
2065	1	1754
2066	2	39
2067	2	2321
2068	2	1091
2069	0	3785
2069	1	4659
2070	0	3667
2070	1	2068
2071	2	1652
2072	0	3272
2072	1	4907
2073	2	2005
2074	2	3326
2075	0	3105
2075	1	1794
2076	0	1414
2076	1	2775
2077	2	3892
2078	2	1653
2079	2	2493
2080	0	2729
2080	1	2775
2081	0	879
2081	1	2068
2082	0	5120
2082	1	3860
2083	2	1614
2084	2	1832
2085	0	1494
2085	1	275
2086	0	302
2086	1	4967
2087	0	5091
2087	1	1040
2088	0	2790
2088	1	816
2089	2	1775
2090	0	279
2090	1	852
2091	0	791
2091	1	70
2092	0	791
2092	1	1664
2093	2	3247
2094	2	3305
2095	0	2550
2095	1	1257
2096	0	1308
2096	1	4675
2097	0	1308
2097	1	2446
2098	2	3875
2099	0	4032
2099	1	3735
2100	2	740
2101	2	4266
2102	2	251
2103	0	1544
2103	1	776
2104	2	1
2105	2	4854
2106	0	1178
2106	1	2446
2107	0	2299
2107	1	399
2108	2	4524
2109	2	4347
2110	0	1659
2110	1	4177
2111	0	863
2111	1	1176
2112	0	3497
2112	1	4999
2113	2	2148
2114	2	1973
2115	2	2330
2116	2	4216
2117	0	647
2117	1	4755
2118	0	3213
2118	1	4810
2119	0	4653
2119	1	859
2120	2	2788
2121	2	1501
2122	2	3943
2123	0	4777
2123	1	4038
2124	0	4777
2124	1	503
2125	0	4831
2125	1	4012
2126	2	1332
2127	2	4367
2128	2	3689
2129	0	3952
2129	1	461
2130	2	2203
2131	2	3519
2132	2	4994
2133	2	3956
2134	2	3731
2135	2	3577
2136	0	2348
2136	1	4450
2137	0	1596
2137	1	1822
2138	2	2169
2139	0	791
2139	1	2864
2140	0	3922
2140	1	3910
2141	2	2605
2142	2	291
2143	2	537
2144	2	3401
2145	2	3364
2146	2	2091
2147	2	3367
2148	2	3308
2149	0	1178
2149	1	3910
2150	0	3743
2150	1	2679
2151	0	1753
2151	1	3860
2152	0	863
2152	1	2767
2153	0	4201
2153	1	108
2154	2	2095
2155	0	1734
2155	1	1692
2156	0	3527
2156	1	1558
2157	2	3794
2158	0	3213
2158	1	1526
2159	0	3213
2159	1	1096
2160	0	3272
2160	1	1822
2161	0	5025
2161	1	108
2162	0	1346
2162	1	2870
2163	0	1929
2163	1	1961
2164	0	3083
2164	1	825
2165	2	3542
2166	2	4214
2167	2	4396
2168	0	3980
2168	1	4087
2169	0	2130
2169	1	503
2170	2	780
2171	0	4618
2171	1	503
2172	0	2661
2172	1	3031
2173	2	418
2174	2	2464
2175	0	161
2175	1	4709
2176	0	3045
2176	1	1013
2177	2	5140
2178	0	1623
2178	1	1096
2179	0	3022
2179	1	3860
2180	0	279
2180	1	1892
2181	2	2012
2182	0	3448
2182	1	4202
2183	2	3878
2184	2	1661
2185	2	2530
2186	2	3289
2187	2	4464
2188	0	4876
2188	1	1692
2189	0	4491
2189	1	399
2190	0	1438
2190	1	4709
2191	0	177
2191	1	4709
2192	2	1774
2193	2	1955
2194	2	2762
2195	2	2324
2196	2	3516
2197	2	3113
2198	2	1633
2199	0	1178
2199	1	4619
2200	0	4218
2200	1	2173
2201	0	3497
2201	1	1384
2202	0	3497
2202	1	3982
2203	0	2657
2203	1	2864
2204	0	955
2204	1	4450
2205	0	3785
2205	1	1891
2206	2	2323
2207	0	3667
2207	1	1244
2208	2	4224
2209	0	5025
2209	1	1244
2210	0	345
2210	1	4043
2211	2	3798
2212	2	1433
2213	0	2607
2213	1	2864
2214	0	2607
2214	1	155
2215	2	1985
2216	0	3083
2216	1	3031
2217	2	1154
2218	0	904
2218	1	4709
2219	2	191
2220	2	1983
2221	0	3105
2221	1	2864
2222	2	1011
2223	2	2907
2224	2	1619
2225	2	2288
2226	2	1224
2227	0	4875
2227	1	4804
2228	0	4617
2228	1	3682
2229	0	4776
2229	1	108
2230	2	2415
2231	0	4004
2231	1	4260
2232	2	5155
2233	2	3184
2234	0	606
2234	1	3010
2235	0	606
2235	1	2173
2236	0	527
2236	1	358
2237	2	470
2238	0	929
2238	1	1794
2239	2	2722
2240	2	4725
2241	2	499
2242	0	2097
2242	1	3547
2243	2	2086
2244	0	1178
2244	1	4371
2245	0	2303
2245	1	3175
2246	0	1659
2246	1	5127
2247	0	3497
2247	1	2779
2248	0	3318
2248	1	4823
2249	0	884
2249	1	859
2250	2	4326
2251	0	1734
2251	1	1074
2252	2	390
2253	0	4777
2253	1	2864
2254	0	3403
2254	1	4012
2255	0	3083
2255	1	3995
2256	2	4687
2257	2	2600
2258	2	2596
2259	0	2795
2259	1	1244
2260	2	646
2261	2	4989
2262	2	2573
2263	2	2318
2264	2	5037
2265	2	224
2266	2	2483
2267	2	4028
2268	2	1861
2269	2	1871
2270	0	3754
2270	1	2039
2271	2	2844
2272	2	4937
2273	0	3045
2273	1	3547
2274	0	3045
2274	1	1822
2275	0	585
2275	1	2679
2276	0	585
2276	1	5050
2277	0	585
2277	1	3860
2278	0	3945
2278	1	2414
2279	0	1596
2279	1	3514
2280	0	3884
2280	1	4684
2281	0	4984
2281	1	399
2282	2	443
2283	0	2395
2283	1	4087
2284	2	3394
2285	0	2701
2285	1	3735
2286	0	4704
2286	1	2775
2287	0	1737
2287	1	3010
2288	2	4691
2289	0	1308
2289	1	3539
2290	2	4293
2291	0	929
2291	1	4126
2292	2	2313
2293	2	5000
2294	2	3033
2295	2	506
2296	2	1134
2297	2	5106
2298	0	1544
2298	1	2830
2299	0	3591
2299	1	1013
2300	2	762
2301	0	3810
2301	1	3682
2302	2	76
2303	2	1082
2304	0	3001
2304	1	708
2305	2	1431
2306	0	1593
2306	1	4371
2307	2	4259
2308	2	4680
2309	0	3272
2309	1	70
2310	0	3272
2310	1	1212
2311	2	485
2312	0	4777
2312	1	3054
2313	0	4486
2313	1	2779
2314	0	904
2314	1	461
2315	0	1680
2315	1	3031
2316	2	2494
2317	2	2832
2318	2	4255
2319	0	2186
2319	1	2037
2320	0	2729
2320	1	2510
2321	2	3467
2322	2	4374
2323	2	3672
2324	2	2176
2325	2	2125
2326	0	879
2326	1	254
2327	2	2239
2328	0	3045
2328	1	1506
2329	0	302
2329	1	71
2330	2	3471
2331	0	2790
2331	1	3585
2332	0	801
2332	1	2767
2333	2	4362
2334	0	3922
2334	1	1053
2335	0	3448
2335	1	4810
2336	0	3090
2336	1	3919
2337	0	4704
2337	1	3995
2338	0	1308
2338	1	2779
2339	2	3899
2340	0	4546
2340	1	4420
2341	2	174
2342	0	527
2342	1	2325
2343	0	4621
2343	1	2071
2344	2	4849
2345	2	4188
2346	0	1544
2346	1	71
2347	0	1544
2347	1	1794
2348	2	932
2349	0	4211
2349	1	503
2350	0	1178
2350	1	5050
2351	0	1178
2351	1	4569
2352	0	219
2352	1	2932
2353	2	429
2354	0	4413
2354	1	4450
2355	0	884
2355	1	3598
2356	0	149
2356	1	2039
2357	2	4042
2358	2	2519
2359	0	2526
2359	1	2775
2360	0	3785
2360	1	4122
2361	2	1315
2362	0	3272
2362	1	4471
2363	2	1316
2364	0	4653
2364	1	3967
2365	2	4169
2366	0	2988
2366	1	275
2367	2	1953
2368	2	1997
2369	0	2795
2369	1	1794
2370	2	3438
2371	2	706
2372	2	3486
2373	2	1294
2374	0	918
2374	1	3682
2375	0	918
2375	1	2039
2376	2	3344
2377	0	642
2377	1	4043
2378	0	879
2378	1	1599
2379	0	5145
2379	1	2325
2380	0	3045
2380	1	2623
2381	0	279
2381	1	2951
2382	0	3817
2382	1	4087
2383	0	1596
2383	1	2779
2384	0	1596
2384	1	2679
2385	0	1596
2385	1	358
2386	0	3884
2386	1	675
2387	2	2277
2388	0	3604
2388	1	3175
2389	0	2395
2389	1	1771
2390	0	3398
2390	1	399
2391	0	5017
2391	1	1771
2392	2	2431
2393	0	2701
2393	1	1212
2394	0	4955
2394	1	4577
2395	2	2931
2396	0	606
2396	1	5127
2397	0	851
2397	1	1074
2398	0	527
2398	1	708
2399	2	3425
2400	0	4852
2400	1	275
2401	0	2507
2401	1	4012
2402	0	3591
2402	1	1558
2403	2	856
2404	2	4795
2405	2	122
2406	0	3428
2406	1	512
2407	2	4345
2408	0	30
2408	1	4420
2409	2	1821
2410	0	3810
2410	1	2870
2411	2	2213
2412	0	3981
2412	1	399
2413	0	3001
2413	1	1599
2414	0	345
2414	1	3475
2415	2	1589
2416	2	3421
2417	0	4444
2417	1	2619
2418	0	4444
2418	1	2864
2419	2	4382
2420	0	3083
2420	1	708
2421	2	5144
2422	2	1931
2423	0	2795
2423	1	2779
2424	2	139
2425	2	1182
2426	0	2130
2426	1	2129
2427	0	1625
2427	1	4478
2428	0	3753
2428	1	4087
2429	2	3286
2430	0	2133
2430	1	2779
2431	2	1572
2432	2	4843
2433	0	2639
2433	1	4043
2434	2	4743
2435	0	4085
2435	1	503
2436	0	2959
2436	1	358
2437	0	2959
2437	1	503
2438	2	2648
2439	2	3244
2440	0	4617
2440	1	2870
2441	2	1168
2442	0	2395
2442	1	4012
2443	0	5017
2443	1	1074
2444	0	2701
2444	1	2071
2445	0	4776
2445	1	1244
2446	0	4776
2446	1	2071
2447	2	1106
2448	0	3448
2448	1	1891
2449	0	3090
2449	1	3735
2450	2	2900
2451	0	1308
2451	1	587
2452	0	4546
2452	1	5127
2453	0	4546
2453	1	2510
2454	0	3443
2454	1	1794
2455	0	606
2455	1	4420
2456	0	606
2456	1	825
2457	0	606
2457	1	4569
2458	0	1749
2458	1	3995
2459	0	685
2459	1	1244
2460	0	527
2460	1	1469
2461	2	4485
2462	2	199
2463	2	1363
2464	0	3591
2464	1	70
2465	0	3591
2465	1	1961
2466	2	2329
2467	2	974
2468	2	1761
2469	0	4860
2469	1	3613
2470	0	4218
2470	1	1692
2471	0	3743
2471	1	4999
2472	0	1753
2472	1	3585
2473	2	593
2474	0	863
2474	1	3547
2475	0	3497
2475	1	2037
2476	0	3497
2476	1	1748
2477	2	2375
2478	0	884
2478	1	2435
2479	2	1235
2480	0	1593
2480	1	3475
2481	0	3667
2481	1	2325
2482	2	5049
2483	0	3272
2483	1	4999
2484	0	2195
2484	1	4450
2485	0	2607
2485	1	2325
2486	0	4486
2486	1	4012
2487	2	747
2488	2	4837
2489	0	4378
2489	1	1794
2490	0	3996
2490	1	155
2491	2	1918
2492	2	4232
2493	2	3822
2494	2	5175
2495	2	397
2496	2	3815
2497	2	4802
2498	0	2133
2498	1	3860
2499	0	2729
2499	1	2039
2500	0	2639
2500	1	4087
2501	2	3549
2502	2	4643
2503	2	2460
2504	0	879
2504	1	1074
2505	0	3342
2505	1	5127
2506	2	1012
2507	0	1494
2507	1	3995
2508	2	2116
2509	0	3045
2509	1	2870
2510	0	2959
2510	1	2220
2511	2	3189
2512	0	585
2512	1	3109
2513	0	585
2513	1	3547
2514	0	1113
2514	1	3804
2515	0	3945
2515	1	399
2516	0	3884
2516	1	3042
2517	0	3884
2517	1	2325
2518	0	3604
2518	1	816
2519	0	4617
2519	1	4569
2520	0	3398
2520	1	4202
2521	0	4776
2521	1	2414
2522	0	3922
2522	1	2774
2523	2	2992
2524	0	1321
2524	1	4122
2525	2	2724
2526	0	1446
2526	1	1978
2527	0	4677
2527	1	3910
2528	0	5153
2528	1	4463
2529	0	259
2529	1	1771
2530	0	3134
2530	1	776
2531	0	4546
2531	1	3539
2532	2	1562
2533	2	2216
2534	0	4200
2534	1	2775
2535	0	4200
2535	1	1244
2536	2	4409
2537	2	25
2538	2	3424
2539	0	1637
2539	1	4755
2540	0	1637
2540	1	4122
2541	2	5032
2542	2	718
2543	2	4406
2544	2	2272
2545	2	1122
2546	0	1178
2546	1	2325
2547	0	4860
2547	1	3613
2548	0	4218
2548	1	2325
2549	2	658
2550	0	4377
2550	1	1794
2551	2	4734
2552	0	2249
2552	1	3109
2553	0	3213
2553	1	1476
2554	0	4198
2554	1	4420
2555	2	232
2556	2	960
2557	2	2714
2558	0	904
2558	1	1571
2559	0	3464
2559	1	2325
2560	2	1699
2561	0	3996
2561	1	1158
2562	2	2150
2563	2	2542
2564	2	1622
2565	2	3100
2566	0	4720
2566	1	2325
2567	0	2130
2567	1	4823
2568	0	1738
2568	1	461
2569	0	4618
2569	1	581
2570	2	2448
2571	2	142
2572	2	290
2573	0	2186
2573	1	3735
2574	2	2633
2575	2	2206
2576	0	3754
2576	1	734
2577	2	4908
2578	2	2320
2579	0	3045
2579	1	358
2580	2	101
2581	2	1588
2582	0	585
2582	1	1891
2583	2	4462
2584	2	4544
2585	0	1623
2585	1	3999
2586	0	4109
2586	1	399
2587	0	2813
2587	1	825
2588	0	439
2588	1	253
2589	0	1732
2589	1	5050
2590	0	3884
2590	1	5050
2591	2	2712
2592	2	1342
2593	0	3604
2593	1	4569
2594	2	3616
2595	2	3382
2596	0	2825
2596	1	4420
2597	0	3448
2597	1	4907
2598	0	1321
2598	1	4420
2599	0	1321
2599	1	1692
2600	0	2550
2600	1	1978
2601	2	3285
2602	2	4567
2603	0	4546
2603	1	708
2604	0	4546
2604	1	3031
2605	0	1729
2605	1	4012
2606	0	685
2606	1	4675
2607	0	685
2607	1	2039
2608	0	527
2608	1	4619
2609	0	69
2609	1	503
2610	2	3200
2611	2	4765
2612	2	4487
2613	2	3827
2614	2	3963
2615	0	2097
2615	1	3175
2616	0	4852
2616	1	3539
2617	2	4316
2618	0	2507
2618	1	1053
2619	2	3167
2620	0	3428
2620	1	4471
2621	0	884
2621	1	3514
2622	2	3463
2623	2	1407
2624	2	1289
2625	0	4913
2625	1	3797
2626	2	2372
2627	2	1162
2628	0	1734
2628	1	1571
2629	0	3001
2629	1	4466
2630	2	3328
2631	0	1758
2631	1	1794
2632	0	3785
2632	1	3291
2633	2	1923
2634	0	633
2634	1	399
2635	2	1937
2636	0	2607
2636	1	4696
2637	0	4486
2637	1	4371
2638	2	3172
2639	2	472
2640	2	2522
2641	2	3375
2642	2	621
2643	0	604
2643	1	399
2644	0	3105
2644	1	4696
2645	0	2130
2645	1	4450
2646	0	4618
2646	1	1212
2647	2	3714
2648	2	3205
2649	2	3126
2650	0	2133
2650	1	3460
2651	2	2817
2652	2	4100
2653	0	2186
2653	1	3460
2654	2	1968
2655	0	3952
2655	1	3995
2656	2	1830
2657	0	879
2657	1	1176
2658	0	5080
2658	1	4907
2659	0	2875
2659	1	4709
2660	0	161
2660	1	3860
2661	2	4189
2662	0	3045
2662	1	5132
2663	0	2959
2663	1	1295
2664	2	3099
2665	2	1376
2666	0	1596
2666	1	1212
2667	2	3069
2668	0	3604
2668	1	1599
2669	0	3755
2669	1	1571
2670	2	2952
2671	0	791
2671	1	4122
2672	2	761
2673	2	2925
2674	0	3922
2674	1	4122
2675	0	3448
2675	1	581
2676	0	192
2676	1	2775
2677	2	4160
2678	2	1777
2679	0	3443
2679	1	2870
2680	0	1749
2680	1	275
2681	0	527
2681	1	1794
2682	0	3092
2682	1	2098
2683	0	929
2683	1	4379
2684	0	1438
2684	1	1074
2685	2	5178
2686	0	4621
2686	1	1040
2687	2	2042
2688	2	3876
2689	2	2965
2690	2	5079
2691	0	1637
2691	1	2679
2692	2	4797
2693	2	3387
2694	2	2749
2695	0	4852
2695	1	2679
2696	0	4852
2696	1	1664
2697	0	4852
2697	1	2446
2698	2	182
2699	2	2008
2700	2	1925
2701	2	529
2702	2	447
2703	0	1178
2703	1	4999
2704	0	1178
2704	1	4948
2705	0	3743
2705	1	4260
2706	2	5176
2707	0	884
2707	1	2895
2708	0	3260
2708	1	4087
2709	0	1803
2709	1	3031
2710	2	239
2711	2	3400
2712	0	2163
2712	1	2071
2713	0	3527
2713	1	2974
2714	0	2249
2714	1	1506
2715	2	4580
2716	0	531
2716	1	4450
2717	0	2651
2717	1	108
2718	0	2400
2718	1	253
2719	0	2237
2719	1	1244
2720	0	1725
2720	1	1748
2721	0	3464
2721	1	2679
2722	2	486
2723	2	153
2724	0	3105
2724	1	2068
2725	2	4204
2726	2	4238
2727	2	2574
2728	0	918
2728	1	1771
2729	2	4726
2730	2	4960
2731	0	2133
2731	1	3797
2732	0	2133
2732	1	4589
2733	2	4095
2734	2	4923
2735	2	4895
2736	2	4690
2737	0	3754
2737	1	2870
2738	0	161
2738	1	1053
2739	0	161
2739	1	2446
2740	2	3405
2741	2	477
2742	0	585
2742	1	1295
2743	0	2790
2743	1	5132
2744	0	3945
2744	1	4126
2745	0	1959
2745	1	1891
2746	0	3604
2746	1	1961
2747	0	3604
2747	1	825
2748	0	801
2748	1	425
2749	0	4617
2749	1	2779
2750	0	4056
2750	1	4450
2751	0	791
2751	1	3910
2752	2	3657
2753	0	5017
2753	1	1040
2754	0	2701
2754	1	253
2755	0	120
2755	1	3995
2756	2	2787
2757	2	3482
2758	2	4779
2759	2	609
2760	0	1556
2760	1	461
2761	0	4491
2761	1	4012
2762	0	69
2762	1	1074
2763	0	1637
2763	1	1212
2764	2	2044
2765	0	1607
2765	1	4087
2766	0	4852
2766	1	2414
2767	0	1544
2767	1	2767
2768	0	1544
2768	1	1642
2769	2	2455
2770	2	4707
2771	2	4771
2772	0	1178
2772	1	957
2773	0	4860
2773	1	3613
2774	0	4218
2774	1	1961
2775	0	3743
2775	1	4709
2776	0	3743
2776	1	253
2777	2	4130
2778	2	1471
2779	0	149
2779	1	3475
2780	0	4913
2780	1	399
2781	2	4306
2782	2	663
2783	0	955
2783	1	3995
2784	2	3600
2785	2	4634
2786	0	2249
2786	1	128
2787	2	4992
2788	2	1648
2789	0	1762
2789	1	399
2790	2	3057
2791	0	345
2791	1	275
2792	2	3162
2793	0	3188
2793	1	461
2794	0	4777
2794	1	70
2795	0	4486
2795	1	1748
2796	2	4459
2797	0	3464
2797	1	3042
2798	0	3464
2798	1	253
2799	0	751
2799	1	4087
2800	0	3283
2800	1	1771
2801	2	1655
2802	2	4792
2803	2	3960
2804	2	4383
2805	0	1625
2805	1	2039
2806	2	3409
2807	2	1541
2808	0	4618
2808	1	95
2809	2	1693
2810	2	1097
2811	2	885
2812	2	865
2813	2	3992
2814	2	2770
2815	2	1086
2816	0	2186
2816	1	3860
2817	2	1299
2818	2	736
2819	2	4501
2820	2	2676
2821	2	1087
2822	0	3342
2822	1	3010
2823	2	742
2824	0	161
2824	1	1571
2825	2	2516
2826	2	4277
2827	0	2959
2827	1	155
2828	0	585
2828	1	3797
2829	0	585
2829	1	2866
2830	0	1113
2830	1	825
2831	2	3623
2832	0	3022
2832	1	4938
2833	0	279
2833	1	4112
2834	0	3884
2834	1	2767
2835	0	4984
2835	1	4202
2836	2	4564
2837	0	5057
2837	1	2679
2838	0	3922
2838	1	2220
2839	0	536
2839	1	708
2840	0	3090
2840	1	4379
2841	2	899
2842	0	1321
2842	1	2510
2843	0	1321
2843	1	3995
2844	2	892
2845	2	4730
2846	2	3989
2847	2	1979
2848	2	3139
2849	2	1371
2850	2	3371
2851	2	4985
2852	0	4677
2852	1	2037
2853	2	3850
2854	2	2948
2855	0	3443
2855	1	2864
2856	0	4182
2856	1	4202
2857	0	1187
2857	1	4450
2858	0	851
2858	1	1384
2859	0	851
2859	1	1013
2860	2	2927
2861	0	2880
2861	1	3995
2862	0	4491
2862	1	4709
2863	0	4491
2863	1	1891
2864	2	1505
2865	2	2051
2866	0	2507
2866	1	1506
2867	0	1544
2867	1	1491
2868	0	4211
2868	1	587
2869	2	2453
2870	0	1178
2870	1	1748
2871	0	2303
2871	1	4938
2872	0	4860
2872	1	3613
2873	2	193
2874	0	2657
2874	1	2446
2875	0	3859
2875	1	399
2876	2	1786
2877	0	500
2877	1	3475
2878	0	500
2878	1	1771
2879	2	297
2880	2	2860
2881	0	1127
2881	1	3539
2882	2	1624
2883	0	2163
2883	1	2779
2884	0	1517
2884	1	1771
2885	0	4377
2885	1	1891
2886	0	1380
2886	1	4371
2887	2	766
2888	0	1593
2888	1	1794
2889	0	2249
2889	1	5127
2890	0	3642
2890	1	4804
2891	2	4397
2892	2	3384
2893	0	4653
2893	1	70
2894	0	4486
2894	1	2775
2895	0	2988
2895	1	4450
2896	0	3105
2896	1	4126
2897	2	4681
2898	2	3972
2899	0	3953
2899	1	1571
2900	2	4400
2901	2	724
2902	2	3958
2903	2	250
2904	0	2133
2904	1	4126
2905	0	2819
2905	1	4087
2906	2	547
2907	2	5167
2908	2	2797
2909	2	1284
2910	2	2594
2911	2	1117
2912	0	3952
2912	1	4938
2913	2	4357
2914	2	4781
2915	0	879
2915	1	512
2916	0	3754
2916	1	1982
2917	0	3342
2917	1	3967
2918	0	3342
2918	1	512
2919	2	483
2920	0	3913
2920	1	2775
2921	2	607
2922	2	4055
2923	0	279
2923	1	2325
2924	0	439
2924	1	2974
2925	0	439
2925	1	4371
2926	0	1732
2926	1	2414
2927	0	4830
2927	1	503
2928	0	3604
2928	1	1176
2929	0	4617
2929	1	2071
2930	2	54
2931	2	2721
2932	2	167
2933	0	3484
2933	1	4804
2934	2	2838
2935	0	3922
2935	1	1642
2936	0	3922
2936	1	581
2937	0	120
2937	1	2672
2938	0	2833
2938	1	2039
2939	2	565
2940	2	3470
2941	0	1321
2941	1	3175
2942	0	2550
2942	1	4006
2943	2	2189
2944	2	1389
2945	2	5041
2946	2	4368
2947	0	1844
2947	1	1692
2948	0	1844
2948	1	3995
2949	0	1308
2949	1	2037
2950	0	1308
2950	1	2679
2951	0	3134
2951	1	2510
2952	2	3050
2953	0	4546
2953	1	1692
2954	0	3443
2954	1	3010
2955	0	3443
2955	1	1771
2956	0	685
2956	1	3967
2957	0	685
2957	1	4038
2958	0	4491
2958	1	1074
2959	0	1438
2959	1	4675
2960	0	69
2960	1	461
2961	0	1637
2961	1	5050
2962	0	1637
2962	1	1469
2963	0	1607
2963	1	253
2964	0	4852
2964	1	3175
2965	2	62
2966	0	2507
2966	1	4466
2967	0	1544
2967	1	1599
2968	0	1544
2968	1	155
2969	0	3591
2969	1	3797
2970	2	4498
2971	2	43
2972	0	1178
2972	1	4810
2973	0	3743
2973	1	587
2974	2	979
2975	0	1659
2975	1	1040
2976	0	2657
2976	1	4696
2977	2	202
2978	2	3569
2979	2	2572
2980	2	1424
2981	2	2873
2982	0	3001
2982	1	776
2983	2	1101
2984	2	688
2985	0	2997
2985	1	4043
2986	0	2526
2986	1	2037
2987	0	2249
2987	1	2037
2988	0	2249
2988	1	4038
2989	0	3785
2989	1	4387
2990	2	3847
2991	2	1050
2992	0	3667
2992	1	2414
2993	0	3272
2993	1	1664
2994	2	4528
2995	0	5025
2995	1	275
2996	0	4653
2996	1	1013
2997	2	2240
2998	0	4198
2998	1	1891
2999	0	4777
2999	1	1384
3000	0	4486
3000	1	2098
3001	2	5156
3002	0	48
3002	1	4886
3003	2	383
3004	2	3404
3005	2	1196
3006	0	1625
3006	1	776
3007	0	1738
3007	1	4420
3008	2	4207
3009	2	4272
3010	2	445
3011	2	4044
3012	0	2133
3012	1	2689
3013	2	3316
3014	0	2186
3014	1	4696
3015	0	2186
3015	1	3298
3016	0	992
3016	1	3031
3017	0	3952
3017	1	776
3018	0	3952
3018	1	3031
3019	2	3637
3020	2	1952
3021	0	879
3021	1	2767
3022	0	3342
3022	1	2098
3023	2	4978
3024	0	3045
3024	1	71
3025	0	2959
3025	1	4260
3026	0	302
3026	1	3109
3027	0	302
3027	1	4659
3028	2	1919
3029	0	585
3029	1	2220
3030	0	585
3030	1	5127
3031	0	2790
3031	1	1469
3032	0	279
3032	1	910
3033	0	279
3033	1	2098
3034	2	181
3035	0	3884
3035	1	1822
3036	2	3187
3037	0	3484
3037	1	1040
3038	2	2804
3039	2	4990
3040	2	966
3041	2	588
3042	0	3922
3042	1	816
3043	0	403
3043	1	2775
3044	2	4246
3045	2	1654
3046	0	1446
3046	1	3603
3047	0	1844
3047	1	4709
3048	0	1844
3048	1	2039
3049	0	1308
3049	1	3931
3050	0	5153
3050	1	4466
3051	2	2096
3052	0	4546
3052	1	1771
3053	0	4794
3053	1	708
3054	0	3640
3054	1	1692
3055	2	98
3056	0	685
3056	1	1571
3057	0	527
3057	1	3967
3058	2	3478
3059	2	4864
3060	0	4621
3060	1	4907
3061	2	414
3062	0	2507
3062	1	1158
3063	0	1544
3063	1	4463
3064	0	1544
3064	1	3042
3065	0	1544
3065	1	4626
3066	0	3591
3066	1	3612
3067	2	3151
3068	2	3833
3069	2	4488
3070	2	4093
3071	0	2303
3071	1	3735
3072	0	4860
3072	1	3613
3073	0	4860
3073	1	3613
3074	0	3743
3074	1	2830
3075	2	4700
3076	0	1659
3076	1	551
3077	0	1069
3077	1	5127
3078	0	3497
3078	1	2619
3079	0	4058
3079	1	2325
3080	0	1989
3080	1	4202
3081	2	3576
3082	2	4313
3083	0	3810
3083	1	4684
3084	0	1517
3084	1	3995
3085	2	3929
3086	0	3001
3086	1	4810
3087	2	3173
3088	0	1380
3088	1	2779
3089	0	3785
3089	1	1909
3090	2	3885
3091	2	2436
3092	0	1762
3092	1	3804
3093	2	431
3094	0	3642
3094	1	3967
3095	2	4560
3096	0	4653
3096	1	1176
3097	2	3882
3098	2	3737
3099	0	3083
3099	1	1040
3100	0	2988
3100	1	4755
3101	2	4195
3102	0	751
3102	1	776
3103	0	214
3103	1	2779
3104	2	4173
3105	2	619
3106	2	1056
3107	2	5092
3108	2	1169
3109	0	4618
3109	1	2414
3110	2	3782
3111	2	2373
3112	2	2719
3113	2	2114
3114	0	2133
3114	1	816
3115	0	2133
3115	1	743
3116	0	2133
3116	1	1053
3117	2	3609
3118	2	4364
3119	0	2186
3119	1	70
3120	0	2186
3120	1	2485
3121	0	3952
3121	1	1771
3122	2	2571
3123	2	637
3124	2	1669
3125	2	804
3126	2	2462
3127	2	4054
3128	0	5080
3128	1	3682
3129	0	5080
3129	1	4012
3130	0	3342
3130	1	4543
3131	2	3418
3132	2	1691
3133	0	3045
3133	1	1281
3134	2	2293
3135	2	19
3136	2	2172
3137	0	5091
3137	1	1571
3138	2	1857
3139	0	279
3139	1	3682
3140	0	3817
3140	1	1571
3141	2	3845
3142	0	1596
3142	1	4463
3143	2	3680
3144	0	2395
3144	1	1040
3145	0	791
3145	1	4619
3146	0	791
3146	1	2446
3147	2	3154
3148	0	4776
3148	1	2039
3149	0	5057
3149	1	4948
3150	0	3922
3150	1	859
3151	0	2825
3151	1	2098
3152	0	536
3152	1	5127
3153	0	2914
3153	1	3010
3154	2	4110
3155	2	3649
3156	0	2550
3156	1	2624
3157	2	4678
3158	2	2741
3159	2	2847
3160	0	1844
3160	1	3175
3161	0	3134
3161	1	3590
3162	0	3134
3162	1	1571
3163	2	2504
3164	0	3443
3164	1	5127
3165	2	2113
3166	2	4507
3167	0	3640
3167	1	825
3168	2	4599
3169	0	4876
3169	1	2689
3170	0	1556
3170	1	2623
3171	2	1448
3172	0	69
3172	1	3735
3173	2	346
3174	0	1637
3174	1	2037
3175	0	1637
3175	1	4675
3176	0	4852
3176	1	4371
3177	2	3007
3178	0	2507
3178	1	4948
3179	0	2507
3179	1	514
3180	0	1544
3180	1	1506
3181	2	2548
3182	2	28
3183	2	3991
3184	2	77
3185	2	1881
3186	0	1178
3186	1	4659
3187	0	3428
3187	1	3931
3188	0	3428
3188	1	973
3189	0	4860
3189	1	3613
3190	0	4860
3190	1	3613
3191	0	4218
3191	1	4948
3192	0	3743
3192	1	4675
3193	0	884
3193	1	3797
3194	2	2711
3195	0	500
3195	1	2775
3196	2	4127
3197	2	4256
3198	2	29
3199	0	3260
3199	1	3010
3200	0	2170
3200	1	399
3201	2	4655
3202	2	545
3203	2	4046
3204	2	2700
3205	2	2394
3206	2	3082
3207	0	1380
3207	1	2037
3208	2	4539
3209	2	1597
3210	0	3667
3210	1	1742
3211	2	162
3212	2	4128
3213	0	1762
3213	1	2039
3214	0	2151
3214	1	2974
3215	0	2651
3215	1	4702
3216	0	2651
3216	1	825
3217	0	345
3217	1	4589
3218	0	345
3218	1	3860
3219	0	2400
3219	1	1664
3220	0	2988
3220	1	4012
3221	2	2566
3222	2	2539
3223	0	904
3223	1	4804
3224	2	1764
3225	2	2360
3226	0	48
3226	1	4709
3227	2	2056
3228	0	3996
3228	1	1212
3229	0	3996
3229	1	3995
3230	2	5053
3231	0	4158
3231	1	4420
3232	0	4158
3232	1	399
3233	0	1100
3233	1	2446
3234	2	67
3235	2	908
3236	2	4958
3237	0	1738
3237	1	3109
3238	2	3014
3239	0	4618
3239	1	4810
3240	2	726
3241	2	5012
3242	0	2407
3242	1	4589
3243	2	1276
3244	2	2234
3245	2	2613
3246	2	2956
3247	2	600
3248	2	2599
3249	2	3897
3250	2	3653
3251	2	1302
3252	0	879
3252	1	957
3253	0	2745
3253	1	399
3254	0	2745
3254	1	2325
3255	2	655
3256	2	844
3257	2	1216
3258	2	4957
3259	0	1494
3259	1	4012
3260	2	4739
3261	0	3045
3261	1	4659
3262	0	2959
3262	1	1558
3263	0	2959
3263	1	3109
3264	0	2959
3264	1	514
3265	2	4366
3266	0	439
3266	1	3931
3267	0	1732
3267	1	1257
3268	2	2611
3269	2	2074
3270	0	791
3270	1	3860
3271	2	2631
3272	2	2428
3273	2	3206
3274	2	3003
3275	0	3922
3275	1	1384
3276	0	3922
3276	1	2974
3277	0	3922
3277	1	2466
3278	0	536
3278	1	3910
3279	2	2482
3280	2	4652
3281	2	680
3282	2	488
3283	2	2296
3284	2	1563
3285	2	1568
3286	0	4546
3286	1	3910
3287	0	3443
3287	1	4619
3288	0	3443
3288	1	2071
3289	0	3443
3289	1	4012
3290	2	3128
3291	2	4475
3292	0	606
3292	1	2767
3293	0	851
3293	1	399
3294	0	1230
3294	1	4755
3295	2	5065
3296	0	1556
3296	1	4087
3297	0	929
3297	1	2325
3298	0	177
3298	1	1571
3299	0	177
3299	1	4126
3300	0	412
3300	1	3735
3301	0	412
3301	1	503
3302	2	1986
3303	2	2582
3304	2	1327
3305	0	1637
3305	1	1664
3306	2	4785
3307	2	4998
3308	2	1548
3309	2	2345
3310	2	276
3311	0	4101
3311	1	4012
3312	2	888
3313	0	1544
3313	1	358
3314	2	2857
3315	0	4211
3315	1	4696
3316	2	4495
3317	2	164
3318	2	3863
3319	2	384
3320	0	1178
3320	1	1176
3321	0	3428
3321	1	2767
3322	0	3428
3322	1	3514
3323	0	3428
3323	1	2866
3324	0	4860
3324	1	3613
3325	0	3743
3325	1	358
3326	0	1753
3326	1	1013
3327	0	1753
3327	1	1748
3328	0	1753
3328	1	4569
3329	0	219
3329	1	1692
3330	0	1232
3330	1	4543
3331	2	462
3332	2	4414
3333	0	3260
3333	1	2775
3334	0	3001
3334	1	70
3335	0	3001
3335	1	1664
3336	2	280
3337	0	2249
3337	1	4399
3338	0	3785
3338	1	4126
3339	2	3880
3340	2	814
3341	2	1489
3342	2	3
3343	2	1915
3344	0	3642
3344	1	2485
3345	0	4653
3345	1	2037
3346	2	1242
3347	2	1260
3348	0	923
3348	1	4696
3349	0	923
3349	1	3982
3350	0	2237
3350	1	3860
3351	0	904
3351	1	2070
3352	2	2634
3353	0	3159
3353	1	4126
3354	2	5076
3355	0	1680
3355	1	2414
3356	0	1680
3356	1	1244
3357	0	751
3357	1	4804
3358	2	1498
3359	0	3283
3359	1	108
3360	2	2478
3361	0	4650
3361	1	4967
3362	2	4540
3363	0	1703
3363	1	4709
3364	2	220
3365	2	4359
3366	2	1358
3367	2	832
3368	0	3753
3368	1	4967
3369	0	1738
3369	1	708
3370	0	4618
3370	1	2037
3371	2	925
3372	2	2137
3373	0	2661
3373	1	2779
3374	2	4588
3375	2	2010
3376	2	3909
3377	2	1823
3378	2	2383
3379	2	2650
3380	0	2186
3380	1	4463
3381	0	992
3381	1	1244
3382	0	2729
3382	1	708
3383	2	919
3384	2	2026
3385	0	2989
3385	1	399
3386	2	1430
3387	0	2144
3387	1	2815
3388	0	879
3388	1	4696
3389	0	161
3389	1	4466
3390	0	3045
3390	1	4126
3391	0	2959
3391	1	2068
3392	0	2959
3392	1	675
3393	0	302
3393	1	3931
3394	0	590
3394	1	3031
3395	0	5091
3395	1	4420
3396	0	5091
3396	1	4755
3397	0	585
3397	1	4399
3398	0	1623
3398	1	2013
3399	0	1623
3399	1	2616
3400	0	3022
3400	1	2864
3401	0	439
3401	1	776
3402	0	439
3402	1	1664
3403	2	3681
3404	0	1596
3404	1	1384
3405	0	4984
3405	1	2775
3406	2	3567
3407	0	3604
3407	1	4967
3408	2	1722
3409	0	3755
3409	1	2039
3410	0	3755
3410	1	1794
3411	0	5017
3411	1	253
3412	0	2701
3412	1	4371
3413	0	4776
3413	1	70
3414	0	4776
3414	1	4543
3415	0	4776
3415	1	2864
3416	0	3922
3416	1	3982
3417	0	120
3417	1	4907
3418	0	2825
3418	1	776
3419	0	536
3419	1	825
3420	0	3448
3420	1	1384
3421	0	1321
3421	1	3460
3422	0	2217
3422	1	3860
3423	2	3267
3424	2	2531
3425	2	3302
3426	0	1446
3426	1	3804
3427	0	4334
3427	1	2775
3428	2	731
3429	0	5153
3429	1	2623
3430	0	5153
3430	1	581
3431	2	3143
3432	2	4282
3433	0	851
3433	1	4804
3434	2	2253
3435	0	1230
3435	1	4675
3436	0	527
3436	1	3109
3437	0	527
3437	1	3547
3438	0	4200
3438	1	3475
3439	0	4876
3439	1	2414
3440	2	2341
3441	0	1556
3441	1	5127
3442	0	4032
3442	1	4709
3443	0	435
3443	1	155
3444	2	624
3445	2	2662
3446	2	3023
3447	2	2816
3448	2	4697
3449	0	1637
3449	1	2815
3450	2	1800
3451	0	1607
3451	1	2220
3452	0	1607
3452	1	2870
3453	0	1607
3453	1	708
3454	0	4101
3454	1	4122
3455	0	4974
3455	1	4043
3456	0	1544
3456	1	4948
3457	2	4593
3458	2	4337
3459	2	2156
3460	2	3061
3461	2	1425
3462	2	3233
3463	0	4211
3463	1	1384
3464	2	1845
3465	2	1667
3466	2	1264
3467	2	5021
3468	2	3065
3469	0	1178
3469	1	3682
3470	0	4860
3470	1	3613
3471	0	4218
3471	1	128
3472	2	1814
3473	2	1565
3474	0	3497
3474	1	743
3475	0	3497
3475	1	1506
3476	0	4413
3476	1	2775
3477	0	884
3477	1	3612
3478	0	1232
3478	1	3475
3479	0	500
3479	1	2039
3480	2	4773
3481	2	3093
3482	0	3260
3482	1	4907
3483	2	1533
3484	0	149
3484	1	816
3485	0	4913
3485	1	2039
3486	2	1326
3487	0	1734
3487	1	4619
3488	0	1734
3488	1	1754
3489	2	1133
3490	2	20
3491	2	2339
3492	0	2997
3492	1	3910
3493	2	878
3494	0	3527
3494	1	3127
3495	2	1313
3496	0	2249
3496	1	2866
3497	0	2249
3497	1	3799
3498	0	2249
3498	1	4122
3499	0	1377
3499	1	461
3500	0	3272
3500	1	3816
3501	0	1977
3501	1	461
3502	0	3726
3502	1	3010
3503	0	345
3503	1	2098
3504	0	345
3504	1	4122
3505	0	1346
3505	1	4420
3506	2	2612
3507	0	923
3507	1	399
3508	0	4486
3508	1	1742
3509	0	3083
3509	1	1692
3510	0	904
3510	1	2220
3511	2	4227
3512	0	2958
3512	1	3031
3513	0	48
3513	1	4804
3514	2	3828
3515	2	3075
3516	0	3105
3516	1	2623
3517	2	3624
3518	2	2023
3519	0	2130
3519	1	1546
3520	0	3753
3520	1	3547
3521	2	4295
3522	2	1885
3523	0	918
3523	1	3735
3524	2	1268
3525	2	601
3526	0	2133
3526	1	5127
3527	2	2669
3528	2	1936
3529	0	2639
3529	1	2623
3530	0	3952
3530	1	4466
3531	2	3430
3532	2	1515
3533	0	879
3533	1	4371
3534	0	5080
3534	1	461
3535	2	4933
3536	2	1554
3537	2	84
3538	0	689
3538	1	1771
3539	0	302
3539	1	957
3540	0	302
3540	1	1599
3541	2	3502
3542	0	1081
3542	1	1074
3543	2	4811
3544	0	585
3544	1	957
3545	0	585
3545	1	4675
3546	0	585
3546	1	4038
3547	2	2941
3548	0	2790
3548	1	3816
3549	0	2790
3549	1	1176
3550	0	439
3550	1	2672
3551	0	439
3551	1	3982
3552	2	2263
3553	0	3884
3553	1	358
3554	0	4984
3554	1	1074
3555	2	5074
3556	2	2581
3557	2	1767
3558	2	4073
3559	0	2701
3559	1	2774
3560	0	2701
3560	1	1754
3561	2	4686
3562	0	3922
3562	1	5132
3563	0	3922
3563	1	1295
3564	0	120
3564	1	2775
3565	0	120
3565	1	3010
3566	0	120
3566	1	825
3567	0	3448
3567	1	4804
3568	0	3448
3568	1	340
3569	2	5072
3570	0	1321
3570	1	2679
3571	0	1321
3571	1	4012
3572	2	3602
3573	2	4096
3574	2	4791
3575	2	882
3576	2	1873
3577	2	4695
3578	0	1446
3578	1	4006
3579	0	1446
3579	1	3253
3580	0	1844
3580	1	587
3581	0	1308
3581	1	2435
3582	0	5153
3582	1	708
3583	0	3134
3583	1	71
3584	2	4890
3585	2	3207
3586	0	4955
3586	1	4965
3587	2	1305
3588	0	606
3588	1	3910
3589	0	1749
3589	1	3860
3590	0	1729
3590	1	2325
3591	2	4839
3592	2	3728
3593	0	527
3593	1	3816
3594	0	527
3594	1	2173
3595	0	4876
3595	1	4589
3596	2	3307
3597	0	69
3597	1	399
3598	2	3532
3599	0	435
3599	1	4823
3600	2	1067
3601	2	4879
3602	2	1487
3603	2	1524
3604	2	1306
3605	2	5003
3606	2	3388
3607	2	310
3608	2	52
3609	2	208
3610	2	112
3611	2	1783
3612	0	4852
3612	1	2774
3613	0	2507
3613	1	3967
3614	0	1544
3614	1	425
3615	0	3591
3615	1	2866
3616	2	4859
3617	2	702
3618	2	2359
3619	2	3874
3620	2	2552
3621	2	3747
3622	2	3722
3623	0	1178
3623	1	1599
3624	0	3428
3624	1	369
3625	0	2303
3625	1	3910
3626	0	4860
3626	1	3613
3627	2	4770
3628	2	2759
3629	0	863
3629	1	4659
3630	0	863
3630	1	1257
3631	0	3497
3631	1	4463
3632	0	2657
3632	1	3598
3633	0	4058
3633	1	3460
3634	0	219
3634	1	2864
3635	0	884
3635	1	2746
3636	0	4481
3636	1	4012
3637	0	1232
3637	1	1822
3638	2	4929
3639	2	4419
3640	2	778
3641	2	450
3642	0	3348
3642	1	4709
3643	0	1726
3643	1	108
3644	2	830
3645	0	1517
3645	1	3910
3646	0	4377
3646	1	3995
3647	2	1344
3648	2	2690
3649	2	262
3650	2	809
3651	0	3785
3651	1	3995
3652	2	4769
3653	2	2520
3654	2	3039
3655	0	3213
3655	1	3816
3656	0	3213
3656	1	2013
3657	0	3272
3657	1	2619
3658	0	3642
3658	1	4709
3659	0	2151
3659	1	4260
3660	0	5025
3660	1	4589
3661	0	1346
3661	1	3514
3662	0	1346
3662	1	2864
3663	0	1346
3663	1	275
3664	2	82
3665	2	1278
3666	2	4537
3667	0	2607
3667	1	1469
3668	0	4777
3668	1	1961
3669	2	1061
3670	0	4486
3670	1	2325
3671	0	2988
3671	1	3298
3672	2	2141
3673	2	5100
3674	0	4378
3674	1	2510
3675	2	2559
3676	0	48
3676	1	4122
3677	0	3996
3677	1	2408
3678	0	3996
3678	1	2071
3679	0	3693
3679	1	1771
3680	0	3105
3680	1	2408
3681	2	2647
3682	2	2067
3683	2	557
3684	2	1682
3685	0	1738
3685	1	957
3686	0	130
3686	1	4202
3687	0	4618
3687	1	2830
3688	0	3953
3688	1	95
3689	0	3953
3689	1	581
3690	2	3397
3691	2	1842
3692	0	2908
3692	1	461
3693	0	2133
3693	1	957
3694	2	1922
3695	2	3525
3696	2	244
3697	2	4514
3698	2	127
3699	2	598
3700	2	1810
3701	0	2639
3701	1	3539
3702	2	348
3703	2	341
3704	2	2822
3705	2	1445
3706	2	4642
3707	2	3572
3708	0	3754
3708	1	3010
3709	0	4085
3709	1	4684
3710	0	38
3710	1	1074
3711	0	5080
3711	1	1571
3712	0	3342
3712	1	1176
3713	2	1605
3714	2	2374
3715	0	161
3715	1	4659
3716	0	1494
3716	1	1891
3717	0	1494
3717	1	587
3718	0	2959
3718	1	1664
3719	0	2959
3719	1	1053
3720	2	2578
3721	2	4027
3722	2	1608
3723	2	2859
3724	2	1908
3725	0	2348
3725	1	2325
3726	0	585
3726	1	675
3727	2	1043
3728	2	3117
3729	2	2472
3730	0	3945
3730	1	3995
3731	0	439
3731	1	70
3732	0	3884
3732	1	816
3733	2	936
3734	0	4234
3734	1	708
3735	0	801
3735	1	4543
3736	0	4617
3736	1	3042
3737	0	2395
3737	1	3860
3738	2	3327
3739	2	1019
3740	0	2701
3740	1	1822
3741	2	1184
3742	0	3922
3742	1	4371
3743	0	120
3743	1	5127
3744	0	120
3744	1	4087
3745	0	3448
3745	1	4589
3746	2	3431
3747	2	2104
3748	2	991
3749	0	3090
3749	1	155
3750	0	4004
3750	1	4122
3751	2	4891
3752	2	3663
3753	0	2550
3753	1	5132
3754	2	2294
3755	2	2854
3756	2	1963
3757	0	5153
3757	1	3816
3758	0	406
3758	1	4420
3759	2	1974
3760	2	5045
3761	2	312
3762	0	4955
3762	1	2013
3763	0	3443
3763	1	4589
3764	0	606
3764	1	71
3765	0	606
3765	1	1664
3766	2	4124
3767	2	595
3768	0	1230
3768	1	1040
3769	0	1230
3769	1	4122
3770	0	685
3770	1	3127
3771	0	4876
3771	1	1754
3772	0	1438
3772	1	3475
3773	0	69
3773	1	4202
3774	2	4946
3775	0	4621
3775	1	2039
3776	0	4621
3776	1	1794
3777	2	822
3778	2	1784
3779	2	920
3780	2	3730
3781	2	3841
3782	2	4030
3783	2	829
3784	2	2270
3785	2	1291
3786	0	1544
3786	1	4399
3787	0	1181
3787	1	2774
3788	2	993
3789	2	2678
3790	0	4211
3790	1	1257
3791	0	4211
3791	1	3475
3792	0	4211
3792	1	1074
3793	2	4113
3794	0	3469
3794	1	2485
3795	2	1690
3796	2	355
3797	0	1178
3797	1	3547
3798	0	1178
3798	1	1664
3799	0	3428
3799	1	1384
3800	0	3428
3800	1	5132
3801	0	3428
3801	1	1257
3802	0	3428
3802	1	3006
3803	0	3428
3803	1	425
3804	0	2303
3804	1	5127
3805	0	4860
3805	1	3613
3806	0	4218
3806	1	3298
3807	0	1753
3807	1	1384
3808	0	1753
3808	1	3006
3809	0	863
3809	1	1721
3810	0	863
3810	1	1577
3811	0	2657
3811	1	581
3812	2	382
3813	0	884
3813	1	1876
3814	0	4481
3814	1	4709
3815	2	1404
3816	2	1535
3817	0	2170
3817	1	3919
3818	2	2726
3819	2	1485
3820	2	123
3821	2	3073
3822	0	2163
3822	1	4087
3823	0	4377
3823	1	4420
3824	2	4017
3825	0	4817
3825	1	4420
3826	0	1734
3826	1	2864
3827	2	3916
3828	2	4319
3829	2	3192
3830	0	1246
3830	1	24
3831	0	1758
3831	1	4012
3832	0	1593
3832	1	1212
3833	2	3614
3834	0	2249
3834	1	2071
3835	0	4850
3835	1	1044
3836	0	4850
3836	1	2039
3837	0	2376
3837	1	1074
3838	2	3324
3839	0	3213
3839	1	4063
3840	0	3272
3840	1	5050
3841	0	3642
3841	1	503
3842	0	3642
3842	1	4569
3843	0	4653
3843	1	2672
3844	0	1346
3844	1	108
3845	0	2400
3845	1	3109
3846	2	5028
3847	0	4444
3847	1	1571
3848	0	2607
3848	1	399
3849	0	4912
3849	1	4371
3850	2	4848
3851	0	2237
3851	1	1891
3852	0	2237
3852	1	3982
3853	2	2990
3854	2	770
3855	2	4231
3856	0	904
3856	1	587
3857	0	904
3857	1	3175
3858	0	3464
3858	1	4709
3859	2	4663
3860	0	751
3860	1	1771
3861	0	3996
3861	1	4087
3862	2	407
3863	2	4209
3864	2	4878
3865	2	2489
3866	0	4650
3866	1	1794
3867	2	1030
3868	2	3477
3869	2	1523
3870	2	3135
3871	2	2740
3872	0	1715
3872	1	3995
3873	2	3365
3874	2	356
3875	2	539
3876	2	3301
3877	2	2963
3878	2	4522
3879	0	2133
3879	1	1384
3880	2	3789
3881	2	1239
3882	2	2174
3883	2	4369
3884	0	2186
3884	1	4371
3885	0	2186
3885	1	3893
3886	0	2639
3886	1	4371
3887	0	2639
3887	1	675
3888	2	2153
3889	2	3635
3890	2	5119
3891	2	3562
3892	2	133
3893	2	419
3894	2	4147
3895	0	2144
3895	1	1384
3896	2	3160
3897	0	4875
3897	1	461
3898	0	879
3898	1	3460
3899	0	879
3899	1	4126
3900	0	3754
3900	1	1368
3901	0	5120
3901	1	2672
3902	2	2314
3903	0	3510
3903	1	4012
3904	2	4393
3905	2	2736
3906	2	1564
3907	0	161
3907	1	2870
3908	0	161
3908	1	1794
3909	2	2961
3910	2	2966
3911	2	5138
3912	2	4171
3913	0	3045
3913	1	2068
3914	0	2959
3914	1	2623
3915	0	302
3915	1	4399
3916	0	302
3916	1	4948
3917	2	1585
3918	2	4331
3919	2	2060
3920	2	4245
3921	2	1018
3922	0	585
3922	1	2155
3923	0	1113
3923	1	4012
3924	0	1623
3924	1	3800
3925	2	3171
3926	0	439
3926	1	2037
3927	0	439
3927	1	587
3928	0	439
3928	1	1212
3929	0	4644
3929	1	4122
3930	0	1959
3930	1	2414
3931	0	1732
3931	1	1742
3932	0	4021
3932	1	4012
3933	0	1596
3933	1	3473
3934	0	3884
3934	1	1558
3935	0	3884
3935	1	1748
3936	2	2181
3937	2	5060
3938	2	5107
3939	0	4830
3939	1	2775
3940	0	4234
3940	1	3175
3941	2	745
3942	0	4617
3942	1	4371
3943	0	4116
3943	1	4043
3944	0	4116
3944	1	461
3945	2	1142
3946	2	1957
3947	0	2701
3947	1	2672
3948	0	2701
3948	1	3682
3949	2	1323
3950	0	5057
3950	1	3982
3951	0	536
3951	1	4709
3952	0	536
3952	1	2864
3953	0	3448
3953	1	2485
3954	0	3448
3954	1	369
3955	2	2773
3956	2	4270
3957	2	3895
3958	2	1481
3959	0	192
3959	1	4012
3960	0	2550
3960	1	5177
3961	2	267
3962	2	115
3963	2	2541
3964	0	1844
3964	1	4659
3965	0	4334
3965	1	4999
3966	0	4334
3966	1	3735
3967	0	1308
3967	1	1013
3968	0	1308
3968	1	128
3969	0	259
3969	1	3109
3970	0	3134
3970	1	2159
3971	2	4490
3972	0	4955
3972	1	4862
3973	0	4955
3973	1	827
3974	0	3443
3974	1	816
3975	0	3443
3975	1	4543
3976	0	3443
3976	1	2325
3977	0	4794
3977	1	4012
3978	0	606
3978	1	3169
3979	2	4919
3980	0	1932
3980	1	708
3981	0	3640
3981	1	1074
3982	2	2438
3983	2	2972
3984	0	685
3984	1	4420
3985	0	685
3985	1	551
3986	0	685
3986	1	4087
3987	0	527
3987	1	1281
3988	0	4876
3988	1	587
3989	0	4491
3989	1	1244
3990	0	4491
3990	1	4450
3991	0	1438
3991	1	4087
3992	0	589
3992	1	1571
3993	0	4621
3993	1	95
3994	2	4554
3995	2	1360
3996	2	234
3997	2	1718
3998	2	1143
3999	2	100
4000	2	3274
4001	2	1503
4002	2	143
4003	2	4881
4004	2	2251
4005	2	1393
4006	2	389
4007	0	4517
4007	1	399
4008	0	2507
4008	1	3056
4009	2	3361
4010	2	3332
4011	2	4449
4012	2	3219
4013	2	316
4014	0	2303
4014	1	2779
4015	0	4860
4015	1	3613
4016	0	4218
4016	1	358
4017	0	3743
4017	1	2689
4018	0	3743
4018	1	2098
4019	0	1753
4019	1	578
4020	2	1390
4021	2	1116
4022	0	863
4022	1	2774
4023	0	3497
4023	1	369
4024	0	2657
4024	1	1558
4025	0	2657
4025	1	2623
4026	0	884
4026	1	2619
4027	0	884
4027	1	5174
4028	0	884
4028	1	4626
4029	0	1232
4029	1	2775
4030	0	1232
4030	1	108
4031	2	928
4032	0	500
4032	1	2325
4033	2	828
4034	2	968
4035	0	1803
4035	1	461
4036	2	5124
4037	0	3543
4037	1	3460
4038	0	2163
4038	1	2039
4039	2	359
4040	0	1734
4040	1	3475
4041	0	3001
4041	1	1053
4042	2	3538
4043	2	4253
4044	0	3527
4044	1	615
4045	2	391
4046	0	2249
4046	1	2619
4047	0	3785
4047	1	1212
4048	2	1280
4049	0	3667
4049	1	490
4050	0	3667
4050	1	2408
4051	2	4461
4052	0	3642
4052	1	4907
4053	0	3642
4053	1	825
4054	2	3104
4055	2	1791
4056	0	2195
4056	1	708
4057	2	4547
4058	2	2589
4059	0	923
4059	1	4447
4060	0	2237
4060	1	2974
4061	0	2237
4061	1	1771
4062	0	4486
4062	1	4938
4063	0	4486
4063	1	3031
4064	0	3403
4064	1	2173
4065	0	3083
4065	1	776
4066	0	2988
4066	1	399
4067	0	904
4067	1	4696
4068	2	3245
4069	0	3464
4069	1	2775
4070	2	845
4071	2	350
4072	2	331
4073	2	1811
4074	2	1694
4075	0	48
4075	1	3879
4076	0	48
4076	1	1794
4077	0	3996
4077	1	1013
4078	0	2795
4078	1	2325
4079	2	2558
4080	0	4831
4080	1	1212
4081	0	3105
4081	1	1295
4082	0	3105
4082	1	3682
4083	0	3980
4083	1	1384
4084	2	4672
4085	0	441
4085	1	503
4086	0	2969
4086	1	2775
4087	2	2301
4088	0	1738
4088	1	2485
4089	0	2727
4089	1	4087
4090	0	130
4090	1	1040
4091	2	4603
4092	2	1785
4093	2	2123
4094	2	3360
4095	2	883
4096	2	3222
4097	2	4787
4098	0	2661
4098	1	4907
4099	2	684
4100	2	1581
4101	2	1981
4102	2	1708
4103	2	3015
4104	0	2133
4104	1	1476
4105	0	2133
4105	1	3514
4106	2	2221
4107	2	2826
4108	2	2430
4109	2	2818
4110	2	4754
4111	2	1595
4112	0	2186
4112	1	615
4113	0	2186
4113	1	631
4114	2	3561
4115	2	2782
4116	2	4250
4117	2	4108
4118	2	4205
4119	2	2009
4120	0	642
4120	1	1053
4121	0	4875
4121	1	3475
4122	0	879
4122	1	4577
4123	2	990
4124	2	1906
4125	0	2875
4125	1	4659
4126	0	2875
4126	1	4619
4127	0	161
4127	1	2974
4128	2	1460
4129	2	2937
4130	0	2959
4130	1	1469
4131	0	302
4131	1	1961
4132	0	302
4132	1	3056
4133	2	3803
4134	2	4321
4135	0	5008
4135	1	4012
4136	2	580
4137	2	2312
4138	2	2465
4139	2	5036
4140	0	2790
4140	1	2767
4141	0	2790
4141	1	4999
4142	2	2276
4143	0	860
4143	1	4012
4144	0	279
4144	1	4447
4145	0	279
4145	1	2205
4146	0	279
4146	1	2333
4147	2	2756
4148	0	1732
4148	1	2767
4149	0	1732
4149	1	1664
4150	0	1596
4150	1	1491
4151	2	2038
4152	0	3884
4152	1	4038
4153	0	3884
4153	1	3999
4154	2	4971
4155	0	4234
4155	1	4804
4156	0	801
4156	1	2037
4157	0	1497
4157	1	708
4158	0	4617
4158	1	70
4159	0	3484
4159	1	399
4160	2	1798
4161	0	791
4161	1	2325
4162	2	1203
4163	0	5017
4163	1	1053
4164	2	895
4165	2	55
4166	2	3601
4167	2	616
4168	0	4776
4168	1	1212
4169	0	4776
4169	1	581
4170	0	5057
4170	1	2619
4171	2	944
4172	2	301
4173	0	120
4173	1	1244
4174	0	120
4174	1	2870
4175	0	536
4175	1	1771
4176	0	3448
4176	1	743
4177	0	3448
4177	1	3054
4178	2	3891
4179	0	2833
4179	1	4907
4180	0	3090
4180	1	1794
4181	2	4192
4182	2	690
4183	2	8
4184	2	3434
4185	2	4320
4186	0	1308
4186	1	957
4187	0	5153
4187	1	70
4188	2	3554
4189	2	3686
4190	0	3443
4190	1	4755
4191	2	2733
4192	0	3640
4192	1	3010
4193	0	1230
4193	1	399
4194	2	2225
4195	0	527
4195	1	1176
4196	0	527
4196	1	551
4197	0	527
4197	1	4948
4198	2	903
4199	0	4876
4199	1	2220
4200	0	4876
4200	1	503
4201	0	4120
4201	1	2485
4202	0	1916
4202	1	4012
4203	0	69
4203	1	5127
4204	0	69
4204	1	4087
4205	0	412
4205	1	1692
4206	2	4651
4207	2	4411
4208	2	5068
4209	2	1063
4210	2	3964
4211	2	767
4212	2	3868
4213	2	2785
4214	2	1674
4215	2	799
4216	2	1656
4217	2	2747
4218	2	4872
4219	0	1607
4219	1	4675
4220	2	3395
4221	0	2097
4221	1	2414
4222	0	4852
4222	1	3547
4223	0	1544
4223	1	2624
4224	0	1544
4224	1	512
4225	0	3591
4225	1	4696
4226	0	3591
4226	1	3006
4227	2	783
4228	0	1663
4228	1	3109
4229	2	3887
4230	0	5170
4230	1	2775
4231	2	4814
4232	2	2499
4233	2	2723
4234	2	886
4235	0	1178
4235	1	2679
4236	0	2303
4236	1	3982
4237	0	4860
4237	1	3613
4238	0	4860
4238	1	3613
4239	0	3743
4239	1	1599
4240	0	3743
4240	1	581
4241	2	2955
4242	2	1920
4243	2	3179
4244	2	2033
4245	0	2657
4245	1	3109
4246	0	2657
4246	1	3514
4247	0	219
4247	1	3982
4248	0	884
4248	1	3054
4249	0	884
4249	1	2603
4250	0	1232
4250	1	275
4251	2	3849
4252	2	5121
4253	2	173
4254	0	3810
4254	1	551
4255	0	1803
4255	1	4202
4256	2	4600
4257	2	1924
4258	0	2092
4258	1	1571
4259	2	1102
4260	0	4377
4260	1	3910
4261	0	3981
4261	1	275
4262	0	3001
4262	1	71
4263	0	3001
4263	1	4126
4264	0	3001
4264	1	4569
4265	2	4674
4266	2	2664
4267	0	1380
4267	1	4043
4268	0	1380
4268	1	4202
4269	0	1758
4269	1	2779
4270	0	1593
4270	1	253
4271	0	1593
4271	1	2408
4272	2	2449
4273	0	3527
4273	1	3071
4274	0	3527
4274	1	3514
4275	0	2526
4275	1	4804
4276	0	2526
4276	1	4543
4277	2	1223
4278	2	1473
4279	2	1167
4280	0	2249
4280	1	71
4281	0	3785
4281	1	3993
4282	2	2731
4283	2	3697
4284	2	1240
4285	0	4850
4285	1	399
4286	2	4535
4287	0	1762
4287	1	776
4288	0	3213
4288	1	2619
4289	0	3272
4289	1	4696
4290	0	1553
4290	1	5127
4291	0	2151
4291	1	1692
4292	0	3726
4292	1	4038
4293	0	3726
4293	1	2864
4294	0	5025
4294	1	2510
4295	0	345
4295	1	4569
4296	2	712
4297	0	4653
4297	1	641
4298	0	1346
4298	1	3910
4299	0	2400
4299	1	1794
4300	0	4620
4300	1	3995
4301	2	3740
4302	2	4284
4303	2	763
4304	2	806
4305	0	4444
4305	1	852
4306	0	2607
4306	1	2485
4307	0	2607
4307	1	2068
4308	0	831
4308	1	2672
4309	2	3520
4310	0	2988
4310	1	3019
4311	2	5
4312	2	404
4313	0	904
4313	1	3539
4314	0	1725
4314	1	358
4315	2	1396
4316	0	4378
4316	1	825
4317	0	1680
4317	1	1692
4318	0	751
4318	1	1244
4319	0	48
4319	1	2043
4320	0	3996
4320	1	2037
4321	2	1606
4322	2	47
4323	2	2671
4324	2	674
4325	0	4179
4325	1	461
4326	0	3105
4326	1	3109
4327	0	3105
4327	1	4466
4328	2	1273
4329	2	3683
4330	0	4806
4330	1	3995
4331	0	2130
4331	1	2751
4332	0	2130
4332	1	4112
4333	0	2130
4333	1	4594
4334	2	4976
4335	0	3753
4335	1	2485
4336	2	3988
4337	2	4097
4338	0	1738
4338	1	2098
4339	2	1233
4340	2	4570
4341	0	1414
4341	1	3175
4342	0	1414
4342	1	1794
4343	0	130
4343	1	4589
4344	0	4618
4344	1	2864
4345	2	4746
4346	2	4496
4347	2	1911
4348	0	2661
4348	1	1244
4349	0	2661
4349	1	108
4350	2	1031
4351	0	2133
4351	1	2623
4352	2	2202
4353	2	1711
4354	2	222
4355	2	668
4356	2	2475
4357	2	1411
4358	0	2186
4358	1	1369
4359	0	2186
4359	1	2815
4360	2	3465
4361	0	2729
4361	1	4087
4362	2	3178
4363	0	2639
4363	1	776
4364	2	821
4365	0	3952
4365	1	4420
4366	0	1104
4366	1	3175
4367	2	465
4368	2	4094
4369	2	3835
4370	2	3928
4371	2	1899
4372	2	3060
4373	0	4159
4373	1	825
4374	0	3754
4374	1	4478
4375	0	3754
4375	1	1257
4376	0	4085
4376	1	3475
4377	0	4085
4377	1	2510
4378	0	5145
4378	1	4399
4379	0	5120
4379	1	3010
4380	0	5080
4380	1	1558
4381	0	5080
4381	1	4862
4382	0	4915
4382	1	4012
4383	0	2875
4383	1	358
4384	2	5069
4385	2	5084
4386	2	4220
4387	2	1741
4388	0	3278
4388	1	4122
4389	2	2514
4390	0	3045
4390	1	2624
4391	0	302
4391	1	4463
4392	0	302
4392	1	3612
4393	2	3439
4394	2	3939
4395	2	2319
4396	2	758
4397	2	178
4398	0	2348
4398	1	3860
4399	0	5091
4399	1	581
4400	2	625
4401	2	2861
4402	0	2790
4402	1	2974
4403	0	4109
4403	1	4543
4404	2	2680
4405	0	2813
4405	1	4589
4406	0	279
4406	1	859
4407	0	279
4407	1	1771
4408	2	379
4409	0	3945
4409	1	1244
4410	0	439
4410	1	3547
4411	0	439
4411	1	3071
4412	0	1732
4412	1	4696
4413	2	3119
4414	2	3146
4415	0	3604
4415	1	3169
4416	0	4234
4416	1	1384
4417	0	4234
4417	1	3042
4418	0	4234
4418	1	2414
4419	2	3488
4420	0	3484
4420	1	4012
4421	2	2468
4422	0	791
4422	1	4043
4423	2	2643
4424	0	4776
4424	1	3071
4425	0	4533
4425	1	108
4426	2	2207
4427	0	5057
4427	1	461
4428	0	5057
4428	1	1469
4429	2	3903
4430	0	3922
4430	1	2767
4431	0	120
4431	1	2037
4432	0	120
4432	1	4043
4433	0	120
4433	1	4371
4434	0	3448
4434	1	1754
4435	0	3448
4435	1	2325
4436	2	3791
4437	0	3090
4437	1	70
4438	0	3090
4438	1	2068
4439	0	4004
4439	1	71
4440	0	1321
4440	1	1876
4441	2	3026
4442	2	659
4443	0	2550
4443	1	3056
4444	2	2471
4445	2	3304
4446	2	3055
4447	2	7
4448	2	1921
4449	0	1844
4449	1	108
4450	0	552
4450	1	1074
4451	0	1308
4451	1	675
4452	0	1308
4452	1	514
4453	0	5153
4453	1	71
4454	0	3134
4454	1	2333
4455	2	1153
4456	0	4546
4456	1	71
4457	0	3443
4457	1	2619
4458	0	3443
4458	1	3860
4459	2	2200
4460	0	1749
4460	1	1074
4461	0	1729
4461	1	3460
4462	2	3509
4463	0	527
4463	1	816
4464	0	1556
4464	1	3982
4465	0	929
4465	1	2870
4466	0	4032
4466	1	4043
4467	0	69
4467	1	4675
4468	0	1913
4468	1	1510
4469	0	1913
4469	1	2039
4470	0	4621
4470	1	399
4471	0	4621
4471	1	5127
4472	2	2076
4473	2	1882
4474	2	2652
4475	2	1709
4476	2	3911
4477	2	2917
4478	2	1897
4479	2	3648
4480	2	5142
4481	2	4050
4482	2	4903
4483	2	2660
4484	2	2057
4485	2	3459
4486	0	1637
4486	1	1176
4487	2	1254
4488	2	4193
4489	2	2031
4490	2	4070
4491	2	3391
4492	2	4884
4493	2	2364
4494	2	88
4495	2	2089
4496	0	2507
4496	1	3585
4497	0	1544
4497	1	4659
4498	0	3591
4498	1	1200
4499	2	2805
4500	0	1181
4500	1	3031
4501	2	4961
4502	0	5170
4502	1	5050
4503	2	4694
4504	0	4211
4504	1	3797
4505	2	735
4506	2	1746
4507	2	3437
4508	0	1178
4508	1	1742
4509	0	3428
4509	1	2408
4510	2	4793
4511	0	3743
4511	1	3547
4512	0	1753
4512	1	4965
4513	0	1753
4513	1	3071
4514	2	926
4515	2	4670
4516	2	2876
4517	0	1659
4517	1	369
4518	0	1659
4518	1	111
4519	0	3497
4519	1	3805
4520	0	2657
4520	1	2689
4521	0	2657
4521	1	1642
4522	0	4058
4522	1	1794
4523	0	884
4523	1	2848
4524	0	3121
4524	1	2068
4525	0	30
4525	1	2623
4526	0	1232
4526	1	2039
4527	0	3758
4527	1	4907
4528	2	3563
4529	0	500
4529	1	708
4530	2	1378
4531	2	1112
4532	0	1367
4532	1	4938
4533	2	2480
4534	2	2490
4535	0	3260
4535	1	1692
4536	0	3260
4536	1	587
4537	0	1803
4537	1	3735
4538	2	1514
4539	2	2481
4540	0	4701
4540	1	2775
4541	2	834
4542	2	3435
4543	0	4913
4543	1	4012
4544	2	3588
4545	0	1734
4545	1	4999
4546	2	2142
4547	0	955
4547	1	1074
4548	2	5048
4549	2	4641
4550	2	1527
4551	0	1758
4551	1	2510
4552	0	1079
4552	1	3298
4553	0	1079
4553	1	2510
4554	0	2997
4554	1	2220
4555	2	2871
4556	0	3527
4556	1	1876
4557	0	4943
4557	1	2068
4558	2	3700
4559	0	1377
4559	1	4569
4560	2	2915
4561	2	401
4562	2	4001
4563	0	3272
4563	1	4463
4564	0	3272
4564	1	1281
4565	0	3272
4565	1	776
4566	0	3642
4566	1	70
4567	0	3642
4567	1	1257
4568	0	3642
4568	1	275
4569	2	2135
4570	0	1977
4570	1	1040
4571	0	1155
4571	1	1771
4572	2	628
4573	0	2151
4573	1	1571
4574	0	3726
4574	1	3967
4575	2	3940
4576	2	511
4577	0	345
4577	1	5050
4578	0	4653
4578	1	3799
4579	0	2400
4579	1	1822
4580	0	633
4580	1	253
4581	0	1956
4581	1	825
4582	2	2636
4583	2	967
4584	0	4444
4584	1	1543
4585	0	2237
4585	1	4999
4586	2	113
4587	0	4777
4587	1	1599
4588	0	4777
4588	1	358
4589	0	831
4589	1	1281
4590	2	2363
4591	2	4172
4592	0	2988
4592	1	1244
4593	0	2988
4593	1	3682
4594	0	2988
4594	1	1794
4595	0	3464
4595	1	2974
4596	2	3052
4597	2	3353
4598	2	3411
4599	2	3957
4600	2	1210
4601	2	1586
4602	2	5029
4603	0	1680
4603	1	3539
4604	0	2958
4604	1	2510
4605	0	3996
4605	1	3598
4606	0	3996
4606	1	3805
4607	2	3020
4608	0	4158
4608	1	2775
4609	2	795
4610	0	3837
4610	1	708
4611	2	2063
4612	2	1639
4613	2	3157
4614	0	3865
4614	1	1599
4615	2	1405
4616	2	1809
4617	2	3138
4618	2	3565
4619	0	3105
4619	1	4543
4620	0	3105
4620	1	743
4621	0	3105
4621	1	3585
4622	2	3720
4623	2	4000
4624	2	2168
4625	2	2568
4626	2	2090
4627	0	441
4627	1	1040
4628	0	2969
4628	1	3539
4629	0	3753
4629	1	1571
4630	2	21
4631	2	1884
4632	2	733
4633	0	1414
4633	1	4709
4634	0	4618
4634	1	3460
4635	0	4618
4635	1	2974
4636	0	4618
4636	1	1176
4637	0	4618
4637	1	3547
4638	2	2310
4639	2	3295
4640	2	4203
4641	2	2397
4642	0	2080
4642	1	399
4643	2	4257
4644	2	2145
4645	2	1330
4646	2	3202
4647	2	1440
4648	0	918
4648	1	2098
4649	0	2819
4649	1	776
4650	2	876
4651	2	3918
4652	2	1768
4653	2	4472
4654	2	2801
4655	0	2186
4655	1	1206
4656	0	2186
4656	1	512
4657	0	2186
4657	1	1212
4658	2	2686
4659	2	1493
4660	2	4979
4661	0	3952
4661	1	275
4662	0	1104
4662	1	4420
4663	2	2047
4664	2	5115
4665	2	3687
4666	2	4673
4667	2	3526
4668	2	4735
4669	2	2869
4670	2	1398
4671	2	1262
4672	0	2144
4672	1	708
4673	0	642
4673	1	3860
4674	0	4875
4674	1	3797
4675	0	2118
4675	1	3214
4676	0	879
4676	1	587
4677	0	879
4677	1	581
4678	0	2745
4678	1	2870
4679	0	2745
4679	1	2068
4680	0	5111
4680	1	3268
4681	0	5111
4681	1	1743
4682	2	2737
4683	2	1186
4684	0	5120
4684	1	4619
4685	2	10
4686	0	5080
4686	1	155
4687	0	2875
4687	1	3598
4688	0	2875
4688	1	1822
4689	2	2378
4690	2	3555
4691	2	3373
4692	2	4119
4693	0	1494
4693	1	859
4694	0	3913
4694	1	4420
4695	0	3913
4695	1	3175
4696	2	2404
4697	2	4983
4698	0	3045
4698	1	2155
4699	0	2959
4699	1	859
4700	0	2959
4700	1	2815
4701	2	1093
4702	2	203
4703	0	590
4703	1	108
4704	2	1584
4705	0	1081
4705	1	2071
4706	0	2348
4706	1	4012
4707	0	5091
4707	1	2414
4708	0	5091
4708	1	4038
4709	0	585
4709	1	71
4710	0	1113
4710	1	3298
4711	0	1113
4711	1	551
4712	0	1113
4712	1	1074
4713	2	4581
4714	0	1623
4714	1	3781
4715	0	2790
4715	1	1257
4716	0	2790
4716	1	5127
4717	0	3022
4717	1	399
4718	0	2813
4718	1	2623
4719	2	3966
4720	0	864
4720	1	4907
4721	2	4423
4722	0	3817
4722	1	3735
4723	2	2609
4724	0	439
4724	1	503
4725	2	1071
4726	0	4644
4726	1	1692
4727	0	4644
4727	1	3475
4728	0	4644
4728	1	4810
4729	0	4644
4729	1	3031
4730	0	1959
4730	1	2485
4731	0	1959
4731	1	1244
4732	0	1732
4732	1	1295
4733	0	4021
4733	1	369
4734	0	4021
4734	1	3071
4735	0	5159
4735	1	4087
4736	0	1596
4736	1	4471
4737	0	3884
4737	1	4206
4738	0	3884
4738	1	2158
4739	0	4984
4739	1	1692
4740	2	2814
4741	2	4874
4742	2	79
4743	2	583
4744	2	567
4745	0	1400
4745	1	2485
4746	2	4454
4747	0	3604
4747	1	5050
4748	2	573
4749	2	4583
4750	0	4617
4750	1	4466
4751	2	2497
4752	2	3597
4753	0	3484
4753	1	2429
4754	0	3484
4754	1	1794
4755	0	4116
4755	1	4755
4756	0	3398
4756	1	3797
4757	0	5017
4757	1	3175
4758	0	5017
4758	1	4589
4759	0	5017
4759	1	2446
4760	2	4512
4761	2	3621
4762	0	2701
4762	1	4463
4763	0	2701
4763	1	4619
4764	0	2701
4764	1	3547
4765	0	2701
4765	1	1469
4766	2	769
4767	2	3412
4768	0	5057
4768	1	1053
4769	2	4254
4770	0	3922
4770	1	4463
4771	0	3922
4771	1	1491
4772	0	3922
4772	1	2623
4773	2	4045
4774	0	120
4774	1	1491
4775	0	3448
4775	1	155
4776	2	1900
4777	2	951
4778	0	4004
4778	1	3910
4779	2	1033
4780	2	4610
4781	0	192
4781	1	4755
4782	2	129
4783	0	1321
4783	1	1771
4784	0	1321
4784	1	2446
4785	0	2677
4785	1	2974
4786	2	1130
4787	2	3661
4788	2	3830
4789	2	1752
4790	0	1446
4790	1	3129
4791	0	1446
4791	1	1248
4792	0	1844
4792	1	1013
4793	0	1844
4793	1	1469
4794	0	1308
4794	1	340
4795	2	1225
4796	0	5153
4796	1	2220
4797	2	2454
4798	2	2179
4799	2	541
4800	2	1549
4801	0	4546
4801	1	3860
4802	2	3517
4803	2	3340
4804	2	572
4805	0	606
4805	1	2864
4806	0	3380
4806	1	4202
4807	0	851
4807	1	3682
4808	0	247
4808	1	275
4809	0	1729
4809	1	1040
4810	0	1729
4810	1	3042
4811	0	931
4811	1	4202
4812	0	1230
4812	1	3475
4813	0	1230
4813	1	2802
4814	0	685
4814	1	957
4815	2	26
4816	0	527
4816	1	1295
4817	0	4200
4817	1	2864
4818	0	3092
4818	1	71
4819	0	3092
4819	1	4371
4820	0	3092
4820	1	3175
4821	0	3092
4821	1	2039
4822	0	4876
4822	1	1176
4823	0	4120
4823	1	4202
4824	0	929
4824	1	2951
4825	0	69
4825	1	3475
4826	0	69
4826	1	4450
4827	2	2334
4828	0	589
4828	1	1822
4829	0	1913
4829	1	1571
4830	0	1913
4830	1	5127
4831	0	4621
4831	1	1822
4832	2	1107
4833	2	1258
4834	2	2103
4835	2	2336
4836	2	1944
4837	2	3947
4838	2	2058
4839	2	1267
4840	2	838
4841	2	3462
4842	2	4156
4843	2	3679
4844	2	3383
4845	2	2423
4846	2	3186
4847	2	136
4848	0	1637
4848	1	3590
4849	0	1637
4849	1	2623
4850	2	1930
4851	2	3096
4852	2	1032
4853	2	3227
4854	2	395
4855	2	1296
4856	0	1607
4856	1	1295
4857	2	5096
4858	0	4101
4858	1	5132
4859	2	3140
4860	2	1177
4861	0	2507
4861	1	2623
4862	0	1544
4862	1	2466
4863	2	2576
4864	0	3591
4864	1	3590
4865	0	3591
4865	1	2408
4866	0	1181
4866	1	4948
4867	2	2512
4868	0	4841
4868	1	3031
4869	2	172
4870	2	4844
4871	2	4798
4872	2	3938
4873	0	4211
4873	1	4471
4874	0	4211
4874	1	659
4875	2	561
4876	2	5001
4877	2	4187
4878	2	3812
4879	0	3469
4879	1	675
4880	2	2760
4881	0	1178
4881	1	512
4882	0	1178
4882	1	1158
4883	0	4860
4883	1	3613
4884	0	4860
4884	1	3613
4885	0	4860
4885	1	3613
4886	0	3743
4886	1	1642
4887	0	1753
4887	1	631
4888	2	2248
4889	0	1659
4889	1	1105
4890	0	1659
4890	1	4463
4891	0	1659
4891	1	2802
4892	0	4201
4892	1	4202
4893	0	3497
4893	1	3612
4894	0	2657
4894	1	2619
4895	0	2657
4895	1	3585
4896	0	1989
4896	1	4471
4897	0	884
4897	1	4577
4898	0	884
4898	1	1005
4899	0	3121
4899	1	461
4900	0	5086
4900	1	2446
4901	0	3758
4901	1	399
4902	0	500
4902	1	4420
4903	2	227
4904	2	1265
4905	2	468
4906	0	3260
4906	1	776
4907	0	3260
4907	1	2864
4908	2	3454
4909	0	1803
4909	1	1244
4910	0	2307
4910	1	108
4911	2	3629
4912	2	4265
4913	2	3393
4914	2	298
4915	0	149
4915	1	1891
4916	0	2163
4916	1	1794
4917	2	2238
4918	2	3564
4919	0	781
4919	1	1040
4920	0	1734
4920	1	3006
4921	0	3001
4921	1	4589
4922	2	639
4923	2	963
4924	2	3584
4925	0	955
4925	1	4202
4926	0	1380
4926	1	4543
4927	0	647
4927	1	1384
4928	0	647
4928	1	1491
4929	0	647
4929	1	708
4930	2	3935
4931	2	2645
4932	0	2526
4932	1	3539
4933	0	2526
4933	1	3995
4934	0	3785
4934	1	4858
4935	0	3785
4935	1	587
4936	0	3785
4936	1	1904
4937	0	3785
4937	1	3910
4938	2	200
4939	0	3667
4939	1	71
4940	0	3667
4940	1	800
4941	0	3213
4941	1	4965
4942	0	3272
4942	1	1469
4943	0	3642
4943	1	3475
4944	0	3726
4944	1	3031
4945	0	5025
4945	1	71
4946	0	5025
4946	1	3860
4947	2	3763
4948	2	1539
4949	0	4653
4949	1	2171
4950	0	4653
4950	1	2974
4951	0	4653
4951	1	3931
4952	0	4653
4952	1	2178
4953	0	1346
4953	1	2068
4954	2	1274
4955	2	2138
4956	2	166
4957	2	1516
4958	0	923
4958	1	3042
4959	0	4444
4959	1	3919
4960	0	4444
4960	1	4886
4961	0	4198
4961	1	4202
4962	2	3651
4963	0	2237
4963	1	4589
4964	0	2237
4964	1	2173
4965	2	1441
4966	0	2020
4966	1	2129
4967	2	3000
4968	2	5073
4969	2	4066
4970	0	904
4970	1	4755
4971	0	1725
4971	1	95
4972	0	3464
4972	1	2068
4973	2	3954
4974	2	632
4975	2	3790
4976	0	1680
4976	1	4755
4977	0	751
4977	1	1692
4978	0	48
4978	1	2689
4979	0	48
4979	1	2485
4980	0	3996
4980	1	3682
4981	0	1869
4981	1	2775
4982	0	4158
4982	1	108
4983	2	997
4984	2	3132
4985	2	491
4986	2	710
4987	2	956
4988	2	1479
4989	0	3865
4989	1	4755
4990	0	4179
4990	1	2775
4991	0	3105
4991	1	2414
4992	0	3105
4992	1	425
4993	0	3105
4993	1	2866
4994	2	2757
4995	0	4806
4995	1	1040
4996	0	2130
4996	1	2767
4997	2	1085
4998	0	2969
4998	1	3995
4999	0	2969
4999	1	275
5000	0	3753
5000	1	3010
5001	0	4618
5001	1	2173
5002	2	2946
5003	2	2083
5004	2	2517
5005	2	5117
5006	2	303
5007	2	261
5008	2	4520
5009	0	2661
5009	1	4371
5010	0	918
5010	1	3169
5011	2	1701
5012	2	1453
5013	2	4812
5014	2	977
5015	2	2846
5016	2	473
5017	2	2879
5018	0	2133
5018	1	2155
5019	0	2133
5019	1	4543
5020	0	2133
5020	1	4948
5021	0	2133
5021	1	128
5022	2	4664
5023	2	2405
5024	2	2386
5025	2	2120
5026	2	4968
5027	2	1207
5028	2	3975
5029	0	2186
5029	1	3071
5030	0	992
5030	1	2408
5031	2	3133
5032	0	2729
5032	1	3910
5033	2	2064
5034	2	1428
5035	0	2639
5035	1	4907
5036	0	2639
5036	1	4466
5037	0	3952
5037	1	4804
5038	0	1059
5038	1	4202
5039	0	1104
5039	1	4675
5040	0	1104
5040	1	551
5041	2	4129
5042	2	686
5043	2	4807
5044	2	1912
5045	2	3277
5046	2	3746
5047	2	3366
5048	2	2839
5049	2	1166
5050	2	1992
5051	2	3252
5052	2	4986
5053	2	1470
5054	2	1215
5055	0	2144
5055	1	3109
5056	0	642
5056	1	4543
5057	0	642
5057	1	95
5058	2	2219
5059	2	4534
5060	2	2792
5061	2	3948
5062	0	879
5062	1	1642
5063	0	879
5063	1	2435
5064	0	4467
5064	1	4202
5065	0	2745
5065	1	253
5066	0	4085
5066	1	743
5067	0	38
5067	1	2408
5068	0	5145
5068	1	512
5069	2	158
5070	2	2567
5071	0	5120
5071	1	1771
5072	0	5120
5072	1	1469
5073	0	5080
5073	1	4122
5074	0	3342
5074	1	4619
5075	0	2875
5075	1	2974
5076	0	2875
5076	1	3910
5077	2	4756
5078	2	1886
5079	2	4870
5080	2	4353
5081	0	161
5081	1	2413
5082	0	161
5082	1	3585
5083	2	2518
5084	0	2117
5084	1	2775
5085	2	994
5086	0	1494
5086	1	2446
5087	0	3913
5087	1	1692
5088	2	432
5089	0	3278
5089	1	2325
5090	0	3045
5090	1	3816
5091	0	3045
5091	1	1257
5092	0	2959
5092	1	3598
5093	0	2959
5093	1	1599
5094	0	2959
5094	1	2974
5095	0	2959
5095	1	3612
5096	0	2959
5096	1	4038
5097	2	1234
5098	2	4962
5099	2	563
5100	0	1509
5100	1	1040
5101	0	585
5101	1	2414
5102	0	585
5102	1	1742
5103	2	5004
5104	0	2790
5104	1	3590
5105	0	3022
5105	1	3010
5106	0	2813
5106	1	1244
5107	0	860
5107	1	1384
5108	0	279
5108	1	4804
5109	0	279
5109	1	4420
5110	0	279
5110	1	347
5111	0	279
5111	1	141
5112	0	279
5112	1	3514
5113	0	439
5113	1	1742
5114	0	3813
5114	1	4399
5115	0	1596
5115	1	1257
5116	0	1596
5116	1	3804
5117	0	1596
5117	1	1748
5118	2	1183
5119	2	1269
5120	2	1202
5121	2	738
5122	2	1442
5123	0	3604
5123	1	4006
5124	0	3604
5124	1	2171
5125	0	755
5125	1	2775
5126	0	2004
5126	1	1558
5127	0	801
5127	1	3682
5128	2	4014
5129	2	5112
5130	2	835
5131	0	791
5131	1	2767
5132	0	791
5132	1	4087
5133	2	2983
5134	0	4835
5134	1	253
5135	0	4835
5135	1	108
5136	0	3398
5136	1	3031
5137	2	4866
5138	0	5017
5138	1	2414
5139	0	5017
5139	1	108
5140	2	1245
5141	0	4776
5141	1	1295
5142	0	4533
5142	1	2775
5143	0	5057
5143	1	3585
5144	2	1665
5145	2	1875
5146	2	4897
5147	0	3922
5147	1	1158
5148	0	120
5148	1	275
5149	0	2825
5149	1	816
5150	0	2825
5150	1	2485
5151	0	2825
5151	1	2071
5152	0	536
5152	1	2414
5153	0	536
5153	1	587
5154	0	403
5154	1	108
5155	0	3448
5155	1	3682
5156	0	3448
5156	1	4126
5157	0	3448
5157	1	3071
5158	0	3448
5158	1	4466
5159	2	2887
5160	2	1051
5161	0	3090
5161	1	1822
5162	2	3309
5163	0	4004
5163	1	2510
5164	2	544
5165	2	3736
5166	2	1304
5167	0	1321
5167	1	1754
5168	0	4704
5168	1	2510
5169	0	2550
5169	1	1609
5170	2	909
5171	2	287
5172	2	4538
5173	2	1160
5174	2	4889
5175	2	2968
5176	0	1446
5176	1	1609
5177	0	1844
5177	1	2830
5178	0	1844
5178	1	4589
5179	0	1844
5179	1	4466
5180	0	1844
5180	1	2815
5181	0	1308
5181	1	4471
5182	0	1308
5182	1	1257
5183	0	1308
5183	1	1754
5184	0	1308
5184	1	1176
5185	0	5153
5185	1	1742
5186	0	5153
5186	1	128
5187	0	5153
5187	1	514
5188	0	5153
5188	1	2815
5189	2	4721
5190	0	996
5190	1	2510
5191	0	3134
5191	1	2098
5192	2	3350
5193	2	56
5194	2	2403
5195	2	3038
5196	2	3080
5197	2	1917
5198	2	648
5199	0	4546
5199	1	816
5200	0	4546
5200	1	3982
5201	0	4546
5201	1	2325
5202	0	3443
5202	1	2220
5203	0	3443
5203	1	1664
5204	0	3443
5204	1	3910
5205	2	109
5206	2	1867
5207	0	4794
5207	1	4371
5208	0	606
5208	1	3042
5209	0	606
5209	1	425
5210	2	3368
5211	2	2474
5212	0	247
5212	1	776
5213	0	1729
5213	1	399
5214	0	1729
5214	1	3797
5215	0	1729
5215	1	1771
5216	0	1729
5216	1	2446
5217	2	3501
5218	0	685
5218	1	4043
5219	0	685
5219	1	1053
5220	0	685
5220	1	973
5221	2	2087
5222	0	527
5222	1	4696
5223	0	3092
5223	1	70
5224	0	3092
5224	1	3109
5225	0	3092
5225	1	3910
5226	0	4120
5226	1	108
5227	0	4032
5227	1	3475
5228	0	4491
5228	1	3982
5229	0	1438
5229	1	399
5230	0	69
5230	1	1664
5231	0	589
5231	1	4399
5232	0	589
5232	1	4755
5233	2	3495
5234	2	1570
5235	0	1913
5235	1	4709
5236	0	435
5236	1	2071
5237	2	2734
5238	2	3148
5239	2	3732
5240	2	4242
5241	2	1072
5242	2	5105
5243	2	2227
5244	2	4324
5245	2	1779
5246	2	2268
5247	2	2416
5248	2	2136
5249	0	1637
5249	1	2767
5250	2	4766
5251	2	1397
5252	2	314
5253	2	325
5254	2	1545
5255	2	524
5256	2	2885
5257	2	3734
5258	2	3759
5259	0	4101
5259	1	825
5260	0	4101
5260	1	2446
5261	0	4974
5261	1	1074
5262	0	2507
5262	1	2974
5263	0	2507
5263	1	2068
5264	0	2507
5264	1	2679
5265	0	2507
5265	1	3999
5266	0	2507
5266	1	2815
5267	0	1544
5267	1	4836
5268	2	3414
5269	0	3591
5269	1	581
5270	2	784
5271	2	662
5272	2	4300
5273	0	5170
5273	1	3475
5274	2	4719
5275	2	533
5276	2	4469
5277	2	2152
5278	2	3196
5279	2	2232
5280	0	4211
5280	1	4075
5281	2	2909
5282	2	3969
5283	2	3018
5284	2	3426
5285	2	4053
5286	2	41
5287	2	388
5288	2	3511
5289	2	4102
5290	0	1178
5290	1	1384
5291	0	1178
5291	1	369
5292	0	1178
5292	1	2173
5293	0	2303
5293	1	512
5294	0	4860
5294	1	3613
5295	0	1753
5295	1	551
5296	0	2602
5296	1	4471
5297	2	3079
5298	0	1659
5298	1	4696
5299	0	1659
5299	1	4087
5300	0	1659
5300	1	2173
5301	0	3497
5301	1	2414
5302	0	3497
5302	1	1542
5303	0	4058
5303	1	2098
5304	0	1388
5304	1	2510
5305	0	219
5305	1	4371
5306	0	219
5306	1	2325
5307	0	5086
5307	1	1040
5308	0	3758
5308	1	3460
5309	0	500
5309	1	1244
5310	2	1029
5311	2	872
5312	2	995
5313	2	3625
5314	2	1110
5315	2	185
5316	0	3260
5316	1	4371
5317	0	3260
5317	1	1212
5318	2	4838
5319	0	3810
5319	1	1384
5320	0	2170
5320	1	2039
5321	2	2739
5322	2	3110
5323	0	2092
5323	1	4450
5324	0	4701
5324	1	4122
5325	0	149
5325	1	4709
5326	2	959
5327	0	4377
5327	1	1506
5328	2	2687
5329	2	4616
5330	0	1734
5330	1	4371
5331	0	1734
5331	1	1771
5332	0	1734
5332	1	512
5333	0	3001
5333	1	816
5334	0	3001
5334	1	675
5335	2	3016
5336	2	4025
5337	2	4764
5338	0	955
5338	1	4804
5339	2	3615
5340	2	1417
5341	2	2079
5342	2	1724
5343	0	1380
5343	1	2679
5344	0	1758
5344	1	1040
5345	0	1593
5345	1	2485
5346	0	2997
5346	1	4226
5347	0	3527
5347	1	3006
5348	0	2526
5348	1	4659
5349	0	2526
5349	1	4038
5350	2	2889
5351	2	3241
5352	0	2040
5352	1	4126
5353	0	2249
5353	1	631
5354	0	3785
5354	1	71
5355	0	3785
5355	1	95
5356	0	3785
5356	1	1771
5357	0	3785
5357	1	2679
5358	0	3785
5358	1	2098
5359	0	3785
5359	1	2285
5360	2	4458
5361	0	4850
5361	1	3982
5362	0	3667
5362	1	3109
5363	0	3667
5363	1	4463
5364	2	3191
5365	2	3101
5366	2	623
5367	0	3213
5367	1	3999
5368	0	3272
5368	1	3109
5369	0	3272
5369	1	4675
5370	0	3272
5370	1	4948
5371	0	3272
5371	1	4038
5372	0	3642
5372	1	3539
5373	0	3642
5373	1	4675
5374	0	1977
5374	1	708
5375	0	2151
5375	1	1295
5376	0	3726
5376	1	4709
5377	0	5025
5377	1	4420
5378	0	345
5378	1	4463
5379	0	345
5379	1	4619
5380	0	345
5380	1	3982
5381	2	4747
5382	0	1346
5382	1	3585
5383	0	1346
5383	1	2408
5384	0	1346
5384	1	2830
5385	0	2400
5385	1	1040
5386	2	4671
5387	0	4620
5387	1	3982
5388	0	721
5388	1	399
5389	2	1003
5390	2	4296
5391	0	3733
5391	1	4450
5392	2	917
5393	0	923
5393	1	3214
5394	0	2607
5394	1	2414
5395	0	2607
5395	1	1742
5396	0	2607
5396	1	551
5397	0	2607
5397	1	2866
5398	0	3357
5398	1	708
5399	0	3188
5399	1	1571
5400	0	4777
5400	1	1281
5401	2	1057
5402	0	3083
5402	1	1891
5403	0	3083
5403	1	2774
5404	0	3083
5404	1	4684
5405	2	3103
5406	2	4007
5407	2	3152
5408	0	904
5408	1	3598
5409	0	904
5409	1	2098
5410	2	2985
5411	0	3464
5411	1	2408
5412	2	5146
5413	2	455
5414	2	1552
5415	2	837
5416	2	1454
5417	0	1680
5417	1	4804
5418	0	1680
5418	1	1748
5419	0	1680
5419	1	1742
5420	0	1680
5420	1	1771
5421	2	5085
5422	2	221
5423	0	48
5423	1	2874
5424	0	48
5424	1	3539
5425	0	48
5425	1	2870
5426	2	3777
5427	0	4196
5427	1	399
5428	0	3865
5428	1	1754
5429	0	2335
5429	1	1822
5430	0	4650
5430	1	816
5431	2	4566
5432	2	2358
5433	2	434
5434	0	4936
5434	1	4755
5435	2	3824
5436	0	3105
5436	1	1158
5437	0	4489
5437	1	4938
5438	2	2260
5439	2	3040
5440	2	622
5441	2	4024
5442	2	4587
5443	2	1938
5444	2	1683
5445	2	2996
5446	0	441
5446	1	1571
5447	0	441
5447	1	776
5448	2	1521
5449	2	1025
5450	2	4500
5451	2	681
5452	0	4618
5452	1	2679
5453	0	4618
5453	1	425
5454	2	1975
5455	2	1714
5456	0	3953
5456	1	1384
5457	2	1309
5458	2	353
5459	2	4363
5460	0	918
5460	1	3860
5461	0	4135
5461	1	4569
5462	2	3748
5463	2	3581
5464	2	4278
5465	2	3583
5466	2	1603
5467	0	3153
5467	1	399
5468	2	3419
5469	2	2977
5470	0	2819
5470	1	4420
5471	0	2819
5471	1	3982
5472	2	3449
5473	2	444
5474	2	2882
5475	2	2484
5476	2	2305
5477	2	3676
5478	2	5162
5479	2	2534
5480	0	2186
5480	1	816
5481	0	2186
5481	1	4155
5482	2	74
5483	2	1252
5484	0	2729
5484	1	71
5485	0	2729
5485	1	3475
5486	0	2729
5486	1	4122
5487	2	4429
5488	0	2639
5488	1	3475
5489	0	2639
5489	1	2039
5490	2	4370
5491	2	4585
5492	2	3180
5493	2	4026
5494	2	1436
5495	2	3181
5496	2	2758
5497	2	3487
5498	2	188
5499	2	2034
5500	2	2229
5501	2	1632
5502	2	2786
5503	2	229
5504	2	605
5505	2	3476
5506	2	3889
5507	2	582
5508	0	2144
5508	1	1053
5509	0	2144
5509	1	1822
5510	0	2144
5510	1	3031
5511	0	3622
5511	1	825
5512	2	3965
5513	2	1034
5514	2	2765
5515	2	3709
5516	0	4875
5516	1	3175
5517	0	4875
5517	1	3982
5518	0	4875
5518	1	3860
5519	0	879
5519	1	1558
5520	0	879
5520	1	1546
5521	0	879
5521	1	3056
5522	0	3754
5522	1	3816
5523	0	3754
5523	1	1372
5524	0	3754
5524	1	1469
5525	0	4085
5525	1	108
5526	0	4401
5526	1	4450
5527	0	5145
5527	1	2485
5528	0	5145
5528	1	1469
5529	2	1022
5530	2	4152
5531	0	5120
5531	1	1692
5532	0	5120
5532	1	2068
5533	0	5080
5533	1	253
5534	0	5080
5534	1	2815
5535	0	3510
5535	1	4907
5536	0	3342
5536	1	2505
5537	0	3342
5537	1	1013
5538	0	3342
5538	1	2779
5539	0	3342
5539	1	3006
5540	0	3342
5540	1	2866
5541	0	2875
5541	1	71
5542	2	44
5543	2	586
5544	2	1507
5545	2	4439
5546	2	5104
5547	2	1092
5548	2	2554
5549	2	3997
5550	2	204
5551	2	1467
5552	2	2976
5553	2	2340
5554	2	4352
5555	0	4117
5555	1	4420
5556	0	3045
5556	1	3169
5557	0	3045
5557	1	3931
5558	0	3045
5558	1	615
5559	0	3045
5559	1	3056
5560	0	2959
5560	1	957
5561	0	302
5561	1	3590
5562	0	302
5562	1	3805
5563	0	5008
5563	1	4087
5564	0	590
5564	1	2864
5565	0	590
5565	1	3860
5566	0	1509
5566	1	2071
5567	2	3802
5568	2	3792
5569	2	1125
5570	2	4808
5571	2	190
5572	0	5091
5572	1	3334
5573	0	5091
5573	1	4399
5574	0	5091
5574	1	4126
5575	0	585
5575	1	2037
5576	0	585
5576	1	358
5577	0	1113
5577	1	1244
5578	2	3779
5579	0	1623
5579	1	610
5580	0	2790
5580	1	675
5581	0	4109
5581	1	3042
5582	0	4109
5582	1	3612
5583	0	2101
5583	1	399
5584	0	3022
5584	1	1281
5585	2	5152
5586	2	4689
5587	0	279
5587	1	2245
5588	2	3441
5589	0	3945
5589	1	1692
5590	0	3945
5590	1	708
5591	0	439
5591	1	4463
5592	0	439
5592	1	4684
5593	2	420
5594	0	4644
5594	1	1642
5595	0	4644
5595	1	2974
5596	0	1959
5596	1	1599
5597	0	1596
5597	1	1096
5598	0	3884
5598	1	4732
5599	0	3884
5599	1	2619
5600	0	3884
5600	1	4823
5601	0	3884
5601	1	4282
5602	0	3884
5602	1	1200
5603	0	3884
5603	1	3805
5604	2	707
5605	2	661
5606	2	555
5607	2	2808
5608	2	4008
5609	2	4788
5610	2	1750
5611	2	299
5612	2	525
5613	2	201
5614	0	4234
5614	1	4043
5615	0	4234
5615	1	2870
5616	0	755
5616	1	399
5617	0	801
5617	1	1053
5618	0	801
5618	1	3031
5619	2	3124
5620	0	4617
5620	1	4420
5621	0	4617
5621	1	2864
5622	2	2035
5623	0	2395
5623	1	1558
5624	0	2395
5624	1	2220
5625	0	2395
5625	1	2446
5626	0	3484
5626	1	4260
5627	0	138
5627	1	5132
5628	0	791
5628	1	1506
5629	2	1705
5630	2	1645
5631	2	4344
5632	2	31
5633	0	5017
5633	1	2679
5634	2	3311
5635	2	1602
5636	0	2701
5636	1	2037
5637	0	2701
5637	1	3816
5638	0	2701
5638	1	3800
5639	0	2701
5639	1	2408
5640	0	4533
5640	1	3995
5641	0	4533
5641	1	155
5642	2	2617
5643	0	5057
5643	1	4696
5644	0	5057
5644	1	2098
5645	2	4088
5646	2	1769
5647	0	3922
5647	1	4836
5648	0	3922
5648	1	512
5649	0	120
5649	1	1742
5650	2	2901
5651	2	826
5652	0	536
5652	1	957
5653	0	403
5653	1	4420
5654	0	3448
5654	1	973
5655	2	1418
5656	0	2833
5656	1	1244
5657	0	2833
5657	1	4122
5658	0	1636
5658	1	2775
5659	2	4557
5660	0	3090
5660	1	3982
5661	2	50
5662	0	4004
5662	1	4471
5663	2	4885
5664	2	4375
5665	0	1321
5665	1	108
5666	0	1321
5666	1	3860
5667	0	4704
5667	1	4589
5668	0	1737
5668	1	3860
5669	0	2677
5669	1	1244
5670	2	4786
5671	2	1337
5672	2	3036
5673	2	1560
5674	2	5035
5675	0	1446
5675	1	610
5676	0	1446
5676	1	1969
5677	0	1446
5677	1	1476
5678	0	1844
5678	1	3109
5679	0	1844
5679	1	4938
5680	0	4334
5680	1	4471
5681	0	4334
5681	1	4126
5682	0	4677
5682	1	4804
5683	0	4677
5683	1	930
5684	0	1308
5684	1	581
5685	0	5153
5685	1	957
5686	0	5153
5686	1	4659
5687	0	5153
5687	1	1053
5688	0	5153
5688	1	1248
5689	0	406
5689	1	2098
5690	2	169
5691	0	259
5691	1	957
5692	2	3392
5693	2	2140
5694	0	996
5694	1	1978
5695	2	1359
5696	0	3190
5696	1	399
5697	0	3190
5697	1	1692
5698	2	2962
5699	2	1579
5700	2	2243
5701	2	1675
5702	2	2668
5703	2	3290
5704	0	4955
5704	1	4482
5705	0	4546
5705	1	2779
5706	0	4546
5706	1	3797
5707	0	4546
5707	1	1212
5708	0	4546
5708	1	4569
5709	0	3443
5709	1	3797
5710	0	3443
5710	1	5050
5711	0	3443
5711	1	4122
5712	2	4646
5713	2	265
5714	2	1756
5715	2	754
5716	2	2467
5717	0	606
5717	1	1491
5718	2	4149
5719	0	3640
5719	1	4907
5720	0	3640
5720	1	2775
5721	0	3640
5721	1	3031
5722	2	4592
5723	2	288
5724	2	5157
5725	2	1403
5726	0	247
5726	1	2037
5727	0	247
5727	1	4126
5728	0	1749
5728	1	3298
5729	0	3775
5729	1	2173
5730	2	3788
5731	2	2744
5732	0	685
5732	1	3109
5733	0	685
5733	1	340
5734	0	685
5734	1	4755
5735	0	4200
5735	1	4012
5736	0	4200
5736	1	2446
5737	0	3092
5737	1	1558
5738	0	3092
5738	1	369
5739	0	3092
5739	1	1794
5740	0	1556
5740	1	4126
5741	2	1819
5742	0	1916
5742	1	399
5743	0	4032
5743	1	1692
5744	0	4032
5744	1	2071
5745	0	4032
5745	1	4087
5746	0	69
5746	1	2414
5747	0	69
5747	1	1891
5748	0	177
5748	1	2619
5749	0	177
5749	1	4684
5750	2	430
5751	2	2297
5752	2	1434
5753	2	5110
5754	2	3627
5755	2	1828
5756	2	1999
5757	2	2987
5758	0	4699
5758	1	95
5759	2	1075
5760	2	230
5761	2	4317
5762	2	4390
5763	2	3664
5764	2	3076
5765	2	3122
5766	0	1637
5766	1	4260
5767	0	1637
5767	1	1742
5768	0	1637
5768	1	1771
5769	0	1637
5769	1	512
5770	0	1637
5770	1	2864
5771	0	933
5771	1	399
5772	2	4034
5773	2	4176
5774	2	660
5775	2	1114
5776	2	3406
5777	2	2644
5778	2	2867
5779	0	1607
5779	1	1200
5780	2	1649
5781	2	3692
5782	2	894
5783	2	2409
5784	2	881
5785	0	1478
5785	1	1074
5786	0	2097
5786	1	825
5787	0	2097
5787	1	675
5788	0	2097
5788	1	108
5789	0	4852
5789	1	4471
5790	0	4852
5790	1	2071
5791	0	4852
5791	1	1158
5792	0	4101
5792	1	1754
5793	0	4101
5793	1	3547
5794	0	4101
5794	1	973
5795	2	75
5796	0	3591
5796	1	743
5797	0	3591
5797	1	4577
5798	2	471
5799	2	235
5800	2	1496
5801	0	1181
5801	1	3910
5802	0	1663
5802	1	2039
5803	0	1663
5803	1	2446
5804	2	1317
5805	2	1131
5806	0	5170
5806	1	859
5807	0	5170
5807	1	2098
5808	2	2750
5809	2	1444
5810	2	729
5811	2	1673
5812	2	4525
5813	2	151
5814	2	1195
5815	2	1713
5816	2	1865
5817	2	2007
5818	2	248
5819	2	4302
5820	2	4304
5821	2	3968
5822	0	1178
5822	1	4463
5823	0	1178
5823	1	1295
5824	0	3428
5824	1	2466
5825	0	2303
5825	1	4948
5826	0	2303
5826	1	2679
5827	0	4860
5827	1	3613
5828	0	4218
5828	1	859
5829	0	3743
5829	1	2413
5830	0	3743
5830	1	2408
5831	0	3743
5831	1	3514
5832	0	3743
5832	1	4012
5833	0	1753
5833	1	3804
5834	0	1753
5834	1	2215
5835	2	1851
5836	2	645
5837	2	3639
5838	2	1735
5839	0	1659
5839	1	253
5840	0	863
5840	1	1630
5841	0	154
5841	1	1074
5842	0	4201
5842	1	4038
5843	0	1833
5843	1	4012
5844	0	1069
5844	1	275
5845	0	3497
5845	1	3598
5846	0	3497
5846	1	3514
5847	0	2657
5847	1	631
5848	0	219
5848	1	1244
5849	0	884
5849	1	4069
5850	0	884
5850	1	4819
5851	0	884
5851	1	2230
5852	0	884
5852	1	3821
5853	0	884
5853	1	1189
5854	0	884
5854	1	687
5855	0	3479
5855	1	4012
5856	0	30
5856	1	2774
5857	0	3758
5857	1	3995
5858	2	2049
5859	2	5022
5860	2	2978
5861	0	500
5861	1	776
5862	0	500
5862	1	3514
5863	2	228
5864	2	3738
5865	2	3198
5866	2	749
5867	2	1293
5868	2	4916
5869	2	89
5870	2	2065
5871	0	5062
5871	1	1692
5872	0	5062
5872	1	2039
5873	2	4388
5874	0	5143
5874	1	2414
5875	0	3260
5875	1	2068
5876	0	3260
5876	1	1664
5877	0	3260
5877	1	4589
5878	0	3810
5878	1	1558
5879	0	3810
5879	1	5042
5880	0	3810
5880	1	3514
5881	0	3810
5881	1	581
5882	0	1803
5882	1	4012
5883	0	2170
5883	1	1760
5884	2	3034
5885	2	317
5886	2	370
5887	0	4701
5887	1	816
5888	0	1726
5888	1	1771
5889	2	2628
5890	0	149
5890	1	71
5891	2	3594
5892	0	2163
5892	1	1053
5893	0	3751
5893	1	2672
5894	0	4377
5894	1	2070
5895	0	4377
5895	1	4619
5896	0	3550
5896	1	2039
5897	0	3550
5897	1	4087
5898	0	3981
5898	1	3982
5899	2	3595
5900	2	1124
5901	2	4009
5902	0	781
5902	1	1692
5903	2	775
5904	2	4223
5905	0	3001
5905	1	2623
5906	0	3001
5906	1	3547
5907	2	3677
5908	2	3225
5909	2	4940
5910	0	647
5910	1	825
5911	0	1758
5911	1	4263
5912	0	1758
5912	1	2068
5913	0	1758
5913	1	3735
5914	0	1079
5914	1	2870
5915	0	1593
5915	1	512
5916	0	2997
5916	1	4619
5917	2	4290
5918	2	3942
5919	0	2526
5919	1	2779
5920	2	4019
5921	2	2670
5922	2	3168
5923	0	3785
5923	1	2799
5924	0	1377
5924	1	1571
5925	0	1377
5925	1	4450
5926	2	308
5927	2	4407
5928	2	2957
5929	2	1149
5930	2	479
5931	0	4850
5931	1	2767
5932	0	4850
5932	1	2435
5933	0	4850
5933	1	3995
5934	0	3667
5934	1	1950
5935	0	3667
5935	1	1281
5936	0	3667
5936	1	512
5937	2	1550
5938	2	3299
5939	2	2771
5940	2	4005
5941	2	1799
5942	0	531
5942	1	4087
5943	0	3272
5943	1	2408
5944	0	3272
5944	1	1158
5945	0	3642
5945	1	2037
5946	0	3642
5946	1	1244
5947	0	3642
5947	1	2408
5948	0	3642
5948	1	3682
5949	0	3642
5949	1	4202
5950	0	1977
5950	1	369
5951	2	374
5952	0	1553
5952	1	369
5953	0	1553
5953	1	3031
5954	0	2151
5954	1	2775
5955	0	3726
5955	1	128
5956	0	3726
5956	1	514
5957	0	2651
5957	1	1754
5958	0	2651
5958	1	2039
5959	0	5025
5959	1	2098
5960	0	5025
5960	1	1074
5961	0	1698
5961	1	4087
5962	0	345
5962	1	2774
5963	0	2195
5963	1	4043
5964	0	4653
5964	1	2287
5965	0	4653
5965	1	1558
5966	0	4653
5966	1	4299
5967	0	4653
5967	1	4659
5968	0	4653
5968	1	3253
5969	0	4653
5969	1	3054
5970	0	1346
5970	1	3598
5971	0	2400
5971	1	3539
5972	0	2400
5972	1	2775
5973	0	2400
5973	1	95
5974	0	1956
5974	1	1491
5975	0	721
5975	1	3804
5976	2	1348
5977	2	2304
5978	2	475
5979	2	402
5980	2	3197
5981	0	923
5981	1	340
5982	0	4444
5982	1	1226
5983	2	774
5984	0	2607
5984	1	5050
5985	0	2607
5985	1	1822
5986	2	3312
5987	0	3356
5987	1	1558
5988	0	2237
5988	1	4684
5989	0	2237
5989	1	1664
5990	0	3188
5990	1	2779
5991	0	4777
5991	1	3253
5992	0	4777
5992	1	1978
5993	0	831
5993	1	825
5994	0	4486
5994	1	3056
5995	0	3403
5995	1	1794
5996	0	3083
5996	1	1013
5997	0	3083
5997	1	4755
5998	0	3083
5998	1	155
5999	2	93
6000	2	2620
6001	2	3352
6002	0	904
6002	1	4543
6003	0	904
6003	1	159
6004	0	3464
6004	1	4755
6005	2	4548
6006	2	3858
6007	0	4378
6007	1	1384
6008	0	4378
6008	1	108
6009	0	751
6009	1	825
6010	0	48
6010	1	3261
6011	0	48
6011	1	3074
6012	2	768
6013	2	1687
6014	2	1282
6015	2	5149
6016	0	3996
6016	1	2624
6017	0	3996
6017	1	2974
6018	0	2795
6018	1	2630
6019	0	2795
6019	1	4012
6020	2	1128
6021	2	421
6022	2	4264
6023	2	2579
6024	2	5123
6025	2	1795
6026	0	3865
6026	1	1013
6027	0	3865
6027	1	2413
6028	0	3865
6028	1	4371
6029	2	848
6030	2	2370
6031	2	4964
6032	0	3693
6032	1	978
6033	0	3693
6033	1	4371
6034	0	4831
6034	1	2870
6035	2	945
6036	2	81
6037	0	4936
6037	1	4038
6038	0	1100
6038	1	708
6039	0	1100
6039	1	3682
6040	0	1219
6040	1	1244
6041	2	2597
6042	0	3980
6042	1	581
6043	2	1286
6044	2	2673
6045	2	2945
6046	2	5058
6047	2	1459
6048	0	4806
6048	1	825
6049	0	2130
6049	1	1510
6050	0	1625
6050	1	70
6051	0	1625
6051	1	1891
6052	0	1625
6052	1	2510
6053	0	441
6053	1	4709
6054	2	2528
6055	0	2969
6055	1	253
6056	0	2969
6056	1	1771
6057	0	3753
6057	1	2830
6058	0	3753
6058	1	2039
6059	0	3753
6059	1	5050
6060	2	976
6061	2	4921
6062	2	1733
6063	2	4022
6064	0	1738
6064	1	4659
6065	0	1738
6065	1	1053
6066	0	4618
6066	1	3967
6067	2	3102
6068	2	969
6069	0	3953
6069	1	2173
6070	0	2694
6070	1	4466
6071	2	1084
6072	2	858
6073	2	1951
6074	2	1806
6075	2	1058
6076	2	5099
6077	0	2661
6077	1	3475
6078	2	3694
6079	2	223
6080	2	2540
6081	2	1466
6082	2	3265
6083	2	2194
6084	2	324
6085	2	887
6086	2	1903
6087	2	2615
6088	2	1136
6089	2	2000
6090	2	4737
6091	2	4660
6092	2	843
6093	2	4950
6094	0	2133
6094	1	2866
6095	2	1256
6096	2	1217
6097	2	4465
6098	2	2502
6099	2	2236
6100	2	2247
6101	2	3886
6102	2	3351
6103	2	480
6104	2	3349
6105	2	1793
6106	2	4972
6107	2	4115
6108	2	1684
6109	2	3498
6110	2	2755
6111	2	2193
6112	2	2401
6113	0	2186
6113	1	2830
6114	0	2186
6114	1	551
6115	0	992
6115	1	2155
6116	2	99
6117	2	3546
6118	0	2729
6118	1	2779
6119	0	2729
6119	1	1748
6120	2	5148
6121	2	4247
6122	2	2768
6123	0	3713
6123	1	2510
6124	0	2639
6124	1	3109
6125	0	2639
6125	1	425
6126	2	3825
6127	2	938
6128	2	3793
6129	2	3907
6130	2	2062
6131	2	2881
6132	2	4662
6133	0	3952
6133	1	358
6134	0	2989
6134	1	1040
6135	0	1104
6135	1	4371
6136	2	2943
6137	2	562
6138	2	393
6139	2	1066
6140	2	1042
6141	2	1719
6142	0	2606
6142	1	4012
6143	2	3136
6144	2	3985
6145	2	2442
6146	2	1161
6147	2	2269
6148	2	2021
6149	2	1894
6150	2	1946
6151	2	3440
6152	2	546
6153	0	2144
6153	1	859
6154	0	2144
6154	1	1599
6155	0	2144
6155	1	4122
6156	0	642
6156	1	2510
6157	0	642
6157	1	4202
6158	2	2577
6159	0	4875
6159	1	5127
6160	0	4875
6160	1	1822
6161	0	879
6161	1	2505
6162	0	879
6162	1	4836
6163	0	879
6163	1	4619
6164	0	879
6164	1	2408
6165	0	879
6165	1	3805
6166	0	879
6166	1	4589
6167	0	2745
6167	1	2619
6168	0	3754
6168	1	2630
6169	0	3754
6169	1	2414
6170	0	5111
6170	1	4938
6171	0	4085
6171	1	4804
6172	0	4085
6172	1	2870
6173	2	2930
6174	0	1387
6174	1	4202
6175	2	1555
6176	2	241
6177	2	592
6178	0	5120
6178	1	3598
6179	0	5120
6179	1	2155
6180	0	5120
6180	1	973
6181	0	5120
6181	1	1096
6182	0	5080
6182	1	587
6183	0	5080
6183	1	3547
6184	2	3927
6185	0	3342
6185	1	957
6186	0	3342
6186	1	3982
6187	0	3342
6187	1	4122
6188	0	2875
6188	1	2624
6189	0	2875
6189	1	1891
6190	0	2875
6190	1	615
6191	0	2875
6191	1	4810
6192	0	2875
6192	1	2071
6193	2	1941
6194	2	2198
6195	2	1221
6196	2	812
6197	2	3908
6198	2	3852
6199	2	965
6200	2	2338
6201	0	161
6201	1	2037
6202	0	161
6202	1	340
6203	0	161
6203	1	4684
6204	0	161
6204	1	2068
6205	2	3436
6206	2	3696
6207	2	2592
6208	0	2117
6208	1	4543
6209	2	3535
6210	2	1502
6211	2	1797
6212	2	2892
6213	2	3530
6214	0	1494
6214	1	4463
6215	0	1494
6215	1	3967
6216	0	1494
6216	1	399
6217	0	1494
6217	1	1212
6218	0	3913
6218	1	2037
6219	2	4031
6220	2	233
6221	0	3278
6221	1	4126
6222	0	5044
6222	1	1040
6223	0	4117
6223	1	275
6224	0	3045
6224	1	1577
6225	2	12
6226	0	302
6226	1	1978
6227	0	302
6227	1	1200
6228	2	3256
6229	2	4682
6230	0	590
6230	1	4420
6231	2	1895
6232	2	1843
6233	0	1509
6233	1	1771
6234	0	1509
6234	1	1469
6235	0	1509
6235	1	3995
6236	2	266
6237	2	2506
6238	2	1910
6239	2	1947
6240	2	1399
6241	2	322
6242	2	4289
6243	0	5091
6243	1	3951
6244	0	5091
6244	1	4012
6245	0	585
6245	1	4577
6246	0	1113
6246	1	3539
6247	0	1113
6247	1	859
6248	0	1113
6248	1	2619
6249	0	1113
6249	1	3175
6250	0	1113
6250	1	3910
6251	2	3774
6252	2	4150
6253	0	2790
6253	1	1013
6254	0	2790
6254	1	340
6255	0	2790
6255	1	3612
6256	2	4716
6257	0	4109
6257	1	3109
6258	0	4109
6258	1	4589
6259	0	4109
6259	1	2864
6260	0	218
6260	1	4967
6261	0	3022
6261	1	2414
6262	0	3022
6262	1	1244
6263	0	2813
6263	1	4999
6264	0	2813
6264	1	4012
6265	2	5064
6266	0	279
6266	1	3769
6267	0	279
6267	1	1298
6268	0	279
6268	1	4399
6269	0	279
6269	1	446
6270	0	279
6270	1	635
6271	0	279
6271	1	1053
6272	0	3945
6272	1	5127
6273	0	439
6273	1	340
6274	0	1732
6274	1	3585
6275	2	2695
6276	2	495
6277	2	2766
6278	0	1596
6278	1	618
6279	0	3884
6279	1	3129
6280	0	3884
6280	1	610
6281	2	2132
6282	0	4984
6282	1	1771
6283	2	3276
6284	2	2629
6285	2	4733
6286	2	2800
6287	2	157
6288	2	1528
6289	2	4824
6290	2	3872
6291	0	4830
6291	1	4586
6292	0	3604
6292	1	1577
6293	0	4234
6293	1	4907
6294	0	4234
6294	1	1664
6295	0	4234
6295	1	2864
6296	0	755
6296	1	4450
6297	2	2418
6298	2	4935
6299	0	4617
6299	1	3816
6300	0	4617
6300	1	4543
6301	0	4617
6301	1	631
6302	0	4617
6302	1	5050
6303	0	4617
6303	1	275
6304	2	4057
6305	2	924
6306	2	526
6307	2	2302
6308	0	2395
6308	1	1742
6309	0	2395
6309	1	4038
6310	0	2395
6310	1	2173
6311	0	2395
6311	1	1876
6312	0	3755
6312	1	503
6313	0	3484
6313	1	514
6314	2	866
6315	2	2300
6316	0	4835
6316	1	1804
6317	2	3037
6318	2	37
6319	0	5017
6319	1	1599
6320	0	5017
6320	1	4012
6321	2	4298
6322	0	2701
6322	1	1384
6323	0	2701
6323	1	3585
6324	0	4776
6324	1	4471
6325	0	4776
6325	1	4967
6326	0	4776
6326	1	1491
6327	0	4533
6327	1	461
6328	2	283
6329	0	5057
6329	1	1577
6330	2	3862
6331	0	3922
6331	1	2624
6332	0	3922
6332	1	369
6333	0	3922
6333	1	514
6334	0	3922
6334	1	1200
6335	0	120
6335	1	4999
6336	0	120
6336	1	369
6337	0	120
6337	1	3910
6338	0	2825
6338	1	3612
6339	0	536
6339	1	2830
6340	0	536
6340	1	3175
6341	2	1859
6342	0	403
6342	1	4450
6343	0	3448
6343	1	3816
6344	0	3448
6344	1	2774
6345	0	3448
6345	1	1281
6346	0	3448
6346	1	514
6347	2	3161
6348	0	2833
6348	1	4260
6349	0	2833
6349	1	3816
6350	0	2833
6350	1	1891
6351	0	2833
6351	1	4967
6352	0	2833
6352	1	4755
6353	2	271
6354	0	2914
6354	1	3031
6355	0	3090
6355	1	551
6356	2	2025
6357	2	1147
6358	2	2126
6359	0	4004
6359	1	3816
6360	0	4004
6360	1	1822
6361	0	4004
6361	1	4755
6362	2	4151
6363	2	454
6364	2	3194
6365	0	192
6365	1	4675
6366	0	192
6366	1	776
6367	0	1321
6367	1	859
6368	0	1321
6368	1	5132
6369	0	1321
6369	1	3735
6370	0	1321
6370	1	3056
6371	0	4704
6371	1	2408
6372	2	613
6373	0	2550
6373	1	373
6374	2	1047
6375	2	274
6376	2	3163
6377	2	1747
6378	2	1429
6379	0	934
6379	1	461
6380	2	1088
6381	2	782
6382	2	4468
6383	2	2290
6384	2	2149
6385	2	4640
6386	0	3764
6386	1	2098
6387	0	1446
6387	1	3183
6388	0	1446
6388	1	3821
6389	0	1446
6389	1	304
6390	0	1844
6390	1	1384
6391	0	1844
6391	1	1176
6392	0	1844
6392	1	2068
6393	0	1844
6393	1	930
6394	0	552
6394	1	3682
6395	0	2994
6395	1	1040
6396	0	2994
6396	1	708
6397	0	4677
6397	1	5127
6398	0	4677
6398	1	4938
6399	0	1308
6399	1	1577
6400	0	5153
6400	1	2435
6401	0	5153
6401	1	3298
6402	0	5153
6402	1	4471
6403	2	5173
6404	0	259
6404	1	1158
6405	0	996
6405	1	4202
6406	0	3134
6406	1	514
6407	0	3134
6407	1	3031
6408	0	3134
6408	1	1794
6409	2	897
6410	2	3270
6411	0	3190
6411	1	2774
6412	0	3190
6412	1	461
6413	2	5141
6414	0	4955
6414	1	1609
6415	0	4546
6415	1	95
6416	0	4546
6416	1	2679
6417	0	3443
6417	1	95
6418	0	3443
6418	1	4999
6419	0	3443
6419	1	1822
6420	0	3443
6420	1	1506
6421	2	3630
6422	2	4373
6423	0	4794
6423	1	3183
6424	0	606
6424	1	675
6425	0	606
6425	1	3071
6426	2	460
6427	0	1932
6427	1	4589
6428	0	2246
6428	1	2325
6429	0	3380
6429	1	2775
6430	0	3380
6430	1	2510
6431	0	1187
6431	1	4709
6432	2	3058
6433	0	851
6433	1	4659
6434	2	1159
6435	2	3556
6436	0	247
6436	1	816
6437	0	1729
6437	1	4999
6438	0	1729
6438	1	4684
6439	0	931
6439	1	399
6440	2	3840
6441	2	2412
6442	0	1230
6442	1	1281
6443	0	1230
6443	1	3982
6444	0	1230
6444	1	5050
6445	0	685
6445	1	5050
6446	0	2880
6446	1	2619
6447	0	2880
6447	1	512
6448	0	527
6448	1	957
6449	0	527
6449	1	4577
6450	0	4200
6450	1	4043
6451	0	4200
6451	1	1281
6452	0	4200
6452	1	2815
6453	0	3092
6453	1	4659
6454	0	3092
6454	1	1599
6455	0	3092
6455	1	3982
6456	0	3092
6456	1	2325
6457	0	4876
6457	1	2155
6458	0	4876
6458	1	3169
6459	0	1556
6459	1	2171
6460	0	1556
6460	1	4471
6461	0	4120
6461	1	4907
6462	0	4120
6462	1	4399
6463	0	4120
6463	1	4684
6464	0	1916
6464	1	4478
6465	0	929
6465	1	910
6466	0	929
6466	1	1558
6467	0	929
6467	1	254
6468	0	929
6468	1	2071
6469	0	929
6469	1	1074
6470	0	4032
6470	1	369
6471	0	4491
6471	1	4675
6472	0	4491
6472	1	862
6473	0	4491
6473	1	2071
6474	0	1438
6474	1	4202
6475	0	69
6475	1	4012
6476	0	589
6476	1	2619
6477	2	3684
6478	2	2298
6479	0	941
6479	1	3031
6480	0	3986
6480	1	3919
6481	0	3986
6481	1	503
6482	2	2936
6483	2	1201
6484	2	2387
6485	2	2868
6486	2	294
6487	2	4842
6488	2	2752
6489	2	2381
6490	2	558
6491	2	4551
6492	2	1324
6493	2	3490
6494	2	1458
6495	2	332
6496	2	2508
6497	2	1236
6498	2	4523
6499	2	4614
6500	2	4494
6501	0	1637
6501	1	4948
6502	0	1637
6502	1	3071
6503	0	1637
6503	1	2325
6504	2	2183
6505	2	3578
6506	2	3533
6507	2	692
6508	2	3185
6509	2	3240
6510	0	1607
6510	1	1664
6511	0	1607
6511	1	4589
6512	2	1353
6513	2	3628
6514	2	4508
6515	2	2291
6516	2	1080
6517	2	1037
6518	2	877
6519	0	2097
6519	1	708
6520	0	4852
6520	1	4038
6521	0	4852
6521	1	2325
6522	0	4101
6522	1	4709
6523	0	4101
6523	1	128
6524	0	4101
6524	1	2864
6525	2	4953
6526	0	4974
6526	1	631
6527	2	556
6528	2	4752
6529	0	2507
6529	1	2689
6530	0	2507
6530	1	340
6531	0	1544
6531	1	318
6532	2	2986
6533	0	3591
6533	1	578
6534	0	1663
6534	1	2775
6535	2	5136
6536	2	2862
6537	0	5170
6537	1	4043
6538	0	5170
6538	1	71
6539	0	5170
6539	1	253
6540	0	5170
6540	1	514
6541	0	5170
6541	1	4450
6542	0	5170
6542	1	1506
6543	0	3729
6543	1	3010
6544	0	3729
6544	1	1754
6545	2	3568
6546	2	4163
6547	2	286
6548	0	4211
6548	1	4463
6549	0	4211
6549	1	725
6550	2	4558
6551	2	1026
6552	2	4666
6553	2	1949
6554	2	3955
6555	2	4932
6556	2	4997
6557	2	3451
6558	2	4428
6559	2	640
6560	0	3428
6560	1	4063
6561	0	3428
6561	1	3127
6562	0	2303
6562	1	2173
6563	0	4218
6563	1	2435
6564	0	4218
6564	1	4569
6565	0	3743
6565	1	1200
6566	0	1753
6566	1	2830
6567	2	60
6568	2	3044
6569	2	3780
6570	2	1089
6571	2	1576
6572	2	3204
6573	2	1504
6574	2	5059
6575	0	1659
6575	1	4933
6576	0	1659
6576	1	4260
6577	0	1659
6577	1	602
6578	0	863
6578	1	3473
6579	0	154
6579	1	1469
6580	0	4201
6580	1	4696
6581	0	4201
6581	1	4967
6582	0	1833
6582	1	3735
6583	0	3497
6583	1	551
6584	0	2657
6584	1	2974
6585	0	2657
6585	1	95
6586	0	4058
6586	1	4938
6587	0	219
6587	1	4836
6588	0	219
6588	1	4698
6589	0	219
6589	1	3995
6590	2	907
6591	2	3238
6592	0	4413
6592	1	3031
6593	0	884
6593	1	4447
6594	0	884
6594	1	4965
6595	0	884
6595	1	3931
6596	0	884
6596	1	4464
6597	0	884
6597	1	3638
6598	0	884
6598	1	5177
6599	0	884
6599	1	175
6600	0	3121
6600	1	4260
6601	0	2222
6601	1	3598
6602	0	1232
6602	1	1244
6603	0	1232
6603	1	4087
6604	2	4421
6605	0	500
6605	1	4696
6606	2	1980
6607	2	1014
6608	2	643
6609	2	2537
6610	2	518
6611	2	3231
6612	0	3260
6612	1	816
6613	0	3260
6613	1	4466
6614	0	3260
6614	1	503
6615	0	3810
6615	1	4804
6616	0	3810
6616	1	4810
6617	2	4146
6618	2	3617
6619	2	3864
6620	2	2642
6621	2	1132
6622	0	2092
6622	1	1491
6623	0	3348
6623	1	95
6624	0	3348
6624	1	4087
6625	2	813
6626	0	4701
6626	1	4577
6627	0	4701
6627	1	1571
6628	2	4865
6629	0	149
6629	1	399
6630	0	149
6630	1	4755
6631	0	4913
6631	1	2775
6632	2	4047
6633	2	1717
6634	0	1517
6634	1	2220
6635	2	730
6636	0	4377
6636	1	1969
6637	0	4377
6637	1	1571
6638	0	4377
6638	1	551
6639	0	3550
6639	1	399
6640	2	3390
6641	0	4817
6641	1	253
6642	2	4667
6643	0	781
6643	1	4709
6644	0	781
6644	1	2779
6645	0	1734
6645	1	4675
6646	0	3001
6646	1	957
6647	0	3001
6647	1	4967
6648	2	953
6649	2	3706
6650	2	3566
6651	2	3417
6652	2	3936
6653	0	955
6653	1	1891
6654	2	1094
6655	2	3933
6656	2	693
6657	0	1380
6657	1	2414
6658	0	1380
6658	1	973
6659	0	1380
6659	1	2866
6660	0	1758
6660	1	1013
6661	0	1214
6661	1	1754
6662	0	1593
6662	1	1664
6663	0	1593
6663	1	930
6664	0	2997
6664	1	1664
6665	0	3527
6665	1	2013
6666	0	3527
6666	1	2277
6667	0	3527
6667	1	578
6668	0	2526
6668	1	4619
6669	2	5097
6670	0	1141
6670	1	1692
6671	0	1141
6671	1	2510
6672	0	1141
6672	1	5050
6673	0	2249
6673	1	2171
6674	0	3785
6674	1	614
6675	0	3785
6675	1	4241
6676	0	3785
6676	1	3860
6677	2	1375
6678	2	1976
6679	2	4818
6680	2	1073
6681	2	180
6682	2	4493
6683	0	4850
6683	1	4999
6684	0	4850
6684	1	708
6685	2	385
6686	0	3667
6686	1	1642
6687	0	3667
6687	1	4712
6688	0	3667
6688	1	2774
6689	0	3667
6689	1	3982
6690	0	3667
6690	1	3056
6691	2	1394
6692	2	3834
6693	0	3213
6693	1	971
6694	0	3272
6694	1	957
6695	0	3272
6695	1	4260
6696	0	3642
6696	1	4463
6697	0	3642
6697	1	3931
6698	0	3642
6698	1	4999
6699	0	3642
6699	1	3995
6700	0	3642
6700	1	2098
6701	0	3642
6701	1	3860
6702	0	1977
6702	1	3475
6703	0	4391
6703	1	1074
6704	0	2151
6704	1	70
6705	0	2151
6705	1	2672
6706	0	2151
6706	1	2624
6707	0	3726
6707	1	1664
6708	0	2651
6708	1	4999
6709	0	5025
6709	1	3612
6710	0	5025
6710	1	3804
6711	0	5025
6711	1	1664
6712	0	345
6712	1	1013
6713	0	345
6713	1	675
6714	0	345
6714	1	2815
6715	2	319
6716	0	4653
6716	1	4823
6717	0	4653
6717	1	4038
6718	0	4653
6718	1	2158
6719	0	4909
6719	1	1571
6720	0	1346
6720	1	3109
6721	0	3338
6721	1	1074
6722	0	2400
6722	1	4907
6723	0	633
6723	1	776
6724	2	3165
6725	2	3279
6726	2	4048
6727	2	2108
6728	2	1802
6729	2	116
6730	2	4645
6731	2	1776
6732	0	923
6732	1	2039
6733	0	4444
6733	1	70
6734	0	4444
6734	1	2870
6735	0	4444
6735	1	3995
6736	0	4444
6736	1	2098
6737	2	4417
6738	2	1205
6739	0	2607
6739	1	3598
6740	0	2237
6740	1	3800
6741	0	4777
6741	1	1969
6742	2	3275
6743	0	4486
6743	1	1176
6744	0	4486
6744	1	3910
6745	0	3403
6745	1	2951
6746	2	1419
6747	2	1103
6748	2	3644
6749	2	3515
6750	2	943
6751	0	3083
6751	1	3109
6752	0	3083
6752	1	5050
6753	0	3083
6753	1	2864
6754	0	2988
6754	1	587
6755	0	2988
6755	1	1822
6756	2	2107
6757	2	3017
6758	2	3483
6759	2	3021
6760	2	3843
6761	0	904
6761	1	4675
6762	0	904
6762	1	1053
6763	0	904
6763	1	1822
6764	2	4668
6765	0	1725
6765	1	825
6766	0	3159
6766	1	253
6767	0	3159
6767	1	3910
6768	0	3159
6768	1	1212
6769	0	3464
6769	1	1040
6770	0	3464
6770	1	3460
6771	0	3464
6771	1	1244
6772	0	3464
6772	1	1212
6773	0	3464
6773	1	1074
6774	2	168
6775	2	4969
6776	2	2457
6777	2	3670
6778	2	3450
6779	2	134
6780	2	4249
6781	0	4378
6781	1	275
6782	0	1680
6782	1	1013
6783	0	1680
6783	1	2485
6784	0	1680
6784	1	2864
6785	0	1680
6785	1	155
6786	2	1193
6787	0	2958
6787	1	4087
6788	0	48
6788	1	3378
6789	0	48
6789	1	4696
6790	0	48
6790	1	1754
6791	0	48
6791	1	4018
6792	2	2266
6793	0	214
6793	1	1571
6794	0	3996
6794	1	3816
6795	2	788
6796	2	2182
6797	0	2795
6797	1	3446
6798	0	2795
6798	1	631
6799	0	2795
6799	1	4180
6800	0	1869
6800	1	4450
6801	2	3493
6802	2	915
6803	0	4158
6803	1	4589
6804	2	273
6805	2	2973
6806	2	3029
6807	2	3536
6808	0	3837
6808	1	1692
6809	2	66
6810	2	4573
6811	2	4715
6812	2	4656
6813	2	4099
6814	0	3865
6814	1	2775
6815	0	3865
6815	1	1053
6816	0	3865
6816	1	1158
6817	0	4650
6817	1	2037
6818	2	278
6819	2	415
6820	2	4416
6821	0	4179
6821	1	3475
6822	0	3693
6822	1	461
6823	0	3693
6823	1	4569
6824	0	1100
6824	1	70
6825	0	1100
6825	1	4260
6826	2	3217
6827	0	3105
6827	1	2155
6828	0	3105
6828	1	1200
6829	2	2226
6830	2	1688
6831	2	913
6832	2	4562
6833	0	4720
6833	1	708
6834	2	4745
6835	2	4035
6836	2	2789
6837	2	948
6838	0	2130
6838	1	2802
6839	0	2969
6839	1	4804
6840	0	2969
6840	1	108
6841	2	3025
6842	2	4386
6843	0	1738
6843	1	1558
6844	0	1738
6844	1	4126
6845	0	1738
6845	1	2071
6846	0	1414
6846	1	4659
6847	0	1414
6847	1	5127
6848	0	1414
6848	1	675
6849	0	4618
6849	1	1630
6850	0	4618
6850	1	4684
6851	0	4618
6851	1	3006
6852	2	1695
6853	2	2127
6854	2	3971
6855	0	3953
6855	1	4709
6856	2	3155
6857	2	2006
6858	2	1270
6859	2	2059
6860	2	119
6861	0	2080
6861	1	1040
6862	2	1211
6863	2	2385
6864	0	2661
6864	1	1891
6865	0	2661
6865	1	708
6866	0	2661
6866	1	2098
6867	0	918
6867	1	3590
6868	0	918
6868	1	1571
6869	0	918
6869	1	2679
6870	0	918
6870	1	512
6871	0	918
6871	1	5050
6872	2	1339
6873	2	2524
6874	2	1816
6875	2	2824
6876	2	4065
6877	2	3806
6878	2	704
6879	2	3809
6880	2	1926
6881	0	2908
6881	1	1574
6882	2	2894
6883	0	2133
6883	1	71
6884	2	3650
6885	2	3505
6886	0	1569
6886	1	2974
6887	2	4757
6888	2	4904
6889	2	4228
6890	2	2702
6891	2	3721
6892	2	793
6893	2	2763
6894	2	2022
6895	2	4727
6896	2	1893
6897	2	1009
6898	2	1780
6899	2	1805
6900	2	1139
6901	2	467
6902	2	4898
6903	2	3263
6904	0	2186
6904	1	2619
6905	0	2186
6905	1	4999
6906	0	2186
6906	1	3547
6907	0	2186
6907	1	1158
6908	0	2186
6908	1	1098
6909	2	3901
6910	0	3223
6910	1	4907
6911	0	2729
6911	1	4399
6912	0	2729
6912	1	4589
6913	0	2729
6913	1	3995
6914	2	4911
6915	2	1227
6916	2	717
6917	2	3078
6918	0	2639
6918	1	2672
6919	0	2639
6919	1	4619
6920	0	2639
6920	1	743
6921	0	2639
6921	1	2679
6922	2	2995
6923	2	487
6924	0	3952
6924	1	3598
6925	0	3952
6925	1	2623
6926	0	3952
6926	1	3682
6927	0	1249
6927	1	4043
6928	2	2625
6929	0	1104
6929	1	2220
6930	0	1104
6930	1	3860
6931	2	5055
6932	2	4596
6933	2	620
6934	2	5009
6935	2	2982
6936	2	277
6937	2	510
6938	2	3529
6939	2	850
6940	2	337
6941	2	2501
6942	2	1863
6943	2	3108
6944	2	5046
6945	2	1001
6946	2	1702
6947	2	4516
6948	2	3292
6949	0	2803
6949	1	3539
6950	2	4722
6951	2	4622
6952	2	1392
6953	2	4410
6954	2	4301
6955	2	2863
6956	2	4922
6957	2	1681
6958	0	4159
6958	1	4012
6959	2	4649
6960	2	3182
6961	2	4138
6962	2	1651
6963	0	2144
6963	1	4967
6964	0	2144
6964	1	5127
6965	0	2144
6965	1	825
6966	0	2144
6966	1	3982
6967	0	642
6967	1	2767
6968	0	642
6968	1	708
6969	2	1638
6970	2	3607
6971	2	670
6972	0	4875
6972	1	743
6973	0	4875
6973	1	4466
6974	0	4875
6974	1	2325
6975	0	4875
6975	1	2932
6976	0	2118
6976	1	1083
6977	0	2118
6977	1	4800
6978	0	2118
6978	1	2870
6979	2	4268
6980	0	879
6980	1	1476
6981	0	879
6981	1	4381
6982	0	2745
6982	1	3298
6983	0	2745
6983	1	1664
6984	0	2745
6984	1	4569
6985	0	3754
6985	1	3596
6986	0	3754
6986	1	3071
6987	0	3754
6987	1	513
6988	0	3754
6988	1	4520
6989	0	3754
6989	1	581
6990	0	5111
6990	1	2689
6991	0	4085
6991	1	3209
6992	0	4085
6992	1	4038
6993	2	714
6994	2	2146
6995	0	38
6995	1	3539
6996	0	38
6996	1	859
6997	0	38
6997	1	3253
6998	0	38
6998	1	3910
6999	0	4401
6999	1	4804
7000	0	5145
7000	1	4589
7001	0	5145
7001	1	425
7002	2	810
7003	2	2595
7004	2	1362
7005	0	5120
7005	1	340
7006	0	5120
7006	1	1212
7007	0	5120
7007	1	503
7008	0	5080
7008	1	2098
7009	2	238
7010	0	4915
7010	1	4709
7011	0	4915
7011	1	4675
7012	0	3342
7012	1	4260
7013	0	3342
7013	1	71
7014	0	3342
7014	1	675
7015	0	3342
7015	1	1053
7016	0	3342
7016	1	973
7017	0	2875
7017	1	3816
7018	0	2875
7018	1	2408
7019	2	3987
7020	2	1119
7021	2	4758
7022	2	4615
7023	2	2426
7024	2	4310
7025	2	213
7026	2	1352
7027	2	1707
7028	0	1647
7028	1	1281
7029	0	161
7029	1	1969
7030	0	161
7030	1	3800
7031	2	197
7032	2	517
7033	2	1874
7034	2	4753
7035	2	2461
7036	0	1494
7036	1	1053
7037	0	1494
7037	1	578
7038	0	1494
7038	1	3799
7039	2	4775
7040	0	3913
7040	1	4043
7041	0	3913
7041	1	399
7042	0	3913
7042	1	4450
7043	0	3913
7043	1	4012
7044	2	2147
7045	2	2584
7046	2	1640
7047	0	2209
7047	1	399
7048	2	5018
7049	2	2778
7050	2	3201
7051	2	2002
7052	0	3278
7052	1	2774
7053	2	3795
7054	2	3012
7055	0	3045
7055	1	743
7056	0	3045
7056	1	3716
7057	0	3045
7057	1	3612
7058	0	3045
7058	1	3805
7059	0	2959
7059	1	1257
7060	0	2959
7060	1	2408
7061	0	2959
7061	1	5050
7062	2	2492
7063	2	4784
7064	0	302
7064	1	2155
7065	0	302
7065	1	2435
7066	2	3314
7067	2	2947
7068	2	4435
7069	2	313
7070	2	256
7071	2	170
7072	2	1583
7073	2	5087
7074	2	300
7075	2	1964
7076	0	5008
7076	1	587
7077	0	5008
7077	1	2408
7078	0	590
7078	1	587
7079	0	590
7079	1	95
7080	0	590
7080	1	1664
7081	2	3224
7082	2	737
7083	0	1052
7083	1	5127
7084	0	1509
7084	1	253
7085	0	1509
7085	1	3682
7086	0	1509
7086	1	675
7087	0	1509
7087	1	1053
7088	2	372
7089	2	597
7090	0	4963
7090	1	1053
7091	2	90
7092	2	2521
7093	2	3518
7094	0	1081
7094	1	4569
7095	2	2255
7096	2	3199
7097	0	2348
7097	1	1281
7098	0	2688
7098	1	2039
7099	0	2688
7099	1	3995
7100	0	163
7100	1	4907
7101	0	5091
7101	1	2434
7102	0	5091
7102	1	2220
7103	0	5091
7103	1	1872
7104	0	5091
7104	1	3410
7105	0	5091
7105	1	1627
7106	0	5091
7106	1	2679
7107	0	5091
7107	1	3547
7108	0	5091
7108	1	4631
7109	0	5091
7109	1	2173
7110	2	2893
7111	0	1113
7111	1	2689
7112	0	1113
7112	1	3460
7113	0	1113
7113	1	4684
7114	0	1113
7114	1	3682
7115	0	1113
7115	1	1212
7116	0	1113
7116	1	4202
7117	0	4351
7117	1	71
7118	0	4081
7118	1	551
7119	0	4711
7119	1	399
7120	2	2437
7121	0	1623
7121	1	384
7122	0	2790
7122	1	1558
7123	0	2790
7123	1	4471
7124	0	4109
7124	1	1040
7125	0	4109
7125	1	2619
7126	0	4109
7126	1	2485
7127	0	4109
7127	1	3967
7128	0	4109
7128	1	461
7129	0	4109
7129	1	514
7130	0	4109
7130	1	3514
7131	0	3022
7131	1	3539
7132	0	3022
7132	1	3982
7133	0	3022
7133	1	3514
7134	0	3022
7134	1	4589
7135	2	3831
7136	0	864
7136	1	4696
7137	0	864
7137	1	3735
7138	0	864
7138	1	2864
7139	0	860
7139	1	4043
7140	0	860
7140	1	2779
7141	0	860
7141	1	253
7142	0	860
7142	1	95
7143	0	860
7143	1	369
7144	2	1666
7145	0	4323
7145	1	2325
7146	2	2001
7147	0	279
7147	1	1558
7148	0	279
7148	1	2767
7149	0	279
7149	1	71
7150	0	279
7150	1	1049
7151	0	279
7151	1	551
7152	0	279
7152	1	3930
7153	0	279
7153	1	1326
7154	0	279
7154	1	5108
7155	0	279
7155	1	5050
7156	0	279
7156	1	2923
7157	0	279
7157	1	792
7158	0	3817
7158	1	1692
7159	2	231
7160	0	4213
7160	1	399
7161	2	2890
7162	0	439
7162	1	1642
7163	0	439
7163	1	2624
7164	0	439
7164	1	2413
7165	0	439
7165	1	4126
7166	0	4644
7166	1	95
7167	0	4644
7167	1	1491
7168	0	4644
7168	1	4999
7169	0	4644
7169	1	3682
7170	0	4644
7170	1	2679
7171	0	4644
7171	1	4589
7172	0	4644
7172	1	425
7173	0	4644
7173	1	4202
7174	2	4412
7175	0	4484
7175	1	1040
7176	0	4484
7176	1	461
7177	0	1959
7177	1	4466
7178	2	3979
7179	0	4427
7179	1	1074
7180	0	1732
7180	1	1754
7181	0	1732
7181	1	503
7182	0	1732
7182	1	4938
7183	2	3727
7184	0	4021
7184	1	1794
7185	0	4021
7185	1	2446
7186	0	3587
7186	1	3169
7187	0	3587
7187	1	3735
7188	2	2271
7189	0	1596
7189	1	1961
7190	0	1596
7190	1	3603
7191	0	1596
7191	1	3799
7192	0	1596
7192	1	1876
7193	2	667
7194	0	3884
7194	1	989
7195	0	3884
7195	1	2696
7196	0	4984
7196	1	859
7197	0	4984
7197	1	4543
7198	0	4984
7198	1	1664
7199	2	3846
7200	2	1123
7201	2	2710
7202	2	3125
7203	2	4039
7204	2	4269
7205	2	5075
7206	2	1677
7207	2	5015
7208	2	2798
7209	2	3949
7210	0	3604
7210	1	2070
7211	0	3604
7211	1	2413
7212	0	3604
7212	1	3473
7213	0	3604
7213	1	1200
7214	0	3604
7214	1	1542
7215	0	4234
7215	1	675
7216	0	4234
7216	1	4810
7217	0	4234
7217	1	4938
7218	0	755
7218	1	1212
7219	0	755
7219	1	4012
7220	2	1477
7221	0	1070
7221	1	2775
7222	0	801
7222	1	4463
7223	0	801
7223	1	1599
7224	0	801
7224	1	3982
7225	0	801
7225	1	3995
7226	0	801
7226	1	4012
7227	0	801
7227	1	155
7228	2	542
7229	0	4617
7229	1	2619
7230	0	4617
7230	1	1599
7231	0	4617
7231	1	1891
7232	0	4617
7232	1	3585
7233	0	4617
7233	1	1295
7234	0	4617
7234	1	3071
7235	0	4617
7235	1	3982
7236	0	4617
7236	1	930
7237	2	3541
7238	2	3359
7239	2	2655
7240	0	2395
7240	1	4260
7241	0	2395
7241	1	4659
7242	0	2395
7242	1	340
7243	0	2395
7243	1	4675
7244	0	2395
7244	1	973
7245	0	3755
7245	1	4675
7246	0	3755
7246	1	776
7247	0	3484
7247	1	1053
7248	0	3484
7248	1	3910
7249	0	791
7249	1	675
7250	2	2295
7251	2	4051
7252	2	3507
7253	2	5128
7254	2	896
7255	0	4116
7255	1	1558
7256	0	4116
7256	1	3797
7257	0	4116
7257	1	4999
7258	0	4116
7258	1	581
7259	0	4835
7259	1	2775
7260	0	3398
7260	1	4804
7261	2	1287
7262	2	1002
7263	0	5017
7263	1	340
7264	0	5017
7264	1	2779
7265	0	5017
7265	1	5050
7266	2	3920
7267	0	2701
7267	1	4675
7268	0	2701
7268	1	4626
7269	0	4776
7269	1	4260
7270	0	4776
7270	1	4619
7271	0	4776
7271	1	3805
7272	0	4533
7272	1	825
7273	2	629
7274	2	2580
7275	2	3500
7276	2	2545
7277	0	5057
7277	1	4659
7278	0	5057
7278	1	512
7279	2	2777
7280	2	2912
7281	2	954
7282	2	4981
7283	2	4632
7284	2	1896
7285	0	3922
7285	1	1978
7286	0	3922
7286	1	551
7287	0	3922
7287	1	973
7288	0	3922
7288	1	2866
7289	0	3922
7289	1	3056
7290	2	630
7291	0	120
7291	1	1609
7292	0	120
7292	1	708
7293	0	120
7293	1	4038
7294	0	2825
7294	1	3298
7295	0	2825
7295	1	3967
7296	0	2825
7296	1	3931
7297	0	2825
7297	1	1295
7298	0	536
7298	1	3967
7299	0	536
7299	1	95
7300	0	536
7300	1	2679
7301	0	536
7301	1	3860
7302	0	3448
7302	1	1642
7303	0	3448
7303	1	3169
7304	0	3448
7304	1	4343
7305	0	3448
7305	1	1742
7306	2	2705
7307	2	2327
7308	0	2833
7308	1	2485
7309	0	2833
7309	1	503
7310	0	2833
7310	1	4202
7311	2	3528
7312	2	1689
7313	2	3218
7314	2	4445
7315	0	1836
7315	1	930
7316	0	4497
7316	1	4804
7317	0	4497
7317	1	4450
7318	0	2914
7318	1	2220
7319	0	2914
7319	1	5050
7320	0	3090
7320	1	2767
7321	0	3090
7321	1	2751
7322	0	3090
7322	1	1771
7323	0	3090
7323	1	1212
7324	2	381
7325	2	1578
7326	0	4004
7326	1	4999
7327	0	4004
7327	1	4126
7328	0	4004
7328	1	675
7329	0	4004
7329	1	3514
7330	2	4082
7331	2	5026
7332	2	1942
7333	2	4970
7334	2	2809
7335	2	4240
7336	0	192
7336	1	2037
7337	0	192
7337	1	369
7338	0	192
7338	1	4466
7339	0	1321
7339	1	2672
7340	0	1321
7340	1	615
7341	0	1321
7341	1	2325
7342	0	1321
7342	1	4569
7343	2	4360
7344	0	4704
7344	1	816
7345	0	4704
7345	1	4696
7346	0	4704
7346	1	4543
7347	0	4704
7347	1	1754
7348	0	4704
7348	1	1212
7349	0	1737
7349	1	3169
7350	0	1737
7350	1	4619
7351	0	1737
7351	1	581
7352	2	1401
7353	2	4086
7354	0	2677
7354	1	3042
7355	0	2677
7355	1	615
7356	0	2677
7356	1	108
7357	0	2677
7357	1	3910
7358	0	2550
7358	1	4063
7359	0	2550
7359	1	3129
7360	0	2550
7360	1	2215
7361	2	4738
7362	2	4142
7363	2	559
7364	2	4731
7365	2	3423
7366	2	3208
7367	2	2940
7368	2	543
7369	2	2286
7370	2	841
7371	2	1432
7372	2	3337
7373	2	3904
7374	2	3699
7375	2	2543
7376	2	4638
7377	0	3764
7377	1	4043
7378	0	3764
7378	1	4450
7379	0	3764
7379	1	1053
7380	0	3764
7380	1	4938
7381	0	1446
7381	1	2277
7382	0	1844
7382	1	2672
7383	0	1844
7383	1	4260
7384	0	4334
7384	1	2485
7385	0	4334
7385	1	3010
7386	0	4334
7386	1	3585
7387	0	4677
7387	1	3682
7388	0	1308
7388	1	4948
7389	0	1308
7389	1	1096
7390	0	2837
7390	1	2071
7391	0	406
7391	1	4601
7392	0	259
7392	1	5132
7393	0	259
7393	1	461
7394	0	259
7394	1	4938
7395	2	2806
7396	0	3134
7396	1	4431
7397	0	3134
7397	1	3735
7398	2	1301
7399	2	1716
7400	2	4744
7401	2	3415
7402	0	3190
7402	1	253
7403	0	3190
7403	1	2039
7404	0	3190
7404	1	3910
7405	2	1109
7406	2	3111
7407	2	3255
7408	2	4951
7409	2	3946
7410	2	105
7411	0	4955
7411	1	2105
7412	0	4955
7412	1	4010
7413	0	4955
7413	1	3183
7414	0	4955
7414	1	3504
7415	0	4955
7415	1	802
7416	0	4546
7416	1	675
7417	0	3443
7417	1	3109
7418	0	3443
7418	1	3169
7419	0	3443
7419	1	4471
7420	0	3443
7420	1	3612
7421	0	3443
7421	1	1491
7422	0	3443
7422	1	1577
7423	0	3443
7423	1	155
7424	0	3443
7424	1	2446
7425	2	4168
7426	2	2161
7427	2	4252
7428	2	4799
7429	2	1422
7430	0	4794
7430	1	4619
7431	0	4794
7431	1	1876
7432	0	606
7432	1	2155
7433	0	606
7433	1	4371
7434	0	1932
7434	1	4450
7435	0	3380
7435	1	587
7436	0	1187
7436	1	3175
7437	0	424
7437	1	1244
7438	0	424
7438	1	2679
7439	0	424
7439	1	2510
7440	0	424
7440	1	1212
7441	0	424
7441	1	1794
7442	2	4219
7443	0	3640
7443	1	3598
7444	0	3640
7444	1	1571
7445	0	3640
7445	1	4087
7446	2	217
7447	0	851
7447	1	3995
7448	0	851
7448	1	1822
7449	0	851
7449	1	4122
7450	0	851
7450	1	1794
7451	2	1788
7452	0	247
7452	1	4420
7453	0	247
7453	1	4967
7454	0	247
7454	1	4371
7455	0	1729
7455	1	1212
7456	0	1729
7456	1	4938
7457	0	1729
7457	1	1822
7458	0	3775
7458	1	503
7459	2	4273
7460	2	3570
7461	2	1450
7462	2	1482
7463	2	2535
7464	2	4480
7465	0	1230
7465	1	4948
7466	0	685
7466	1	4260
7467	0	685
7467	1	2485
7468	0	685
7468	1	2774
7469	0	685
7469	1	3797
7470	0	685
7470	1	1664
7471	0	527
7471	1	2619
7472	0	527
7472	1	4836
7473	0	527
7473	1	1257
7474	0	527
7474	1	5177
7475	0	527
7475	1	1506
7476	0	4200
7476	1	3460
7477	0	4200
7477	1	1506
7478	0	3092
7478	1	2624
7479	0	3092
7479	1	743
7480	0	3092
7480	1	4967
7481	0	3092
7481	1	1053
7482	2	4433
7483	0	4876
7483	1	3816
7484	0	4876
7484	1	4675
7485	0	4876
7485	1	4466
7486	0	1556
7486	1	2779
7487	0	1556
7487	1	1571
7488	0	1556
7488	1	4755
7489	2	268
7490	2	4661
7491	0	4120
7491	1	4126
7492	0	4120
7492	1	5050
7493	0	1916
7493	1	11
7494	0	929
7494	1	2205
7495	0	929
7495	1	4069
7496	0	929
7496	1	207
7497	0	929
7497	1	1368
7498	0	929
7498	1	3175
7499	0	929
7499	1	4087
7500	0	4161
7500	1	3735
7501	0	4032
7501	1	1754
7502	0	4032
7502	1	776
7503	0	4491
7503	1	2870
7504	0	4491
7504	1	4755
7505	0	4491
7505	1	1794
7506	0	1438
7506	1	2510
7507	0	1438
7507	1	4012
7508	0	1438
7508	1	3860
7509	0	69
7509	1	1961
7510	0	589
7510	1	4043
7511	2	4536
7512	2	1720
7513	0	2525
7513	1	108
7514	2	2897
7515	2	3674
7516	2	3742
7517	2	1456
7518	0	412
7518	1	4907
7519	0	412
7519	1	3539
7520	0	412
7520	1	1891
7521	0	807
7521	1	3031
7522	0	1913
7522	1	4907
7523	0	1913
7523	1	11
7524	0	1913
7524	1	4012
7525	0	435
7525	1	70
7526	0	435
7526	1	1074
7527	0	4621
7527	1	3475
7528	0	4621
7528	1	4810
7529	0	4621
7529	1	3056
7530	0	3986
7530	1	4441
7531	2	368
7532	2	2192
7533	2	2019
7534	2	4217
7535	2	2640
7536	2	1077
7537	2	2991
7538	2	5034
7539	2	3300
7540	2	1312
7541	2	2503
7542	2	649
7543	2	245
7544	2	3606
7545	2	205
7546	2	2922
7547	2	1971
7548	2	3230
7549	2	3631
7550	2	4389
7551	0	4699
7551	1	3995
7552	0	4699
7552	1	581
7553	2	949
7554	2	947
7555	2	4153
7556	2	753
7557	2	5135
7558	0	2784
7558	1	2510
7559	0	2784
7559	1	581
7560	2	1928
7561	2	1676
7562	2	2440
7563	2	323
7564	2	4949
7565	2	327
7566	2	5165
7567	2	252
7568	2	596
7569	2	4239
7570	2	2441
7571	2	5101
7572	2	1513
7573	2	4526
7574	2	5070
7575	2	2776
7576	2	3086
7577	2	695
7578	2	4513
7579	0	1637
7579	1	615
7580	0	1637
7580	1	1577
7581	0	1637
7581	1	155
7582	0	933
7582	1	2039
7583	2	5131
7584	2	4297
7585	2	4927
7586	2	1993
7587	2	1933
7588	2	2425
7589	2	64
7590	2	2632
7591	2	4074
7592	2	970
7593	2	2110
7594	2	464
7595	2	3786
7596	2	2903
7597	0	1607
7597	1	2815
7598	0	1607
7598	1	1074
7599	2	1685
7600	2	4376
7601	2	3347
7602	2	833
7603	0	1478
7603	1	3682
7604	0	2097
7604	1	4471
7605	0	2097
7605	1	503
7606	0	2097
7606	1	2098
7607	0	4852
7607	1	3612
7608	0	4852
7608	1	1295
7609	0	4852
7609	1	155
7610	2	1679
7611	2	4294
7612	2	237
7613	2	4361
7614	0	2507
7614	1	957
7615	0	2507
7615	1	2624
7616	0	2507
7616	1	3590
7617	0	2507
7617	1	1257
7618	0	2507
7618	1	3804
7619	0	2507
7619	1	551
7620	0	2507
7620	1	1200
7621	0	2507
7621	1	578
7622	0	2507
7622	1	1822
7623	0	1544
7623	1	1476
7624	0	1544
7624	1	551
7625	2	3193
7626	2	2054
7627	0	3877
7627	1	461
7628	0	3877
7628	1	2098
7629	0	3591
7629	1	3054
7630	2	1831
7631	2	2638
7632	2	2918
7633	2	210
7634	2	3772
7635	2	3994
7636	2	4763
7637	2	1172
7638	0	4815
7638	1	1074
7639	0	1181
7639	1	4043
7640	0	1181
7640	1	4543
7641	0	1181
7641	1	369
7642	0	1181
7642	1	675
7643	2	1518
7644	2	4143
7645	2	2273
7646	0	5170
7646	1	2689
7647	0	5170
7647	1	399
7648	0	5170
7648	1	1053
7649	0	5170
7649	1	3860
7650	0	4841
7650	1	2619
7651	0	4841
7651	1	4709
7652	0	4841
7652	1	1244
7653	0	4841
7653	1	4012
7654	2	2223
7655	2	3492
7656	2	1238
7657	2	4613
7658	2	5154
7659	2	4822
7660	2	4741
7661	2	427
7662	2	4717
7663	2	3013
7664	2	1409
7665	0	4211
7665	1	1558
7666	0	4211
7666	1	4063
7667	0	4211
7667	1	207
7668	0	4211
7668	1	2585
7669	2	334
7670	0	1727
7670	1	2510
7671	2	59
7672	2	3970
7673	2	3320
7674	2	4286
7675	2	2487
7676	2	2115
7677	2	3503
7678	2	1960
7679	0	3469
7679	1	4466
7680	2	343
7681	2	4778
7682	2	326
7683	2	3870
7684	2	493
7685	0	1178
7685	1	2619
7686	0	1178
7686	1	3603
7687	0	1178
7687	1	514
7688	0	3428
7688	1	1476
7689	0	4473
7689	1	4202
7690	0	2299
7690	1	2870
7691	0	2299
7691	1	708
7692	0	2303
7692	1	2619
7693	2	3645
7694	2	2549
7695	0	4860
7695	1	3613
7696	0	4218
7696	1	3804
7697	0	4218
7697	1	1295
7698	0	4218
7698	1	4810
7699	0	4218
7699	1	1506
7700	0	3743
7700	1	3585
7701	0	3743
7701	1	128
7702	0	3743
7702	1	675
7703	0	1753
7703	1	4063
7704	0	1753
7704	1	512
7705	0	1753
7705	1	1721
7706	2	1163
7707	2	2354
7708	2	3399
7709	2	523
7710	2	1590
7711	2	1508
7712	2	73
7713	2	3839
7714	2	1464
7715	2	3457
7716	0	1659
7716	1	1340
7717	0	1659
7717	1	4399
7718	0	1659
7718	1	905
7719	0	1659
7719	1	4698
7720	0	1659
7720	1	1410
7721	0	1659
7721	1	2036
7722	0	519
7722	1	108
7723	0	863
7723	1	3999
7724	0	4201
7724	1	5050
7725	0	1833
7725	1	3010
7726	0	1833
7726	1	2325
7727	0	1069
7727	1	2039
7728	0	3497
7728	1	340
7729	0	2657
7729	1	2767
7730	0	2657
7730	1	2037
7731	0	2657
7731	1	1281
7732	0	2657
7732	1	3071
7733	0	2657
7733	1	1053
7734	0	219
7734	1	1558
7735	0	219
7735	1	2956
7736	0	219
7736	1	3961
7737	0	219
7737	1	1295
7738	0	219
7738	1	3214
7739	0	219
7739	1	4087
7740	0	3084
7740	1	3475
7741	0	2331
7741	1	275
7742	0	4413
7742	1	2071
7743	0	4413
7743	1	1794
7744	0	884
7744	1	3331
7745	0	884
7745	1	2447
7746	0	884
7746	1	939
7747	0	884
7747	1	2158
7748	0	884
7748	1	3019
7749	2	4510
7750	0	4481
7750	1	4420
7751	0	3479
7751	1	1176
7752	0	3479
7752	1	3175
7753	0	5086
7753	1	4619
7754	0	3859
7754	1	461
7755	0	1232
7755	1	2689
7756	0	1232
7756	1	4012
7757	0	1232
7757	1	1794
7758	0	2212
7758	1	3910
7759	2	351
7760	0	500
7760	1	1571
7761	0	500
7761	1	4126
7762	2	1763
7763	2	32
7764	2	2439
7765	2	1437
7766	2	2317
7767	2	1662
7768	2	868
7769	2	4448
7770	2	1465
7771	2	636
7772	0	1367
7772	1	2672
7773	0	1367
7773	1	3031
7774	2	3744
7775	0	3544
7775	1	4202
7776	2	422
7777	2	1792
7778	2	3752
7779	0	5062
7779	1	503
7780	0	5143
7780	1	1176
7781	0	3810
7781	1	957
7782	0	3810
7782	1	4967
7783	0	3810
7783	1	95
7784	0	3810
7784	1	3175
7785	0	3810
7785	1	512
7786	0	3810
7786	1	2466
7787	2	790
7788	2	442
7789	2	4820
7790	0	4701
7790	1	4999
7791	0	5171
7791	1	2037
7792	0	4436
7792	1	3682
7793	2	4307
7794	0	149
7794	1	2071
7795	2	1841
7796	2	306
7797	0	4913
7797	1	973
7798	0	2163
7798	1	2672
7799	0	2163
7799	1	1771
7800	0	1164
7800	1	2414
7801	0	1517
7801	1	4043
7802	0	1517
7802	1	4543
7803	0	1517
7803	1	2830
7804	0	1517
7804	1	3799
7805	0	4377
7805	1	2624
7806	0	4377
7806	1	4471
7807	0	4377
7807	1	369
7808	0	3550
7808	1	2689
7809	0	3550
7809	1	1969
7810	0	3550
7810	1	461
7811	0	3550
7811	1	108
7812	0	3550
7812	1	358
7813	0	3981
7813	1	3910
7814	2	4606
7815	2	2128
7816	0	781
7816	1	1630
7817	0	781
7817	1	2414
7818	0	781
7818	1	4371
7819	0	781
7819	1	1748
7820	0	1734
7820	1	1257
7821	0	1734
7821	1	3682
7822	0	1734
7822	1	3547
7823	0	3001
7823	1	4463
7824	0	3001
7824	1	1961
7825	0	3001
7825	1	4577
7826	0	3001
7826	1	1742
7827	0	3001
7827	1	3056
7828	2	2913
7829	2	1285
7830	0	955
7830	1	5132
7831	0	955
7831	1	1571
7832	0	955
7832	1	3800
7833	0	955
7833	1	2325
7834	0	955
7834	1	1506
7835	2	3783
7836	2	5113
7837	2	3962
7838	0	4942
7838	1	4043
7839	2	1420
7840	2	4434
7841	2	4422
7842	2	4091
7843	2	1837
7844	0	1380
7844	1	3910
7845	2	4312
7846	0	647
7846	1	3031
7847	0	1758
7847	1	3539
7848	0	1758
7848	1	2815
7849	0	1593
7849	1	2435
7850	2	3024
7851	0	2997
7851	1	269
7852	2	4579
7853	0	3527
7853	1	1476
7854	0	3527
7854	1	4862
7855	0	4943
7855	1	776
7856	0	2526
7856	1	2774
7857	2	1852
7858	2	466
7859	0	1855
7859	1	4450
7860	0	1141
7860	1	70
7861	0	1141
7861	1	4709
7862	0	1141
7862	1	3982
7863	2	3195
7864	0	2249
7864	1	550
7865	0	3785
7865	1	3797
7866	0	3785
7866	1	2165
7867	0	3785
7867	1	2932
7868	0	1377
7868	1	4012
7869	2	869
7870	2	3739
7871	2	5116
7872	2	4103
7873	0	4850
7873	1	2619
7874	0	4850
7874	1	4543
7875	2	1331
7876	2	564
7877	0	3667
7877	1	2155
7878	0	3667
7878	1	2013
7879	0	3667
7879	1	478
7880	0	3667
7880	1	4038
7881	0	3667
7881	1	3745
7882	0	3667
7882	1	106
7883	0	3667
7883	1	4466
7884	0	3667
7884	1	930
7885	2	3973
7886	2	481
7887	2	3485
7888	2	4934
7889	2	3452
7890	0	2591
7890	1	1748
7891	2	2366
7892	2	361
7893	2	1853
7894	0	1762
7894	1	4371
7895	0	531
7895	1	1040
7896	0	531
7896	1	2679
7897	0	3213
7897	1	2070
7898	0	3213
7898	1	318
7899	0	3272
7899	1	1866
7900	0	3272
7900	1	2674
7901	0	3272
7901	1	930
7902	2	4882
7903	0	3642
7903	1	2767
7904	0	3642
7904	1	2171
7905	2	1144
7906	0	1977
7906	1	1491
7907	0	1977
7907	1	3175
7908	0	1553
7908	1	1040
7909	0	1553
7909	1	2414
7910	0	1553
7910	1	3982
7911	0	1553
7911	1	3056
7912	0	1553
7912	1	1074
7913	0	4391
7913	1	1053
7914	0	4391
7914	1	3735
7915	0	2151
7915	1	1257
7916	0	3726
7916	1	4463
7917	0	3726
7917	1	3816
7918	0	3726
7918	1	587
7919	0	3726
7919	1	4675
7920	0	3726
7920	1	1212
7921	0	3726
7921	1	4202
7922	0	3726
7922	1	2098
7923	0	2651
7923	1	3475
7924	0	2651
7924	1	1966
7925	0	5025
7925	1	1013
7926	0	5025
7926	1	3169
7927	0	5025
7927	1	4619
7928	0	5025
7928	1	3967
7929	0	5025
7929	1	3475
7930	2	1447
7931	0	4920
7931	1	825
7932	0	345
7932	1	859
7933	0	345
7933	1	1599
7934	0	345
7934	1	2068
7935	0	345
7935	1	1469
7936	0	345
7936	1	1577
7937	2	263
7938	0	1247
7938	1	4087
7939	0	2195
7939	1	4420
7940	0	2195
7940	1	2413
7941	0	4653
7941	1	1012
7942	0	4653
7942	1	2129
7943	0	4653
7943	1	1158
7944	0	4825
7944	1	4450
7945	0	4825
7945	1	3995
7946	0	4909
7946	1	1692
7947	0	1346
7947	1	4463
7948	0	1346
7948	1	253
7949	0	1346
7949	1	2071
7950	0	1346
7950	1	973
7951	0	1346
7951	1	3735
7952	0	3338
7952	1	1040
7953	0	2400
7953	1	2689
7954	0	2400
7954	1	1599
7955	0	2400
7955	1	4948
7956	0	2400
7956	1	108
7957	0	2400
7957	1	1074
7958	0	633
7958	1	2039
7959	0	1956
7959	1	3539
7960	0	1956
7960	1	776
7961	2	2024
7962	2	3251
7963	2	2706
7964	0	721
7964	1	369
7965	0	721
7965	1	3031
7966	0	1888
7966	1	3031
7967	2	236
7968	2	5169
7969	2	2823
7970	2	4565
7971	0	3733
7971	1	4371
7972	2	5160
7973	2	4980
7974	2	1054
7975	2	719
7976	0	923
7976	1	2560
7977	0	923
7977	1	4684
7978	0	923
7978	1	514
7979	0	4444
7979	1	4967
7980	0	4444
7980	1	1743
7981	0	2607
7981	1	3967
7982	0	2607
7982	1	1754
7983	0	2607
7983	1	1295
7984	0	4198
7984	1	1692
7985	0	4198
7985	1	2446
7986	2	4308
7987	0	2237
7987	1	1295
7988	2	3900
7989	0	3188
7989	1	816
7990	0	3188
7990	1	399
7991	0	3188
7991	1	4038
7992	0	4777
7992	1	4063
7993	0	4777
7993	1	631
7994	0	4777
7994	1	1248
7995	0	4777
7995	1	3514
7996	0	4777
7996	1	1577
7997	0	831
7997	1	3031
7998	0	831
7998	1	1876
7999	0	4486
7999	1	2767
8000	0	4486
8000	1	4466
8001	2	5082
8002	0	2020
8002	1	4907
8003	0	2020
8003	1	1571
8004	0	4892
8004	1	399
8005	0	3977
8005	1	2624
8006	2	1990
8007	2	3655
8008	0	3083
8008	1	3539
8009	0	3083
8009	1	2974
8010	0	3083
8010	1	3071
8011	0	3083
8011	1	3910
8012	0	3083
8012	1	2649
8013	0	2988
8013	1	4420
8014	0	2988
8014	1	1754
8015	0	2988
8015	1	108
8016	0	2988
8016	1	2071
8017	0	2988
8017	1	1469
8018	0	2988
8018	1	2866
8019	2	867
8020	2	2235
8021	0	904
8021	1	4619
8022	0	904
8022	1	3127
8023	0	904
8023	1	551
8024	0	904
8024	1	5050
8025	0	904
8025	1	2864
8026	0	904
8026	1	4569
8027	2	240
8028	0	1725
8028	1	4043
8029	0	1725
8029	1	2220
8030	0	1725
8030	1	1176
8031	0	1725
8031	1	512
8032	0	1725
8032	1	2866
8033	0	4235
8033	1	3539
8034	0	3464
8034	1	2220
8035	0	3464
8035	1	2414
8036	0	3464
8036	1	4371
8037	0	3464
8037	1	1176
8038	0	3464
8038	1	2071
8039	0	3464
8039	1	4466
8040	2	4144
8041	2	3215
8042	2	5172
8043	2	4437
8044	2	4170
8045	2	3288
8046	2	3030
8047	2	1283
8048	2	3322
8049	2	1370
8050	2	1415
8051	2	3610
8052	0	4378
8052	1	1526
8053	0	4378
8053	1	3995
8054	0	4378
8054	1	581
8055	0	1680
8055	1	1599
8056	0	1680
8056	1	825
8057	0	1680
8057	1	2623
8058	0	2958
8058	1	4202
8059	0	751
8059	1	4907
8060	0	751
8060	1	3298
8061	0	751
8061	1	3010
8062	0	751
8062	1	581
8063	0	48
8063	1	1599
8064	0	48
8064	1	3673
8065	0	48
8065	1	3804
8066	0	48
8066	1	4995
8067	0	48
8067	1	776
8068	0	48
8068	1	3384
8069	0	48
8069	1	2233
8070	0	214
8070	1	2485
8071	0	214
8071	1	4087
8072	2	243
8073	0	3996
8073	1	4696
8074	0	3996
8074	1	4038
8075	0	3996
8075	1	2325
8076	2	584
8077	0	2795
8077	1	2333
8078	0	2795
8078	1	4594
8079	0	2795
8079	1	3682
8080	0	3553
8080	1	411
8081	0	3553
8081	1	3585
8082	0	1869
8082	1	4069
8083	2	3678
8084	2	140
8085	2	1443
8086	2	2975
8087	0	3283
8087	1	4260
8088	2	2849
8089	2	1463
8090	2	1345
8091	2	922
8092	2	2343
8093	2	3818
8094	0	1948
8094	1	95
8095	0	1948
8095	1	3031
8096	2	1209
8097	2	1907
8098	2	1575
8099	2	4868
8100	2	2188
8101	2	145
8102	0	4118
8102	1	3707
8103	0	3306
8103	1	816
8104	0	604
8104	1	5132
8105	0	604
8105	1	4087
8106	0	604
8106	1	4202
8107	2	2391
8108	2	962
8109	2	1165
8110	2	452
8111	2	4335
8112	2	1076
8113	0	3693
8113	1	4938
8114	0	3693
8114	1	1325
8115	0	4831
8115	1	615
8116	0	4831
8116	1	4569
8117	0	4111
8117	1	1468
8118	0	1365
8118	1	4010
8119	0	1100
8119	1	1013
8120	0	1100
8120	1	4543
8121	0	1219
8121	1	1074
8122	2	3656
8123	0	398
8123	1	3031
8124	0	3811
8124	1	615
8125	0	3105
8125	1	3612
8126	0	3105
8126	1	4684
8127	0	3105
8127	1	3006
8128	0	4489
8128	1	4399
8129	0	4489
8129	1	275
8130	0	3980
8130	1	4810
8131	2	927
8132	2	2934
8133	2	2608
8134	2	3560
8135	2	211
8136	2	4917
8137	2	811
8138	2	1413
8139	2	3321
8140	0	2130
8140	1	4447
8141	0	2130
8141	1	1891
8142	0	2130
8142	1	4657
8143	0	2130
8143	1	825
8144	0	2130
8144	1	2228
8145	0	2130
8145	1	3214
8146	0	2130
8146	1	1822
8147	0	2130
8147	1	155
8148	0	2130
8148	1	4569
8149	0	1625
8149	1	4041
8150	0	1625
8150	1	4675
8151	0	1625
8151	1	2071
8152	0	441
8152	1	2672
8153	0	441
8153	1	2485
8154	0	441
8154	1	4823
8155	0	441
8155	1	4381
8156	2	3303
8157	0	2969
8157	1	95
8158	0	2969
8158	1	2068
8159	0	2969
8159	1	3175
8160	0	2969
8160	1	2039
8161	0	2969
8161	1	2510
8162	0	2969
8162	1	4012
8163	0	2529
8163	1	2870
8164	0	2529
8164	1	275
8165	0	2529
8165	1	4122
8166	2	2346
8167	0	3753
8167	1	675
8168	0	3753
8168	1	3514
8169	2	5033
8170	2	1914
8171	2	1561
8172	2	2691
8173	0	1738
8173	1	2779
8174	0	1738
8174	1	1491
8175	0	1738
8175	1	3999
8176	0	2727
8176	1	4420
8177	0	2727
8177	1	3175
8178	0	1414
8178	1	1599
8179	0	1414
8179	1	4191
8180	0	1414
8180	1	1771
8181	0	1414
8181	1	1053
8182	0	1414
8182	1	4589
8183	0	1414
8183	1	4466
8184	0	1414
8184	1	2864
8185	0	4618
8185	1	22
8186	0	4618
8186	1	930
8187	2	3130
8188	2	912
8189	2	3633
8190	2	2162
8191	2	249
8192	0	3953
8192	1	3460
8193	0	3953
8193	1	1748
8194	0	3953
8194	1	503
8195	0	3953
8195	1	2446
8196	2	4930
8197	2	5039
8198	2	3142
8199	0	4314
8199	1	1630
8200	0	669
8200	1	2098
8201	2	339
8202	2	367
8203	2	4157
8204	2	4863
8205	2	3819
8206	2	656
8207	2	1204
8208	2	1573
8209	2	634
8210	2	4910
8211	2	1328
8212	0	2661
8212	1	4202
8213	2	3921
8214	2	4647
8215	2	4568
8216	0	918
8216	1	610
8217	0	918
8217	1	1244
8218	0	918
8218	1	2779
8219	0	918
8219	1	514
8220	0	918
8220	1	1469
8221	0	918
8221	1	155
8222	0	918
8222	1	4569
8223	2	3009
8224	2	3557
8225	0	4405
8225	1	399
8226	2	5150
8227	0	3153
8227	1	4087
8228	2	2960
8229	0	2908
8229	1	207
8230	0	2908
8230	1	4038
8231	2	1198
8232	2	14
8233	2	1297
8234	2	137
8235	0	2133
8235	1	3547
8236	0	2133
8236	1	3071
8237	0	2819
8237	1	3460
8238	0	2819
8238	1	1642
8239	0	2819
8239	1	3475
8240	0	2819
8240	1	2039
8241	0	2819
8241	1	108
8242	0	2819
8242	1	5050
8243	0	2819
8243	1	3735
8244	0	2819
8244	1	2098
8245	2	1943
8246	0	2407
8246	1	1771
8247	2	797
8248	2	744
8249	2	3107
8250	2	3855
8251	2	2134
8252	0	1569
8252	1	4043
8253	0	1569
8253	1	3598
8254	2	4477
8255	2	1887
8256	2	3343
8257	2	1587
8258	2	2410
8259	2	160
8260	2	18
8261	2	4723
8262	2	423
8263	2	5040
8264	2	823
8265	2	1343
8266	2	2718
8267	2	4977
8268	2	638
8269	2	2772
8270	2	2716
8271	2	2575
8272	2	937
8273	2	4906
8274	2	574
8275	2	515
8276	2	2406
8277	2	901
8278	0	4894
8278	1	2775
8279	0	2186
8279	1	1946
8280	0	2186
8280	1	1866
8281	0	2186
8281	1	859
8282	0	2186
8282	1	4059
8283	0	2186
8283	1	2799
8284	0	2186
8284	1	3119
8285	0	2186
8285	1	3611
8286	0	2186
8286	1	3336
8287	0	2186
8287	1	2684
8288	0	2186
8288	1	3797
8289	0	2186
8289	1	2262
8290	0	2186
8290	1	1978
8291	0	2186
8291	1	2180
8292	0	2186
8292	1	675
8293	0	2186
8293	1	514
8294	0	2186
8294	1	3514
8295	0	2186
8295	1	930
8296	0	2186
8296	1	2616
8297	0	992
8297	1	1257
8298	0	992
8298	1	4967
8299	0	992
8299	1	1692
8300	0	992
8300	1	3010
8301	0	992
8301	1	4999
8302	0	992
8302	1	4675
8303	0	992
8303	1	4038
8304	0	992
8304	1	4938
8305	0	992
8305	1	1822
8306	2	654
8307	2	854
8308	2	1878
8309	0	3223
8309	1	253
8310	0	3223
8310	1	675
8311	0	3223
8311	1	4569
8312	0	2729
8312	1	1961
8313	0	2729
8313	1	2974
8314	0	2729
8314	1	95
8315	2	4780
8316	2	3429
8317	2	3698
8318	2	3212
8319	0	2639
8319	1	4836
8320	2	3757
8321	2	5089
8322	2	746
8323	0	3952
8323	1	4810
8324	0	3952
8324	1	2815
8325	0	3952
8325	1	1506
8326	0	1249
8326	1	253
8327	0	1249
8327	1	4589
8328	0	1249
8328	1	1794
8329	0	2989
8329	1	4907
8330	0	2989
8330	1	3031
8331	0	1059
8331	1	1542
8332	0	1104
8332	1	4466
8333	0	1104
8333	1	2325
8334	0	3254
8334	1	1692
8335	0	3254
8335	1	3031
8336	0	3254
8336	1	1506
8337	2	2851
8338	2	3072
8339	2	3537
8340	2	3906
8341	2	4248
8342	2	4959
8343	2	4372
8344	2	3287
8345	2	5023
8346	2	2264
8347	2	3145
8348	2	4499
8349	2	354
8350	2	3118
8351	2	3582
8352	2	2888
8353	2	428
8354	2	2432
8355	2	3871
8356	2	4724
8357	2	1188
8358	2	3051
8359	2	4550
8360	2	5114
8361	2	3767
8362	2	3750
8363	0	2803
8363	1	2039
8364	0	2803
8364	1	776
8365	0	2606
8365	1	4471
8366	0	2606
8366	1	95
8367	2	1591
8368	2	4768
8369	2	2653
8370	2	985
8371	2	4530
8372	2	1421
8373	2	1834
8374	2	999
8375	2	2717
8376	2	3658
8377	2	504
8378	2	1824
8379	2	293
8380	2	3717
8381	2	728
8382	2	3950
8383	0	4159
8383	1	4450
8384	2	2399
8385	2	4262
8386	0	2469
8386	1	4709
8387	0	58
8387	1	4202
8388	0	2547
8388	1	2071
8389	2	4805
8390	0	2144
8390	1	70
8391	0	2144
8391	1	2220
8392	0	2144
8392	1	3967
8393	0	2144
8393	1	2068
8394	0	2144
8394	1	776
8395	0	2144
8395	1	4810
8396	0	2144
8396	1	275
8397	0	2144
8397	1	155
8398	0	642
8398	1	2619
8399	0	642
8399	1	2774
8400	0	642
8400	1	461
8401	0	642
8401	1	776
8402	0	642
8402	1	3805
8403	0	642
8403	1	2098
8404	0	3622
8404	1	3169
8405	0	3622
8405	1	2173
8406	2	2979
8407	2	1192
8408	0	4875
8408	1	3941
8409	0	4875
8409	1	3784
8410	0	4875
8410	1	4260
8411	0	4875
8411	1	3381
8412	0	4875
8412	1	4810
8413	0	4875
8413	1	1629
8414	0	4875
8414	1	4589
8415	0	4875
8415	1	4816
8416	0	4875
8416	1	2245
8417	0	4875
8417	1	1074
8418	0	2118
8418	1	4447
8419	0	2118
8419	1	2485
8420	0	2118
8420	1	1743
8421	2	1474
8422	0	879
8422	1	608
8423	0	879
8423	1	340
8424	0	879
8424	1	3804
8425	0	879
8425	1	4069
8426	0	879
8426	1	1049
8427	0	879
8427	1	4112
8428	0	879
8428	1	1243
8429	0	879
8429	1	369
8430	0	879
8430	1	514
8431	0	879
8431	1	2228
8432	0	879
8432	1	3982
8433	0	879
8433	1	5177
8434	0	879
8434	1	3999
8435	0	879
8435	1	2245
8436	0	4467
8436	1	512
8437	0	4467
8437	1	108
8438	0	2745
8438	1	4063
8439	0	2745
8439	1	2779
8440	0	2745
8440	1	3475
8441	0	2745
8441	1	512
8442	0	2745
8442	1	2098
8443	0	3754
8443	1	2794
8444	0	3754
8444	1	587
8445	0	3754
8445	1	5127
8446	0	3754
8446	1	1045
8447	0	3754
8447	1	2408
8448	0	3754
8448	1	3638
8449	0	3754
8449	1	3805
8450	0	3754
8450	1	1280
8451	0	3754
8451	1	3315
8452	0	3754
8452	1	1773
8453	0	3754
8453	1	1772
8454	0	5111
8454	1	3539
8455	0	5111
8455	1	2220
8456	0	5111
8456	1	399
8457	0	5111
8457	1	1295
8458	0	5111
8458	1	1600
8459	0	4085
8459	1	2779
8460	2	4728
8461	0	38
8461	1	4399
8462	0	38
8462	1	1212
8463	0	38
8463	1	1822
8464	0	1387
8464	1	4450
8465	0	4401
8465	1	1384
8466	0	4401
8466	1	2414
8467	0	4401
8467	1	3612
8468	0	4401
8468	1	1754
8469	0	4401
8469	1	551
8470	0	5145
8470	1	1571
8471	0	5145
8471	1	3910
8472	0	5145
8472	1	2866
8473	2	3894
8474	2	3041
8475	2	522
8476	2	1657
8477	2	1461
8478	2	68
8479	0	5120
8479	1	1040
8480	0	5120
8480	1	1384
8481	0	5120
8481	1	816
8482	0	5120
8482	1	1156
8483	0	5120
8483	1	4471
8484	0	5120
8484	1	4011
8485	0	5120
8485	1	3603
8486	0	5120
8486	1	1295
8487	0	5120
8487	1	776
8488	0	5120
8488	1	1200
8489	0	5120
8489	1	275
8490	0	5120
8490	1	1909
8491	2	4783
8492	2	2362
8493	0	5080
8493	1	2679
8494	0	5080
8494	1	1469
8495	2	1620
8496	2	2344
8497	0	4915
8497	1	1599
8498	0	4915
8498	1	2779
8499	0	4915
8499	1	776
8500	0	4915
8500	1	1664
8501	0	3510
8501	1	4755
8502	0	3342
8502	1	1866
8503	0	3342
8503	1	3816
8504	0	3342
8504	1	4431
8505	0	3342
8505	1	3804
8506	0	3342
8506	1	3910
8507	0	3342
8507	1	1822
8508	0	3342
8508	1	2802
8509	0	2875
8509	1	4343
8510	0	2875
8510	1	4684
8511	0	2875
8511	1	369
8512	0	2875
8512	1	4862
8513	0	2875
8513	1	631
8514	2	3773
8515	2	1902
8516	2	1825
8517	2	4281
8518	0	161
8518	1	2679
8519	0	161
8519	1	4126
8520	0	161
8520	1	3514
8521	2	2081
8522	2	664
8523	2	165
8524	2	787
8525	2	2898
8526	2	1068
8527	2	817
8528	2	1386
8529	0	2117
8529	1	5127
8530	0	2117
8530	1	3982
8531	0	2117
8531	1	3995
8532	2	4521
8533	2	1320
8534	2	2950
8535	2	1829
8536	2	1266
8537	0	1494
8537	1	4836
8538	0	1494
8538	1	2624
8539	0	1494
8539	1	3010
8540	0	1494
8540	1	2830
8541	0	3913
8541	1	5127
8542	0	3913
8542	1	2039
8543	0	3913
8543	1	108
8544	0	3913
8544	1	5050
8545	0	3913
8545	1	1212
8546	0	1300
8546	1	5098
8547	0	1300
8547	1	1692
8548	0	1300
8548	1	2325
8549	2	4973
8550	0	689
8550	1	108
8551	0	689
8551	1	2098
8552	2	4607
8553	2	1319
8554	2	1402
8555	2	650
8556	2	3234
8557	0	3278
8557	1	1692
8558	0	3278
8558	1	3031
8559	0	4117
8559	1	825
8560	0	3045
8560	1	3042
8561	0	3045
8561	1	4027
8562	0	3045
8562	1	5098
8563	0	3045
8563	1	2277
8564	0	3045
8564	1	2709
8565	0	3045
8565	1	2616
8566	0	2959
8566	1	5098
8567	0	2959
8567	1	4343
8568	0	2959
8568	1	512
8569	0	2959
8569	1	373
8570	2	196
8571	2	107
8572	2	5078
8573	0	302
8573	1	4732
8574	0	302
8574	1	1630
8575	0	302
8575	1	3054
8576	0	302
8576	1	3473
8577	0	302
8577	1	2830
8578	2	4608
8579	2	4133
8580	2	3453
8581	2	4291
8582	2	4311
8583	2	950
8584	2	1557
8585	0	5008
8585	1	1558
8586	0	5008
8586	1	2864
8587	0	5008
8587	1	2866
8588	0	2821
8588	1	503
8589	0	3760
8589	1	1040
8590	2	1646
8591	2	2682
8592	2	438
8593	2	4225
8594	0	1052
8594	1	587
8595	2	3284
8596	0	1509
8596	1	1692
8597	0	1509
8597	1	5127
8598	2	3149
8599	2	3905
8600	0	4963
8600	1	4043
8601	0	4963
8601	1	2815
8602	2	4185
8603	2	2088
8604	2	2281
8605	2	3370
8606	2	4303
8607	2	1580
8608	2	1862
8609	2	2353
8610	2	682
8611	0	2348
8611	1	5132
8612	0	2348
8612	1	2013
8613	0	2348
8613	1	5050
8614	0	2688
8614	1	1013
8615	2	3358
8616	0	163
8616	1	1571
8617	0	5091
8617	1	771
8618	0	5091
8618	1	3042
8619	0	5091
8619	1	2485
8620	0	5091
8620	1	587
8621	0	5091
8621	1	4886
8622	0	5091
8622	1	1664
8623	0	5091
8623	1	1053
8624	0	5091
8624	1	1212
8625	0	5091
8625	1	3735
8626	0	5091
8626	1	2292
8627	0	5091
8627	1	503
8628	0	5091
8628	1	1822
8629	0	5091
8629	1	275
8630	0	5091
8630	1	4122
8631	0	3408
8631	1	2624
8632	0	3408
8632	1	2510
8633	2	1529
8634	0	585
8634	1	5132
8635	0	585
8635	1	5098
8636	0	585
8636	1	4471
8637	0	585
8637	1	3253
8638	0	585
8638	1	1754
8639	0	585
8639	1	2830
8640	0	585
8640	1	551
8641	0	585
8641	1	4626
8642	0	585
8642	1	2466
8643	0	585
8643	1	1200
8644	2	3028
8645	2	2258
8646	0	1113
8646	1	1558
8647	0	1113
8647	1	71
8648	0	4351
8648	1	2779
8649	2	3666
8650	2	2328
8651	0	4928
8651	1	3682
8652	2	2590
8653	0	1623
8653	1	4315
8654	0	1623
8654	1	3506
8655	0	1623
8655	1	862
8656	0	1623
8656	1	1629
8657	0	1623
8657	1	4947
8658	0	1623
8658	1	3815
8659	0	1710
8659	1	2277
8660	0	1710
8660	1	4709
8661	0	1710
8661	1	1074
8662	0	2790
8662	1	4027
8663	0	2790
8663	1	2435
8664	0	2790
8664	1	4222
8665	0	2790
8665	1	3473
8666	0	2790
8666	1	2866
8667	2	2841
8668	0	4109
8668	1	2672
8669	0	4109
8669	1	4463
8670	0	4109
8670	1	2435
8671	0	4109
8671	1	3475
8672	0	4109
8672	1	369
8673	0	4109
8673	1	973
8674	0	4109
8674	1	503
8675	0	4109
8675	1	3799
8676	0	4109
8676	1	3031
8677	0	218
8677	1	4543
8678	0	2486
8678	1	3931
8679	2	2856
8680	0	3022
8680	1	4907
8681	0	3022
8681	1	4543
8682	0	3022
8682	1	1526
8683	0	3022
8683	1	461
8684	0	3022
8684	1	1748
8685	0	3022
8685	1	3175
8686	0	3022
8686	1	4012
8687	0	3022
8687	1	4122
8688	0	2813
8688	1	5127
8689	0	2813
8689	1	1754
8690	0	2813
8690	1	550
8691	0	2813
8691	1	3860
8692	2	3499
8693	0	864
8693	1	2779
8694	0	864
8694	1	2039
8695	0	864
8695	1	2098
8696	0	860
8696	1	3598
8697	0	860
8697	1	2171
8698	0	860
8698	1	2435
8699	0	860
8699	1	1491
8700	2	520
8701	0	4323
8701	1	4450
8702	0	4323
8702	1	4012
8703	0	4323
8703	1	4569
8704	2	1259
8705	2	417
8706	0	279
8706	1	957
8707	0	279
8707	1	2435
8708	0	279
8708	1	3710
8709	0	279
8709	1	1334
8710	0	279
8710	1	3800
8711	0	279
8711	1	3925
8712	0	279
8712	1	4190
8713	0	279
8713	1	409
8714	0	279
8714	1	3456
8715	0	279
8715	1	883
8716	2	1137
8717	0	5052
8717	1	4202
8718	0	553
8718	1	1506
8719	0	3817
8719	1	4659
8720	0	3817
8720	1	615
8721	0	3817
8721	1	4755
8722	2	4751
8723	2	3778
8724	2	1883
8725	0	3062
8725	1	2775
8726	0	3945
8726	1	2037
8727	0	3945
8727	1	1630
8728	0	292
8728	1	4012
8729	0	439
8729	1	2068
8730	0	439
8730	1	1295
8731	2	5056
8732	0	4644
8732	1	4696
8733	0	4644
8733	1	4709
8734	0	4644
8734	1	3804
8735	0	4644
8735	1	587
8736	0	4644
8736	1	304
8737	0	4644
8737	1	1760
8738	0	4644
8738	1	5050
8739	0	1959
8739	1	4543
8740	0	1959
8740	1	3010
8741	2	2899
8742	0	1732
8742	1	3598
8743	2	5027
8744	0	4021
8744	1	3010
8745	0	4021
8745	1	3481
8746	0	5159
8746	1	4122
8747	0	3587
8747	1	3042
8748	0	3587
8748	1	369
8749	0	1596
8749	1	3042
8750	2	3091
8751	2	3341
8752	0	3884
8752	1	216
8753	0	3884
8753	1	5098
8754	0	3884
8754	1	2435
8755	0	3884
8755	1	340
8756	0	3884
8756	1	672
8757	0	3884
8757	1	1045
8758	0	3884
8758	1	4594
8759	0	3884
8759	1	378
8760	0	3884
8760	1	1618
8761	0	3884
8761	1	376
8762	0	3884
8762	1	128
8763	0	3884
8763	1	4336
8764	0	3884
8764	1	722
8765	0	3884
8765	1	699
8766	0	3884
8766	1	1760
8767	0	3884
8767	1	111
8768	0	3884
8768	1	1876
8769	0	3884
8769	1	971
8770	0	3884
8770	1	3781
8771	2	1615
8772	2	4354
8773	0	4984
8773	1	4043
8774	0	4984
8774	1	253
8775	0	4984
8775	1	1571
8776	0	4984
8776	1	5127
8777	0	4984
8777	1	825
8778	0	4984
8778	1	358
8779	0	4984
8779	1	5050
8780	0	4984
8780	1	1469
8781	0	4984
8781	1	1822
8782	0	4984
8782	1	4569
8783	2	1890
8784	2	5139
8785	2	156
8786	2	5163
8787	2	2532
8788	2	2443
8789	2	1174
8790	2	1039
8791	2	3106
8792	2	3237
8793	2	1678
8794	2	4605
8795	2	3768
8796	2	4385
8797	2	186
8798	0	4830
8798	1	3995
8799	0	3604
8799	1	3446
8800	0	3604
8800	1	1384
8801	0	3604
8801	1	3797
8802	0	3604
8802	1	3585
8803	0	4234
8803	1	2767
8804	0	4234
8804	1	2619
8805	0	4234
8805	1	4710
8806	0	4234
8806	1	1742
8807	0	4234
8807	1	3473
8808	0	4234
8808	1	369
8809	0	4234
8809	1	4466
8810	0	755
8810	1	3504
8811	0	755
8811	1	1053
8812	0	2563
8812	1	4810
8813	0	2563
8813	1	581
8814	0	1070
8814	1	1074
8815	2	3820
8816	0	801
8816	1	2672
8817	0	801
8817	1	1664
8818	2	2831
8819	2	4328
8820	2	4408
8821	0	4617
8821	1	2220
8822	0	4617
8822	1	3169
8823	0	4617
8823	1	2435
8824	0	4617
8824	1	743
8825	0	4617
8825	1	1526
8826	0	4617
8826	1	1748
8827	0	4617
8827	1	3547
8828	0	4617
8828	1	3999
8829	0	4617
8829	1	155
8830	0	4056
8830	1	5132
8831	2	5102
8832	2	1939
8833	2	1338
8834	0	2395
8834	1	2037
8835	0	2395
8835	1	2171
8836	0	2395
8836	1	2774
8837	0	2395
8837	1	1754
8838	0	2395
8838	1	3585
8839	0	2395
8839	1	512
8840	0	2395
8840	1	3547
8841	2	4175
8842	0	3755
8842	1	4260
8843	0	3755
8843	1	2173
8844	0	3484
8844	1	1013
8845	0	3484
8845	1	4836
8846	0	3484
8846	1	816
8847	0	3484
8847	1	2155
8848	0	3484
8848	1	4327
8849	0	3484
8849	1	1416
8850	0	3484
8850	1	2870
8851	0	3484
8851	1	708
8852	0	3484
8852	1	128
8853	0	3484
8853	1	1996
8854	0	3484
8854	1	4466
8855	0	3484
8855	1	1822
8856	0	3484
8856	1	2098
8857	0	3484
8857	1	413
8858	0	138
8858	1	1558
8859	0	138
8859	1	4999
8860	2	4803
8861	0	791
8861	1	4104
8862	0	791
8862	1	4836
8863	0	791
8863	1	4967
8864	0	791
8864	1	2413
8865	0	791
8865	1	1281
8866	2	3690
8867	2	5125
8868	0	4116
8868	1	1571
8869	0	4116
8869	1	4010
8870	0	4116
8870	1	4589
8871	0	4835
8871	1	1526
8872	0	4835
8872	1	3211
8873	0	3398
8873	1	957
8874	0	3398
8874	1	4013
8875	0	3398
8875	1	3109
8876	0	3398
8876	1	5132
8877	0	3398
8877	1	4541
8878	0	3398
8878	1	1664
8879	0	3398
8879	1	2510
8880	0	3398
8880	1	2159
8881	2	2509
8882	2	3258
8883	2	1004
8884	2	808
8885	2	2369
8886	0	5017
8886	1	2037
8887	0	5017
8887	1	1013
8888	0	5017
8888	1	2413
8889	0	5017
8889	1	369
8890	0	5017
8890	1	2173
8891	0	5017
8891	1	4466
8892	2	1483
8893	2	2896
8894	2	225
8895	0	2701
8895	1	1642
8896	0	2701
8896	1	1176
8897	0	2701
8897	1	1200
8898	0	4776
8898	1	3129
8899	0	4776
8899	1	4104
8900	0	4776
8900	1	816
8901	0	4776
8901	1	1526
8902	0	4776
8902	1	3473
8903	0	4776
8903	1	615
8904	0	4776
8904	1	1664
8905	0	4776
8905	1	2866
8906	0	4533
8906	1	4450
8907	2	4349
8908	2	3355
8909	0	5057
8909	1	957
8910	0	5057
8910	1	3598
8911	0	5057
8911	1	1961
8912	0	5057
8912	1	3298
8913	0	2920
8913	1	399
8914	2	4341
8915	2	1818
8916	2	2106
8917	2	727
8918	2	2396
8919	2	3848
8920	0	3922
8920	1	4027
8921	0	3922
8921	1	2435
8922	0	3922
8922	1	1961
8923	0	3922
8923	1	3473
8924	0	3922
8924	1	1096
8925	0	3922
8925	1	425
8926	0	120
8926	1	4696
8927	0	2825
8927	1	2767
8928	0	2825
8928	1	2037
8929	0	2825
8929	1	4659
8930	0	2825
8930	1	512
8931	0	2825
8931	1	3547
8932	0	2825
8932	1	2173
8933	0	2825
8933	1	4466
8934	0	2825
8934	1	2325
8935	2	2306
8936	2	3540
8937	2	1778
8938	0	536
8938	1	1053
8939	0	403
8939	1	2672
8940	0	403
8940	1	4619
8941	0	403
8941	1	514
8942	0	403
8942	1	3982
8943	0	403
8943	1	275
8944	0	3448
8944	1	3590
8945	0	3448
8945	1	4999
8946	0	3448
8946	1	802
8947	2	4165
8948	0	2939
8948	1	2173
8949	2	4105
8950	2	1150
8951	2	1736
8952	2	344
8953	2	3264
8954	2	5063
8955	2	195
8956	0	2833
8956	1	2220
8957	0	2833
8957	1	512
8958	0	2833
8958	1	3735
8959	0	2833
8959	1	4938
8960	0	2833
8960	1	275
8961	0	2015
8961	1	2775
8962	2	3571
8963	2	2658
8964	0	4853
8964	1	1526
8965	0	4853
8965	1	358
8966	0	4853
8966	1	5050
8967	0	4497
8967	1	4043
8968	0	4497
8968	1	2068
8969	0	4497
8969	1	4126
8970	0	4497
8970	1	503
8971	0	2914
8971	1	70
8972	0	2914
8972	1	4463
8973	0	2914
8973	1	4420
8974	0	2914
8974	1	253
8975	0	2914
8975	1	2623
8976	0	2914
8976	1	708
8977	0	2914
8977	1	1053
8978	0	3090
8978	1	2220
8979	0	3090
8979	1	4447
8980	0	3090
8980	1	4619
8981	0	3090
8981	1	2774
8982	0	3090
8982	1	95
8983	0	3090
8983	1	4563
8984	0	3090
8984	1	1469
8985	0	3090
8985	1	425
8986	2	1452
8987	0	4004
8987	1	2672
8988	0	4004
8988	1	2624
8989	0	4004
8989	1	4371
8990	0	4004
8990	1	3603
8991	0	4004
8991	1	3805
8992	0	4004
8992	1	5050
8993	0	4004
8993	1	1212
8994	0	4004
8994	1	3006
8995	2	4665
8996	2	152
8997	2	1965
8998	2	1492
8999	0	4993
8999	1	4027
9000	0	4993
9000	1	4626
9001	0	4993
9001	1	4202
9002	2	2495
9003	2	3665
9004	2	2886
9005	2	2208
9006	2	2715
9007	0	192
9007	1	4543
9008	0	192
9008	1	4684
9009	0	192
9009	1	512
9010	0	192
9010	1	4589
9011	0	192
9011	1	3799
9012	0	1321
9012	1	587
9013	0	4704
9013	1	615
9014	0	4704
9014	1	4466
9015	0	4704
9015	1	503
9016	0	1737
9016	1	2408
9017	0	1737
9017	1	1822
9018	2	3379
9019	0	2677
9019	1	2039
9020	0	2550
9020	1	873
9021	2	796
9022	2	272
9023	2	2865
9024	2	3593
9025	2	2538
9026	0	2217
9026	1	3077
9027	0	2217
9027	1	2414
9028	2	1616
9029	2	2274
9030	2	296
9031	2	3646
9032	2	651
9033	2	1612
9034	2	703
9035	2	1634
9036	2	4598
9037	2	4869
9038	0	3771
9038	1	1244
9039	2	2368
9040	2	5061
9041	2	4244
9042	2	3725
9043	2	975
9044	2	1598
9045	2	3043
9046	2	86
9047	2	5103
9048	2	3372
9049	2	1333
9050	2	2557
9051	2	1856
9052	2	739
9053	2	3844
9054	2	4654
9055	0	3764
9055	1	4804
9056	0	3764
9056	1	3298
9057	0	3764
9057	1	4626
9058	0	3764
9058	1	973
9059	0	1446
9059	1	5042
9060	0	1446
9060	1	4069
9061	0	1446
9061	1	4010
9062	0	552
9062	1	461
9063	0	552
9063	1	4450
9064	0	552
9064	1	4012
9065	0	4334
9065	1	1176
9066	0	4334
9066	1	776
9067	0	4334
9067	1	5050
9068	0	4334
9068	1	3860
9069	0	2994
9069	1	2325
9070	0	4677
9070	1	4260
9071	0	4677
9071	1	3598
9072	0	4677
9072	1	2870
9073	0	4677
9073	1	708
9074	0	4677
9074	1	615
9075	0	4677
9075	1	4202
9076	0	4677
9076	1	3860
9077	0	1308
9077	1	3590
9078	0	1308
9078	1	3800
9079	0	1308
9079	1	3071
9080	0	2837
9080	1	708
9081	0	2837
9081	1	3735
9082	0	5153
9082	1	1599
9083	0	5153
9083	1	2624
9084	0	5153
9084	1	3716
9085	0	5153
9085	1	973
9086	2	3659
9087	0	259
9087	1	4087
9088	0	259
9088	1	4012
9089	0	259
9089	1	1074
9090	2	45
9091	2	4931
9092	2	2725
9093	0	996
9093	1	1692
9094	0	3134
9094	1	1049
9095	0	3134
9095	1	2848
9096	0	3134
9096	1	1295
9097	0	3134
9097	1	1226
9098	0	3134
9098	1	4012
9099	0	3134
9099	1	2158
9100	0	3959
9100	1	4907
9101	0	3959
9101	1	3214
9102	2	1995
9103	2	3796
9104	0	3190
9104	1	1771
9105	0	3190
9105	1	2815
9106	2	2627
9107	2	1864
9108	2	4483
9109	2	1173
9110	2	509
9111	2	4107
9112	2	961
9113	2	4511
9114	2	2942
9115	2	1288
9116	0	4955
9116	1	2084
9117	0	4955
9117	1	3800
9118	0	4955
9118	1	1760
9119	0	4546
9119	1	4836
9120	0	4546
9120	1	1961
9121	0	4546
9121	1	3735
9122	2	4049
9123	0	3443
9123	1	4260
9124	0	3443
9124	1	5132
9125	0	3443
9125	1	3598
9126	0	3443
9126	1	2435
9127	0	3443
9127	1	3590
9128	0	3443
9128	1	2774
9129	0	3443
9129	1	1067
9130	0	3443
9130	1	3585
9131	0	3443
9131	1	4944
9132	0	3443
9132	1	1512
9133	2	489
9134	2	408
9135	2	4925
9136	2	3002
9137	2	3756
9138	0	4794
9138	1	3816
9139	0	4794
9139	1	1599
9140	0	4794
9140	1	461
9141	0	4794
9141	1	1754
9142	0	4794
9142	1	3603
9143	0	4794
9143	1	2510
9144	0	4794
9144	1	2071
9145	2	255
9146	0	606
9146	1	3816
9147	0	606
9147	1	2624
9148	0	606
9148	1	1754
9149	0	606
9149	1	1281
9150	0	606
9150	1	4684
9151	0	606
9151	1	1200
9152	0	1932
9152	1	3460
9153	0	1932
9153	1	2974
9154	0	1932
9154	1	4202
9155	0	3380
9155	1	4619
9156	0	3380
9156	1	4569
9157	2	4098
9158	2	1148
9159	0	1187
9159	1	4420
9160	0	1187
9160	1	2775
9161	0	424
9161	1	2039
9162	0	3640
9162	1	2071
9163	0	3640
9163	1	3799
9164	0	851
9164	1	2689
9165	0	851
9165	1	2220
9166	0	851
9166	1	1978
9167	0	851
9167	1	631
9168	0	851
9168	1	1506
9169	2	1740
9170	0	247
9170	1	70
9171	0	247
9171	1	71
9172	0	247
9172	1	2779
9173	0	247
9173	1	95
9174	0	247
9174	1	3797
9175	0	247
9175	1	4999
9176	0	247
9176	1	1053
9177	0	247
9177	1	3982
9178	0	247
9178	1	5050
9179	0	247
9179	1	581
9180	0	1749
9180	1	2775
9181	0	1749
9181	1	3931
9182	0	1749
9182	1	4967
9183	0	1749
9183	1	4938
9184	0	1729
9184	1	1599
9185	0	1729
9185	1	253
9186	0	1729
9186	1	3612
9187	0	1729
9187	1	1978
9188	0	1729
9188	1	615
9189	0	1729
9189	1	3514
9190	0	3775
9190	1	708
9191	2	9
9192	0	931
9192	1	1642
9193	0	931
9193	1	3590
9194	0	931
9194	1	1295
9195	0	931
9195	1	4466
9196	0	931
9196	1	2098
9197	2	4215
9198	2	3097
9199	2	1532
9200	2	457
9201	2	1449
9202	2	3854
9203	2	2735
9204	2	2224
9205	2	2812
9206	2	2210
9207	0	1230
9207	1	4260
9208	0	1230
9208	1	4181
9209	0	1230
9209	1	71
9210	0	1230
9210	1	2974
9211	0	1230
9211	1	2679
9212	0	1230
9212	1	4589
9213	0	1230
9213	1	275
9214	0	1230
9214	1	971
9215	2	2050
9216	0	685
9216	1	4999
9217	0	685
9217	1	615
9218	0	685
9218	1	514
9219	0	685
9219	1	2173
9220	0	685
9220	1	1096
9221	0	527
9221	1	4965
9222	0	527
9222	1	2830
9223	0	527
9223	1	2616
9224	2	5122
9225	0	4200
9225	1	4907
9226	0	4200
9226	1	4126
9227	0	3092
9227	1	816
9228	0	3092
9228	1	3590
9229	0	3092
9229	1	1664
9230	0	3092
9230	1	373
9231	0	3092
9231	1	930
9232	0	3092
9232	1	2066
9233	0	4876
9233	1	340
9234	0	4876
9234	1	3473
9235	0	4876
9235	1	1760
9236	0	1556
9236	1	4063
9237	0	1556
9237	1	2155
9238	0	1556
9238	1	2408
9239	2	295
9240	2	2935
9241	2	4740
9242	2	4052
9243	0	1916
9243	1	3919
9244	0	1916
9244	1	1074
9245	0	929
9245	1	743
9246	0	929
9246	1	4823
9247	0	929
9247	1	1138
9248	0	929
9248	1	1176
9249	0	929
9249	1	4010
9250	0	929
9250	1	2098
9251	0	4161
9251	1	2159
9252	0	4032
9252	1	1978
9253	0	4032
9253	1	1469
9254	0	4491
9254	1	2667
9255	0	4491
9255	1	4684
9256	0	4491
9256	1	455
9257	0	4491
9257	1	1469
9258	0	1438
9258	1	2689
9259	0	1438
9259	1	1771
9260	0	1438
9260	1	4450
9261	0	69
9261	1	4420
9262	0	69
9262	1	2974
9263	0	69
9263	1	2098
9264	0	69
9264	1	581
9265	0	177
9265	1	4907
9266	0	177
9266	1	2775
9267	0	177
9267	1	2155
9268	0	177
9268	1	3475
9269	0	177
9269	1	4012
9270	0	589
9270	1	1771
9271	0	589
9271	1	108
9272	0	589
9272	1	1053
9273	0	589
9273	1	3995
9274	0	589
9274	1	1794
9275	2	2742
9276	2	2342
9277	2	4288
9278	0	3634
9278	1	2414
9279	0	3634
9279	1	108
9280	2	4197
9281	2	338
9282	2	3166
9283	2	4348
9284	2	377
9285	2	2906
9286	2	4669
9287	0	412
9287	1	1526
9288	0	412
9288	1	399
9289	0	412
9289	1	2870
9290	0	412
9290	1	3071
9291	0	807
9291	1	461
9292	0	807
9292	1	587
9293	0	941
9293	1	1384
9294	0	1913
9294	1	3475
9295	0	1913
9295	1	1754
9296	0	1913
9296	1	4755
9297	0	435
9297	1	11
9298	0	435
9298	1	3598
9299	0	435
9299	1	1969
9300	0	435
9300	1	3298
9301	0	435
9301	1	1021
9302	0	4621
9302	1	2974
9303	0	4621
9303	1	3995
9304	0	3986
9304	1	3682
9305	0	3986
9305	1	155
9306	2	1213
9307	2	4813
9308	2	2214
9309	2	4251
9310	2	4829
9311	2	4545
9312	2	5133
9313	2	3974
9314	2	4079
9315	2	2355
9316	2	785
9317	2	4309
9318	2	575
9319	2	1361
9320	2	4736
9321	2	3619
9322	2	246
9323	2	3605
9324	2	2349
9325	2	3494
9326	2	803
9327	0	4699
9327	1	4804
9328	0	4699
9328	1	2037
9329	0	4699
9329	1	859
9330	0	4699
9330	1	2220
9331	0	4699
9331	1	2775
9332	0	4699
9332	1	587
9333	0	4699
9333	1	4675
9334	0	4699
9334	1	1176
9335	0	4699
9335	1	369
9336	0	4699
9336	1	358
9337	0	4699
9337	1	1469
9338	2	3242
9339	2	5005
9340	2	4125
9341	2	984
9342	2	2626
9343	2	3984
9344	2	4871
9345	2	2476
9346	2	1854
9347	2	2780
9348	2	3551
9349	2	257
9350	2	1310
9351	2	666
9352	2	4867
9353	2	1406
9354	2	5118
9355	2	1970
9356	2	4966
9357	2	1766
9358	2	1191
9359	2	5038
9360	2	4403
9361	2	3558
9362	2	4164
9363	2	46
9364	2	3480
9365	2	4015
9366	2	1962
9367	2	183
9368	2	2094
9369	2	4703
9370	2	1835
9371	0	933
9371	1	2325
9372	2	49
9373	2	701
9374	2	1940
9375	2	2834
9376	2	1355
9377	2	958
9378	2	2111
9379	2	1757
9380	2	2491
9381	2	2905
9382	2	2998
9383	2	3915
9384	2	1120
9385	2	364
9386	2	2926
9387	2	4809
9388	2	4761
9389	2	498
9390	2	4162
9391	0	1607
9391	1	3890
9392	2	4442
9393	2	1015
9394	2	1531
9395	2	102
9396	2	3098
9397	2	4954
9398	2	3531
9399	2	1801
9400	2	2840
9401	0	1478
9401	1	3460
9402	0	1478
9402	1	4709
9403	0	1478
9403	1	4122
9404	0	2097
9404	1	2672
9405	0	4852
9405	1	3598
9406	0	4101
9406	1	2037
9407	0	4101
9407	1	816
9408	0	4101
9408	1	2068
9409	0	4101
9409	1	4948
9410	0	2507
9410	1	1469
9411	0	2507
9411	1	3799
9412	0	2507
9412	1	930
9413	0	2507
9413	1	581
9414	0	1544
9414	1	2070
9415	0	1544
9415	1	2435
9416	0	1544
9416	1	1257
9417	0	1544
9417	1	3281
9418	2	4833
9419	2	1700
9420	2	611
9421	0	3877
9421	1	4804
9422	0	3877
9422	1	4126
9423	0	3877
9423	1	2815
9424	0	549
9424	1	2767
9425	0	549
9425	1	3590
9426	0	549
9426	1	3031
9427	0	3591
9427	1	4482
9428	0	3591
9428	1	618
9429	0	3591
9429	1	1096
9430	2	3243
9431	2	329
9432	0	1181
9432	1	514
9433	0	1181
9433	1	4755
9434	0	1181
9434	1	1074
9435	0	1663
9435	1	2779
9436	0	1663
9436	1	399
9437	0	1663
9437	1	4948
9438	0	1663
9438	1	4038
9439	0	1663
9439	1	108
9440	0	1663
9440	1	1506
9441	2	2337
9442	2	1511
9443	0	5170
9443	1	1040
9444	0	5170
9444	1	1384
9445	0	5170
9445	1	3590
9446	0	5170
9446	1	1244
9447	0	5170
9447	1	1176
9448	0	5170
9448	1	4626
9449	0	5170
9449	1	631
9450	0	5170
9450	1	2325
9451	0	5170
9451	1	1158
9452	0	5170
9452	1	3799
9453	0	5170
9453	1	1794
9454	2	492
9455	2	2177
9456	2	2018
9457	0	4841
9457	1	4804
9458	0	4841
9458	1	4104
9459	0	4841
9459	1	1571
9460	2	4857
9461	0	3729
9461	1	3109
9462	0	3729
9462	1	3169
9463	0	3729
9463	1	3612
9464	0	3729
9464	1	1692
9465	2	1820
9466	2	2720
9467	2	4624
9468	2	4576
9469	2	264
9470	2	215
9471	2	1118
9472	2	4060
9473	2	849
9474	2	4090
9475	2	1522
9476	2	3574
9477	2	2365
9478	2	1329
9479	2	677
9480	2	144
9481	2	501
9482	0	4211
9482	1	957
9483	0	4211
9483	1	4639
9484	0	4211
9484	1	4027
9485	0	4211
9485	1	2799
9486	0	4211
9486	1	2971
9487	0	4211
9487	1	3599
9488	0	4211
9488	1	1599
9489	0	4211
9489	1	566
9490	0	4211
9490	1	1782
9491	0	4211
9491	1	2858
9492	0	4211
9492	1	4684
9493	0	4211
9493	1	2496
9494	0	4211
9494	1	3183
9495	0	4211
9495	1	425
9496	0	4211
9496	1	4122
9497	0	1727
9497	1	1074
9498	2	847
9499	2	87
9500	2	1935
9501	2	4552
9502	2	3749
9503	0	3469
9503	1	1040
9504	0	3469
9504	1	2155
9505	0	3469
9505	1	1244
9506	2	96
9507	2	2828
9508	2	683
9509	2	3239
9510	2	4040
9511	2	1041
9512	2	4826
9513	2	4332
9514	2	63
9515	2	92
9516	2	4230
9517	0	1178
9517	1	1257
9518	0	1178
9518	1	1577
9519	0	3428
9519	1	3446
9520	0	3428
9520	1	3129
9521	0	3428
9521	1	4104
9522	0	3428
9522	1	2013
9523	0	3428
9523	1	5177
9524	0	3428
9524	1	2616
9525	0	4473
9525	1	3298
9526	0	2299
9526	1	1961
9527	0	2303
9527	1	2408
9528	0	2303
9528	1	4626
9529	0	2303
9529	1	618
9530	0	2303
9530	1	578
9531	2	1170
9532	2	104
9533	0	4860
9533	1	3613
9534	0	4860
9534	1	3613
9535	0	4860
9535	1	3613
9536	0	4860
9536	1	3613
9537	0	4860
9537	1	3613
9538	0	4218
9538	1	2619
9539	0	4218
9539	1	816
9540	0	4218
9540	1	3967
9541	0	4218
9541	1	551
9542	0	3743
9542	1	3056
9543	0	1753
9543	1	3054
9544	0	1753
9544	1	3019
9545	0	1753
9545	1	3781
9546	2	1901
9547	2	617
9548	2	4287
9549	2	805
9550	2	2100
9551	2	4166
9552	2	3226
9553	2	3636
9554	2	3345
9555	2	4630
9556	2	2175
9557	0	1659
9557	1	2630
9558	0	1659
9558	1	3077
9559	0	1659
9559	1	957
9560	0	1659
9560	1	1566
9561	0	1659
9561	1	4619
9562	0	1659
9562	1	2218
9563	0	1659
9563	1	4016
9564	0	1659
9564	1	3931
9565	0	1659
9565	1	1027
9566	0	1659
9566	1	1457
9567	0	1659
9567	1	376
9568	0	1659
9568	1	2866
9569	0	1659
9569	1	1577
9570	0	1659
9570	1	2452
9571	0	863
9571	1	3815
9572	0	154
9572	1	4907
9573	0	154
9573	1	4584
9574	0	154
9574	1	3735
9575	0	154
9575	1	3031
9576	0	4201
9576	1	3109
9577	0	4201
9577	1	2775
9578	0	4201
9578	1	3031
9579	0	1833
9579	1	3539
9580	0	1833
9580	1	859
9581	0	1833
9581	1	80
9582	0	1069
9582	1	2689
9583	0	1069
9583	1	4043
9584	0	1069
9584	1	4619
9585	0	1069
9585	1	776
9586	0	1069
9586	1	503
9587	0	3497
9587	1	4027
9588	0	3497
9588	1	5098
9589	0	3497
9589	1	1476
9590	0	3497
9590	1	2830
9591	0	3497
9591	1	5177
9592	0	3497
9592	1	1158
9593	0	3497
9593	1	4947
9594	0	2657
9594	1	743
9595	0	2657
9595	1	930
9596	0	4058
9596	1	3598
9597	0	4058
9597	1	512
9598	0	4058
9598	1	3982
9599	0	4058
9599	1	3514
9600	0	4058
9600	1	4589
9601	0	4058
9601	1	503
9602	0	1989
9602	1	4043
9603	0	1989
9603	1	1506
9604	0	1388
9604	1	1891
9605	0	3318
9605	1	2951
9606	0	3318
9606	1	3995
9607	0	219
9607	1	3446
9608	0	219
9608	1	70
9609	0	219
9609	1	3109
9610	0	219
9610	1	2414
9611	0	219
9611	1	2949
9612	0	219
9612	1	4041
9613	0	219
9613	1	2700
9614	0	219
9614	1	4206
9615	0	219
9615	1	4810
9616	0	219
9616	1	421
9617	0	219
9617	1	779
9618	0	219
9618	1	5090
9619	2	53
9620	0	3084
9620	1	3031
9621	0	2331
9621	1	2689
9622	0	2331
9622	1	4012
9623	0	4413
9623	1	1558
9624	0	4413
9624	1	1040
9625	0	4413
9625	1	1891
9626	0	4413
9626	1	825
9627	0	4413
9627	1	2446
9628	0	884
9628	1	4271
9629	0	884
9629	1	4905
9630	0	884
9630	1	2277
9631	0	884
9631	1	3741
9632	0	884
9632	1	194
9633	0	884
9633	1	2105
9634	0	884
9634	1	4946
9635	0	884
9635	1	4379
9636	0	884
9636	1	4387
9637	0	884
9637	1	1185
9638	0	884
9638	1	3504
9639	0	884
9639	1	570
9640	0	884
9640	1	4901
9641	0	884
9641	1	5147
9642	0	884
9642	1	550
9643	0	884
9643	1	2938
9644	0	884
9644	1	802
9645	0	884
9645	1	413
9646	0	4902
9646	1	3598
9647	0	3121
9647	1	1571
9648	0	3121
9648	1	4569
9649	0	3479
9649	1	4907
9650	0	3479
9650	1	4260
9651	0	5086
9651	1	957
9652	0	5086
9652	1	4696
9653	0	5086
9653	1	512
9654	0	30
9654	1	2485
9655	0	30
9655	1	95
9656	0	30
9656	1	4087
9657	0	1232
9657	1	1013
9658	0	1232
9658	1	4420
9659	0	1232
9659	1	2325
9660	0	1232
9660	1	2864
9661	0	1232
9661	1	2866
9662	0	1232
9662	1	4569
9663	0	3758
9663	1	4543
9664	0	3758
9664	1	1891
9665	0	3758
9665	1	5050
9666	0	2212
9666	1	1571
9667	2	2565
9668	2	2420
9669	0	500
9669	1	3460
9670	0	500
9670	1	4836
9671	0	500
9671	1	816
9672	0	500
9672	1	5127
9673	0	500
9673	1	4684
9674	0	500
9674	1	4626
9675	0	500
9675	1	3006
9676	2	2953
9677	2	4394
9678	2	1007
9679	2	1567
9680	2	2783
9681	2	1472
9682	2	61
9683	2	1395
9684	2	3724
9685	2	2807
9686	2	4071
9687	2	396
9688	2	3867
9689	0	1367
9689	1	3109
9690	0	1367
9690	1	4543
9691	0	1367
9691	1	3019
9692	2	5020
9693	2	2477
9694	2	2877
9695	2	5081
9696	2	2933
9697	2	3389
9698	2	5077
9699	0	5062
9699	1	461
9700	0	5143
9700	1	859
9701	2	1850
9702	0	3260
9702	1	4836
9703	0	3260
9703	1	1599
9704	0	3260
9704	1	4399
9705	0	3260
9705	1	5127
9706	0	3260
9706	1	80
9707	2	4506
9708	0	3810
9708	1	340
9709	0	3810
9709	1	4399
9710	0	3810
9710	1	1295
9711	0	3810
9711	1	1053
9712	0	3810
9712	1	1212
9713	0	3810
9713	1	3056
9714	0	3810
9714	1	930
9715	0	1803
9715	1	2037
9716	0	1803
9716	1	2775
9717	0	1803
9717	1	1491
9718	0	1803
9718	1	4684
9719	0	5002
9719	1	4202
9720	0	2170
9720	1	1244
9721	0	2170
9721	1	3611
9722	2	3420
9723	2	1889
9724	2	3329
9725	2	436
9726	0	4233
9726	1	1891
9727	0	2092
9727	1	399
9728	0	2092
9728	1	4012
9729	0	3348
9729	1	399
9730	0	3348
9730	1	2870
9731	0	3348
9731	1	2325
9732	0	3348
9732	1	4755
9733	2	3147
9734	2	4509
9735	2	4062
9736	0	4701
9736	1	1558
9737	0	1726
9737	1	3539
9738	0	1726
9738	1	2325
9739	0	3266
9739	1	3539
9740	0	3266
9740	1	3475
9741	0	4436
9741	1	2623
9742	0	149
9742	1	1244
9743	0	149
9743	1	1571
9744	0	149
9744	1	4371
9745	2	426
9746	2	1988
9747	0	4913
9747	1	4709
9748	0	4913
9748	1	4471
9749	0	4913
9749	1	1295
9750	0	4913
9750	1	1822
9751	0	773
9751	1	1384
9752	0	773
9752	1	3010
9753	0	2163
9753	1	4543
9754	0	2163
9754	1	1692
9755	0	2163
9755	1	95
9756	0	2163
9756	1	5127
9757	0	2163
9757	1	3705
9758	0	2163
9758	1	503
9759	0	1517
9759	1	4696
9760	0	1517
9760	1	1891
9761	0	1517
9761	1	4999
9762	0	3751
9762	1	3735
9763	0	4377
9763	1	3109
9764	0	4377
9764	1	1978
9765	0	4377
9765	1	1053
9766	0	3550
9766	1	708
9767	0	3981
9767	1	4907
9768	0	3981
9768	1	4804
9769	0	3981
9769	1	3460
9770	2	4325
9771	0	4939
9771	1	3735
9772	0	4939
9772	1	503
9773	0	4939
9773	1	3860
9774	0	4817
9774	1	3539
9775	0	4817
9775	1	4087
9776	2	1991
9777	0	781
9777	1	4804
9778	0	781
9778	1	2220
9779	0	781
9779	1	1961
9780	0	781
9780	1	2774
9781	0	781
9781	1	95
9782	0	781
9782	1	3175
9783	0	781
9783	1	275
9784	2	1610
9785	0	1734
9785	1	70
9786	0	1734
9786	1	2155
9787	0	1734
9787	1	2779
9788	0	1734
9788	1	3797
9789	0	1734
9789	1	2679
9790	0	1734
9790	1	3071
9791	0	1734
9791	1	358
9792	0	1734
9792	1	618
9793	0	1734
9793	1	1469
9794	0	1734
9794	1	3514
9795	0	1734
9795	1	2815
9796	0	2738
9796	1	4202
9797	0	3001
9797	1	1558
9798	0	3001
9798	1	3598
9799	0	3001
9799	1	1642
9800	0	3001
9800	1	340
9801	0	3001
9801	1	2413
9802	0	3001
9802	1	3585
9803	0	3001
9803	1	1176
9804	2	1427
9805	2	532
9806	2	171
9807	2	2459
9808	2	1275
9809	2	2048
9810	2	1789
9811	2	1364
9812	2	508
9813	2	3313
9814	2	3990
9815	0	955
9815	1	2689
9816	0	955
9816	1	3460
9817	0	955
9817	1	1664
9818	0	955
9818	1	3514
9819	2	4092
9820	2	3063
9821	0	2282
9821	1	2864
9822	0	2282
9822	1	1794
9823	0	4942
9823	1	71
9824	0	4942
9824	1	253
9825	0	4942
9825	1	2039
9826	0	4942
9826	1	2173
9827	0	4942
9827	1	1074
9828	2	1945
9829	2	875
9830	2	3524
9831	2	4952
9832	2	1954
9833	0	1380
9833	1	675
9834	0	1380
9834	1	631
9835	0	1380
9835	1	4087
9836	0	647
9836	1	3816
9837	0	647
9837	1	71
9838	0	647
9838	1	4202
9839	0	647
9839	1	930
9840	0	1758
9840	1	216
9841	0	1758
9841	1	4696
9842	0	1758
9842	1	1754
9843	0	1758
9843	1	4450
9844	0	1758
9844	1	3805
9845	0	4141
9845	1	4012
9846	0	1079
9846	1	4907
9847	0	1079
9847	1	2129
9848	0	1079
9848	1	2446
9849	0	1214
9849	1	1794
9850	0	1593
9850	1	5037
9851	0	1593
9851	1	2621
9852	0	1593
9852	1	3603
9853	0	2997
9853	1	3816
9854	0	2997
9854	1	71
9855	0	2997
9855	1	461
9856	0	2997
9856	1	3175
9857	0	2997
9857	1	3995
9858	0	2997
9858	1	4087
9859	0	2997
9859	1	581
9860	2	798
9861	2	2970
9862	0	3527
9862	1	4006
9863	0	3527
9863	1	4027
9864	0	3527
9864	1	5098
9865	0	3527
9865	1	566
9866	0	3527
9866	1	378
9867	0	3527
9867	1	384
9868	0	3527
9868	1	971
9869	2	3067
9870	0	4943
9870	1	1040
9871	0	4943
9871	1	399
9872	0	4943
9872	1	1571
9873	0	4943
9873	1	108
9874	0	2526
9874	1	816
9875	0	2526
9875	1	4709
9876	0	2526
9876	1	318
9877	0	2526
9877	1	2974
9878	0	2526
9878	1	4967
9879	0	2526
9879	1	1571
9880	0	2526
9880	1	3585
9881	0	2526
9881	1	1742
9882	0	2526
9882	1	1295
9883	0	2526
9883	1	1794
9884	2	3008
9885	0	1855
9885	1	4043
9886	0	1855
9886	1	4399
9887	0	1855
9887	1	1469
9888	0	1855
9888	1	4755
9889	0	1141
9889	1	1244
9890	0	1141
9890	1	1876
9891	0	2040
9891	1	4619
9892	0	2249
9892	1	3705
9893	0	2249
9893	1	3805
9894	0	3785
9894	1	5132
9895	0	3785
9895	1	4059
9896	0	3785
9896	1	3261
9897	0	3785
9897	1	1961
9898	0	3785
9898	1	1604
9899	0	3785
9899	1	2974
9900	0	3785
9900	1	507
9901	0	3785
9901	1	856
9902	0	3785
9902	1	80
9903	0	3785
9903	1	3669
9904	0	3785
9904	1	1005
9905	0	3785
9905	1	3893
9906	0	3785
9906	1	4415
9907	0	3785
9907	1	2883
9908	0	3785
9908	1	2211
9909	0	3785
9909	1	4569
9910	0	3785
9910	1	1794
9911	2	2280
9912	0	1377
9912	1	2485
9913	0	1377
9913	1	5127
9914	0	1377
9914	1	615
9915	0	1377
9915	1	3735
9916	0	1377
9916	1	4466
9917	0	1377
9917	1	1074
9918	2	4106
9919	2	1391
9920	2	2500
9921	2	4083
9922	2	3836
9923	2	757
9924	0	4850
9924	1	2689
9925	0	4850
9925	1	1754
9926	0	4850
9926	1	512
9927	0	4850
9927	1	3799
9928	0	4850
9928	1	2098
9929	2	5088
9930	0	1751
9930	1	4450
9931	0	2376
9931	1	4202
9932	2	2570
9933	0	935
9933	1	1212
9934	0	935
9934	1	4755
9935	0	3667
9935	1	2761
9936	0	3667
9936	1	2874
9937	0	3667
9937	1	2689
9938	0	3667
9938	1	4006
9939	0	3667
9939	1	4423
9940	0	3667
9940	1	4659
9941	0	3667
9941	1	1599
9942	0	3667
9942	1	3804
9943	0	3667
9943	1	4464
9944	0	3667
9944	1	4995
9945	0	3667
9945	1	40
9946	0	3667
9946	1	2254
9947	0	3667
9947	1	155
9948	2	2911
9949	2	4542
9950	2	392
9951	2	3853
9952	0	2591
9952	1	2779
9953	2	2842
9954	0	846
9954	1	108
9955	2	732
9956	0	1762
9956	1	369
9957	0	1762
9957	1	3175
9958	0	1762
9958	1	2215
9959	2	3032
9960	2	2
9961	0	531
9961	1	461
9962	2	4424
9963	0	3213
9963	1	411
9964	0	3213
9964	1	4222
9965	0	3213
9965	1	2848
9966	0	3213
9966	1	3504
9967	0	3213
9967	1	2316
9968	2	4322
9969	0	3272
9969	1	3446
9970	0	3272
9970	1	2155
9971	0	3272
9971	1	1351
9972	0	3272
9972	1	4577
9973	0	3272
9973	1	5109
9974	0	3272
9974	1	3805
9975	0	3272
9975	1	4749
9976	0	3272
9976	1	578
9977	0	3272
9977	1	3999
9978	0	3272
9978	1	1096
9979	0	3272
9979	1	581
9980	0	4080
9980	1	1244
9981	0	3642
9981	1	1384
9982	0	3642
9982	1	318
9983	0	3642
9983	1	1176
9984	0	3642
9984	1	708
9985	0	3642
9985	1	4126
9986	0	3642
9986	1	2411
9987	0	3642
9987	1	873
9988	0	3642
9988	1	2325
9989	0	1977
9989	1	1822
9990	0	1977
9990	1	155
9991	0	1155
9991	1	4619
9992	0	1155
9992	1	3995
9993	0	1155
9993	1	2864
9994	2	4456
9995	0	1553
9995	1	1664
9996	0	4391
9996	1	4043
9997	0	2151
9997	1	1526
9998	0	2151
9998	1	4948
9999	0	2151
9999	1	3682
10000	0	3726
10000	1	71
10001	0	3726
10001	1	1599
10002	0	3726
10002	1	1257
10003	0	3726
10003	1	108
10004	0	3726
10004	1	425
10005	0	3726
10005	1	4122
10006	0	2651
10006	1	4804
10007	0	2651
10007	1	2775
10008	0	2651
10008	1	1692
10009	0	2651
10009	1	4466
10010	0	5025
10010	1	70
10011	0	5025
10011	1	3590
10012	0	1698
10012	1	2775
10013	2	2845
10014	0	5066
10014	1	4450
10015	0	5066
10015	1	3910
10016	0	5066
10016	1	3995
10017	0	345
10017	1	3169
10018	0	345
10018	1	4471
10019	0	345
10019	1	2408
10020	0	345
10020	1	3547
10021	0	1247
10021	1	2623
10022	2	3944
10023	0	4653
10023	1	121
10024	0	4653
10024	1	1611
10025	0	4653
10025	1	3047
10026	0	4653
10026	1	3228
10027	0	4653
10027	1	3603
10028	0	4653
10028	1	2679
10029	0	4653
10029	1	3512
10030	0	4653
10030	1	3882
10031	0	4653
10031	1	4518
10032	0	4653
10032	1	2616
10033	0	1346
10033	1	1384
10034	0	1346
10034	1	71
10035	0	1346
10035	1	4626
10036	0	2400
10036	1	2037
10037	0	2400
10037	1	3816
10038	0	2400
10038	1	4619
10039	0	2400
10039	1	4471
10040	0	2400
10040	1	2779
10041	0	2400
10041	1	3612
10042	0	2400
10042	1	4967
10043	0	633
10043	1	4463
10044	0	633
10044	1	4999
10045	0	633
10045	1	128
10046	0	633
10046	1	4938
10047	0	4620
10047	1	3175
10048	0	4620
10048	1	1074
10049	2	4236
10050	0	1956
10050	1	816
10051	0	1956
10051	1	708
10052	0	1956
10052	1	4012
10053	2	516
10054	2	1322
10055	2	456
10056	2	2498
10057	2	3914
10058	2	365
10059	2	3718
10060	2	3112
10061	0	721
10061	1	1571
10062	0	1888
10062	1	1244
10063	0	1888
10063	1	2510
10064	2	3246
10065	2	2536
10066	2	893
10067	2	2422
10068	2	2699
10069	2	3070
10070	0	3733
10070	1	3109
10071	0	3733
10071	1	2902
10072	0	3733
10072	1	776
10073	0	3733
10073	1	3735
10074	0	3733
10074	1	3995
10075	2	2764
10076	2	42
10077	2	3059
10078	2	284
10079	2	482
10080	2	4479
10081	2	1261
10082	2	4555
10083	2	4888
10084	2	4578
10085	2	35
10086	2	1272
10087	0	4068
10087	1	2098
10088	2	2061
10089	2	4183
10090	0	923
10090	1	4619
10091	0	923
10091	1	1571
10092	0	923
10092	1	3585
10093	0	923
10093	1	2245
10094	0	4444
10094	1	4804
10095	0	4444
10095	1	2810
10096	0	4444
10096	1	987
10097	0	4444
10097	1	2039
10098	0	4444
10098	1	4466
10099	0	4444
10099	1	734
10100	0	2607
10100	1	70
10101	0	2607
10101	1	2413
10102	0	2607
10102	1	2616
10103	2	3513
10104	2	1412
10105	0	4912
10105	1	4684
10106	0	4912
10106	1	1771
10107	0	4912
10107	1	3982
10108	0	4198
10108	1	4675
10109	0	4198
10109	1	2709
10110	0	4198
10110	1	358
10111	0	4198
10111	1	1158
10112	0	789
10112	1	4043
10113	0	2237
10113	1	2624
10114	0	2237
10114	1	1526
10115	0	2237
10115	1	3473
10116	0	2237
10116	1	615
10117	0	2237
10117	1	675
10118	0	2237
10118	1	3175
10119	0	2237
10119	1	1822
10120	2	1849
10121	2	4595
10122	2	2275
10123	2	5007
10124	0	3188
10124	1	2446
10125	0	4777
10125	1	675
10126	0	4777
10126	1	2866
10127	0	831
10127	1	4948
10128	0	4486
10128	1	816
10129	0	4486
10129	1	3931
10130	0	4486
10130	1	2679
10131	0	4486
10131	1	4450
10132	0	3403
10132	1	2689
10133	0	3403
10133	1	2155
10134	0	3403
10134	1	1212
10135	0	3403
10135	1	503
10136	2	842
10137	2	1998
10138	2	2811
10139	2	2587
10140	0	3083
10140	1	4399
10141	0	3083
10141	1	4967
10142	0	3083
10142	1	3797
10143	0	2988
10143	1	2173
10144	0	2988
10144	1	503
10145	0	2988
10145	1	4122
10146	2	3293
10147	2	2326
10148	2	463
10149	2	453
10150	2	759
10151	2	4705
10152	2	1628
10153	2	1712
10154	2	2556
10155	2	3203
10156	2	4398
10157	2	3294
10158	0	904
10158	1	2037
10159	0	904
10159	1	3473
10160	0	904
10160	1	128
10161	0	904
10161	1	1158
10162	0	904
10162	1	802
10163	0	904
10163	1	155
10164	0	1725
10164	1	859
10165	0	1725
10165	1	4659
10166	0	1725
10166	1	1571
10167	0	1725
10167	1	2068
10168	0	4235
10168	1	3797
10169	0	4235
10169	1	615
10170	0	3159
10170	1	1558
10171	0	3159
10171	1	4466
10172	0	3159
10172	1	4202
10173	0	3464
10173	1	2672
10174	2	3427
10175	2	114
10176	2	4790
10177	2	4796
10178	2	125
10179	2	571
10180	2	360
10181	2	5164
10182	2	2356
10183	2	4877
10184	2	1382
10185	2	4002
10186	2	2753
10187	2	1006
10188	2	4131
10189	0	4378
10189	1	2974
10190	0	4378
10190	1	1754
10191	0	4378
10191	1	128
10192	0	4378
10192	1	369
10193	0	4378
10193	1	2215
10194	0	4378
10194	1	4755
10195	0	4378
10195	1	2446
10196	0	1680
10196	1	2220
10197	0	1680
10197	1	816
10198	0	1680
10198	1	2870
10199	0	1680
10199	1	615
10200	0	2958
10200	1	825
10201	0	2958
10201	1	3735
10202	2	4729
10203	2	3089
10204	0	751
10204	1	587
10205	0	751
10205	1	4675
10206	0	751
10206	1	2830
10207	0	48
10207	1	1558
10208	0	48
10208	1	4059
10209	0	48
10209	1	972
10210	0	48
10210	1	4399
10211	0	48
10211	1	1748
10212	0	48
10212	1	722
10213	0	48
10213	1	1641
10214	0	48
10214	1	357
10215	0	48
10215	1	1158
10216	0	48
10216	1	1506
10217	0	48
10217	1	155
10218	2	3402
10219	2	980
10220	0	214
10220	1	1642
10221	0	214
10221	1	3735
10222	0	214
10222	1	3995
10223	0	214
10223	1	4466
10224	0	214
10224	1	4012
10225	0	214
10225	1	3799
10226	0	3996
10226	1	5129
10227	0	3996
10227	1	304
10228	0	3996
10228	1	1760
10229	0	3996
10229	1	2173
10230	2	242
10231	0	4880
10231	1	399
10232	0	4880
10232	1	5127
10233	0	4880
10233	1	2864
10234	0	2795
10234	1	4675
10235	0	2795
10235	1	1469
10236	0	3553
10236	1	4447
10237	2	981
10238	2	1356
10239	2	2028
10240	0	3283
10240	1	3298
10241	0	3283
10241	1	1571
10242	0	3283
10242	1	5127
10243	0	3283
10243	1	2325
10244	0	3283
10244	1	2098
10245	0	3283
10245	1	3860
10246	0	4158
10246	1	957
10247	0	4158
10247	1	3042
10248	0	4158
10248	1	2485
10249	0	4158
10249	1	1053
10250	0	4158
10250	1	2510
10251	0	4158
10251	1	2071
10252	2	652
10253	2	3765
10254	2	3232
10255	2	3137
10256	2	3888
10257	2	3978
10258	2	3297
10259	2	853
10260	2	1220
10261	2	2077
10262	2	4956
10263	2	126
10264	2	576
10265	2	2967
10266	2	2713
10267	2	765
10268	2	2743
10269	0	117
10269	1	108
10270	2	4199
10271	0	3865
10271	1	4043
10272	0	604
10272	1	4420
10273	0	604
10273	1	2071
10274	0	604
10274	1	275
10275	0	4650
10275	1	1891
10276	0	4650
10276	1	2974
10277	0	4650
10277	1	425
10278	0	1994
10278	1	3031
10279	2	1744
10280	2	2835
10281	0	4179
10281	1	1692
10282	0	4179
10282	1	1771
10283	0	3693
10283	1	2767
10284	0	3693
10284	1	4260
10285	0	3693
10285	1	1891
10286	0	3693
10286	1	825
10287	0	3693
10287	1	1748
10288	0	3693
10288	1	708
10289	0	3693
10289	1	1822
10290	0	4831
10290	1	1384
10291	0	4831
10291	1	2775
10292	0	4831
10292	1	2068
10293	0	4831
10293	1	2325
10294	2	1877
10295	2	627
10296	0	4936
10296	1	1244
10297	0	4936
10297	1	3010
10298	0	1100
10298	1	1384
10299	0	1100
10299	1	2619
10300	0	1100
10300	1	253
10301	0	1100
10301	1	1176
10302	0	1100
10302	1	4684
10303	0	1100
10303	1	3547
10304	0	1100
10304	1	1158
10305	0	1100
10305	1	425
10306	0	1100
10306	1	3860
10307	2	3701
10308	2	4529
10309	0	1219
10309	1	2510
10310	2	1152
10311	2	1868
10312	2	1984
10313	0	3105
10313	1	4732
10314	0	3105
10314	1	578
10315	0	3105
10315	1	3019
10316	0	4489
10316	1	4202
10317	2	2197
10318	2	1551
10319	2	1860
10320	0	3980
10320	1	3010
10321	0	3980
10321	1	2098
10322	2	1499
10323	2	505
10324	2	27
10325	2	33
10326	2	6
10327	2	1660
10328	2	4742
10329	2	4210
10330	2	911
10331	2	4285
10332	2	2456
10333	2	1099
10334	2	4033
10335	2	3883
10336	0	4806
10336	1	1244
10337	0	4806
10337	1	1692
10338	0	4806
10338	1	3910
10339	0	4806
10339	1	2864
10340	2	3685
10341	0	2130
10341	1	4639
10342	0	2130
10342	1	216
10343	0	2130
10343	1	2696
10344	0	2130
10344	1	905
10345	0	2130
10345	1	4809
10346	0	2130
10346	1	1212
10347	0	1625
10347	1	512
10348	0	441
10348	1	2037
10349	0	441
10349	1	4478
10350	0	2969
10350	1	4907
10351	0	2969
10351	1	1558
10352	0	2969
10352	1	2414
10353	0	2969
10353	1	1692
10354	0	2969
10354	1	3010
10355	0	2969
10355	1	4675
10356	0	2969
10356	1	512
10357	0	2969
10357	1	1053
10358	0	3753
10358	1	859
10359	0	3753
10359	1	4471
10360	0	3753
10360	1	95
10361	0	3753
10361	1	369
10362	0	3753
10362	1	1053
10363	0	3753
10363	1	3998
10364	0	3753
10364	1	2098
10365	0	3753
10365	1	581
10366	2	3458
10367	2	2665
10368	2	3573
10369	2	2256
10370	0	1738
10370	1	1469
10371	0	1738
10371	1	581
10372	0	2727
10372	1	1692
10373	0	1414
10373	1	70
10374	0	1414
10374	1	2220
10375	0	1414
10375	1	4420
10376	0	1414
10376	1	816
10377	0	1414
10377	1	2485
10378	0	1414
10378	1	2779
10379	0	1414
10379	1	2623
10380	0	130
10380	1	4967
10381	0	130
10381	1	2830
10382	0	4618
10382	1	3705
10383	0	4618
10383	1	1096
10384	2	2853
10385	2	311
10386	2	1500
10387	0	964
10387	1	1040
10388	0	964
10388	1	4087
10389	2	2601
10390	0	3053
10390	1	4907
10391	0	3053
10391	1	3010
10392	2	4194
10393	0	3953
10393	1	4043
10394	0	3953
10394	1	399
10395	0	3953
10395	1	1978
10396	2	4926
10397	0	1090
10397	1	2775
10398	0	2564
10398	1	2068
10399	0	5047
10399	1	3705
10400	0	2694
10400	1	973
10401	2	5130
10402	0	1194
10402	1	550
10403	2	3296
10404	2	458
10405	2	1826
10406	0	2080
10406	1	2774
10407	0	2080
10407	1	708
10408	0	2080
10408	1	3910
10409	2	4067
10410	2	410
10411	0	2661
10411	1	1558
10412	0	2661
10412	1	2689
10413	0	2661
10413	1	2037
10414	0	2661
10414	1	3539
10415	0	2661
10415	1	4732
10416	0	2661
10416	1	1013
10417	0	2661
10417	1	318
10418	0	2661
10418	1	3585
10419	2	1617
10420	2	320
10421	2	2167
10422	2	1228
10423	0	918
10423	1	5132
10424	0	918
10424	1	3995
10425	0	918
10425	1	4466
10426	2	2252
10427	0	4135
10427	1	2446
10428	2	4283
10429	2	1723
10430	2	1028
10431	2	1078
10432	2	4609
10433	2	1145
10434	2	34
10435	2	4623
10436	0	3153
10436	1	4709
10437	0	3153
10437	1	3475
10438	0	3153
10438	1	2870
10439	0	3153
10439	1	2098
10440	2	1024
10441	2	1972
10442	2	3236
10443	2	1426
10444	2	1644
10445	0	2908
10445	1	1244
10446	0	2908
10446	1	2870
10447	0	2908
10447	1	2427
10448	0	2908
10448	1	3031
10449	2	4121
10450	2	2551
10451	2	653
10452	2	3715
10453	2	4851
10454	2	1594
10455	2	3626
10456	0	2133
10456	1	2013
10457	0	2133
10457	1	2277
10458	0	2133
10458	1	1257
10459	0	2133
10459	1	1978
10460	0	2133
10460	1	551
10461	0	2133
10461	1	4862
10462	0	2819
10462	1	4619
10463	0	2819
10463	1	4038
10464	2	2131
10465	2	752
10466	2	4575
10467	2	3115
10468	2	1439
10469	2	1847
10470	2	4221
10471	2	3866
10472	2	132
10473	0	1569
10473	1	1013
10474	0	1569
10474	1	461
10475	2	4549
10476	2	476
10477	2	1016
10478	2	1765
10479	2	3559
10480	2	83
10481	2	540
10482	2	3035
10483	2	1858
10484	2	794
10485	2	3704
10486	2	2681
10487	2	3144
